ggml_cuda_init: found 1 CUDA devices (Total VRAM: 24080 MiB):
  Device 0: NVIDIA GeForce RTX 4090, compute capability 8.9, VMM: yes, VRAM: 24080 MiB
dense backend: CUDA0
context cap 140 tokens
tier: gpu, 1900 resident slots, arena 60.0 GiB (9102 experts), file tier 1826; load 88.9 s
[chk] L0 e5 pcie rel 2.355e-02
[chk] L0 e20 pcie rel 2.607e-02
[chk] L0 e136 pcie rel 2.499e-02
[chk] L1 e239 pcie rel 2.301e-02
[chk] L1 e178 hit  rel 1.929e-02
[chk] L1 e100 pcie rel 2.137e-02
[chk] L2 e210 pcie rel 2.137e-02
[chk] L2 e40 pcie rel 2.604e-02
[chk] L2 e68 pcie rel 2.012e-02
[chk] L3 e247 hit  rel 2.325e-02
[chk] L3 e143 hit  rel 2.205e-02
[chk] L3 e67 hit  rel 2.095e-02
[chk] L3 e118 hit  rel 2.223e-02
[chk] L3 e117 pcie rel 2.348e-02
[chk] L4 e170 hit  rel 2.182e-02
[chk] L4 e182 pcie rel 2.135e-02
[chk] L4 e223 hit  rel 2.105e-02
[chk] L5 e80 pcie rel 2.126e-02
[chk] L5 e230 pcie rel 2.069e-02
[chk] L5 e84 hit  rel 2.113e-02
[chk] L6 e66 pcie rel 2.197e-02
[chk] L6 e36 hit  rel 2.105e-02
[chk] L6 e216 hit  rel 1.955e-02
[chk] L6 e189 pcie rel 1.990e-02
[chk] L7 e0 pcie rel 2.140e-02
[chk] L7 e15 pcie rel 2.013e-02
[chk] L7 e192 pcie rel 2.199e-02
[chk] L8 e20 hit  rel 1.285e-02
[chk] L8 e91 hit  rel 2.076e-02
[chk] L8 e90 hit  rel 2.074e-02
[chk] L8 e192 hit  rel 2.131e-02
[chk] L8 e49 pcie rel 1.941e-02
[chk] L9 e93 pcie rel 2.118e-02
[chk] L9 e207 pcie rel 2.143e-02
[chk] L9 e138 pcie rel 2.372e-02
[chk] L10 e8 hit  rel 8.237e-03
[chk] L10 e241 hit  rel 1.831e-02
[chk] L10 e206 pcie rel 2.054e-02
[chk] L10 e186 hit  rel 2.015e-02
[chk] L11 e46 pcie rel 1.897e-02
[chk] L11 e120 pcie rel 1.942e-02
[chk] L11 e147 pcie rel 2.062e-02
[chk] L12 e80 hit  rel 1.081e-02
[chk] L12 e169 hit  rel 2.180e-02
[chk] L12 e229 hit  rel 2.087e-02
[chk] L13 e129 hit  rel 8.144e-03
[chk] L13 e155 pcie rel 2.180e-02
[chk] L13 e177 pcie rel 2.006e-02
[chk] L13 e106 hit  rel 2.202e-02
[chk] L14 e164 hit  rel 2.146e-02
[chk] L14 e147 hit  rel 2.565e-02
[chk] L14 e225 pcie rel 2.192e-02
[chk] L14 e21 hit  rel 2.068e-02
[chk] L14 e14 pcie rel 2.934e-02
[chk] L15 e24 pcie rel 1.977e-02
[chk] L15 e90 hit  rel 2.163e-02
[chk] L15 e88 pcie rel 1.991e-02
[chk] L15 e6 hit  rel 2.056e-02
[chk] L16 e250 hit  rel 2.263e-02
[chk] L16 e165 hit  rel 2.552e-02
[chk] L16 e10 pcie rel 2.484e-02
[chk] L17 e181 hit  rel 1.881e-02
[chk] L17 e113 hit  rel 2.334e-02
[chk] L17 e68 hit  rel 2.116e-02
[chk] L17 e27 pcie rel 1.978e-02
[chk] L18 e186 pcie rel 2.163e-02
[chk] L18 e74 hit  rel 2.239e-02
[chk] L18 e152 hit  rel 2.230e-02
[chk] L18 e193 hit  rel 2.493e-02
[chk] L18 e99 hit  rel 2.488e-02
[chk] L19 e141 hit  rel 2.280e-02
[chk] L19 e38 pcie rel 2.738e-02
[chk] L19 e110 hit  rel 1.884e-02
[chk] L19 e224 hit  rel 2.007e-02
[chk] L19 e77 hit  rel 1.791e-02
[chk] L19 e140 hit  rel 2.143e-02
[chk] L20 e86 hit  rel 8.722e-03
[chk] L20 e63 hit  rel 2.392e-02
[chk] L20 e109 hit  rel 2.200e-02
[chk] L20 e113 pcie rel 2.173e-02
[chk] L21 e158 hit  rel 2.275e-02
[chk] L21 e129 hit  rel 2.167e-02
[chk] L21 e167 pcie rel 2.190e-02
[chk] L21 e125 pcie rel 2.089e-02
[chk] L21 e93 hit  rel 2.016e-02
[chk] L22 e64 hit  rel 2.054e-02
[chk] L22 e183 pcie rel 2.575e-02
[chk] L22 e92 pcie rel 2.032e-02
[chk] L23 e236 hit  rel 2.250e-02
[chk] L23 e105 pcie rel 2.195e-02
[chk] L23 e212 pcie rel 1.914e-02
[chk] L24 e156 hit  rel 2.010e-02
[chk] L24 e29 pcie rel 2.190e-02
[chk] L24 e96 hit  rel 1.970e-02
[chk] L24 e106 pcie rel 1.903e-02
[chk] L25 e60 hit  rel 2.557e-02
[chk] L25 e64 hit  rel 2.162e-02
[chk] L25 e244 pcie rel 1.907e-02
[chk] L25 e169 pcie rel 2.079e-02
[chk] L26 e63 hit  rel 1.930e-02
[chk] L26 e167 hit  rel 2.118e-02
[chk] L26 e113 pcie rel 1.877e-02
[chk] L26 e48 pcie rel 2.079e-02
[chk] L27 e233 hit  rel 6.099e-03
[chk] L27 e240 pcie rel 2.134e-02
[chk] L27 e128 hit  rel 1.887e-02
[chk] L27 e203 hit  rel 2.283e-02
[chk] L27 e148 hit  rel 2.239e-02
[chk] L28 e218 hit  rel 1.963e-02
[chk] L28 e239 pcie rel 2.077e-02
[chk] L28 e88 pcie rel 1.065e-02
[chk] L28 e94 pcie rel 2.050e-02
[chk] L29 e180 hit  rel 2.424e-02
[chk] L29 e55 hit  rel 1.939e-02
[chk] L29 e51 pcie rel 1.980e-02
[chk] L29 e130 hit  rel 2.003e-02
[chk] L30 e104 hit  rel 2.246e-02
[chk] L30 e90 pcie rel 2.026e-02
[chk] L30 e30 pcie rel 2.128e-02
[chk] L31 e182 pcie rel 2.399e-03
[chk] L31 e207 pcie rel 2.072e-02
[chk] L32 e19 hit  rel 2.745e-02
[chk] L32 e95 hit  rel 1.962e-02
[chk] L32 e8 hit  rel 2.339e-02
[chk] L32 e229 pcie rel 2.333e-02
[chk] L32 e147 hit  rel 2.047e-02
[chk] L33 e9 pcie rel 2.341e-02
[chk] L33 e189 pcie rel 2.320e-02
[chk] L34 e177 pcie rel 2.098e-02
[chk] L34 e147 pcie rel 2.005e-02
[chk] L34 e121 pcie rel 2.023e-02
[chk] L35 e129 pcie rel 2.301e-02
[chk] L35 e82 hit  rel 2.423e-02
[chk] L35 e94 pcie rel 2.334e-02
[chk] L35 e163 pcie rel 2.505e-02
[chk] L36 e212 hit  rel 2.255e-02
[chk] L36 e118 pcie rel 2.224e-02
[chk] L36 e32 pcie rel 2.321e-02
[chk] L36 e248 hit  rel 2.436e-02
[chk] L37 e30 pcie rel 2.238e-02
[chk] L37 e75 pcie rel 2.197e-02
[chk] L38 e180 pcie rel 2.293e-02
[chk] L38 e115 hit  rel 2.099e-02
[chk] L38 e202 pcie rel 2.401e-02
[chk] L38 e242 hit  rel 2.249e-02
[chk] L39 e64 hit  rel 1.189e-02
[chk] L39 e225 pcie rel 2.547e-02
[chk] L39 e89 pcie rel 2.173e-02
[chk] L40 e19 hit  rel 2.498e-02
[chk] L40 e30 hit  rel 2.358e-02
[chk] L40 e247 hit  rel 2.283e-02
[chk] L40 e7 pcie rel 1.185e-02
[chk] L41 e177 pcie rel 2.286e-02
[chk] L41 e88 pcie rel 2.343e-02
[chk] L42 e26 hit  rel 9.728e-04
[chk] L42 e131 pcie rel 4.639e-03
[chk] L42 e41 pcie rel 7.342e-03
ggml_backend_cuda_graph_compute: CUDA graph warmup complete
ggml_backend_cuda_graph_compute: CUDA graph warmup complete
[chk] L0 e51 hit  rel 2.047e-02
[chk] L0 e29 hit  rel 2.572e-02
[chk] L0 e199 pcie rel 1.901e-02
[chk] L0 e1 pcie rel 1.894e-02
ggml_backend_cuda_graph_compute: CUDA graph warmup complete
ggml_backend_cuda_graph_compute: CUDA graph warmup complete
[chk] L1 e164 hit  rel 2.041e-02
[chk] L1 e208 pcie rel 1.968e-02
[chk] L1 e176 pcie rel 1.921e-02
ggml_backend_cuda_graph_compute: CUDA graph warmup complete
ggml_backend_cuda_graph_compute: CUDA graph warmup complete
[chk] L2 e55 hit  rel 1.996e-02
[chk] L2 e37 pcie rel 2.056e-02
[chk] L2 e174 hit  rel 2.375e-02
[chk] L2 e48 hit  rel 1.793e-02
[chk] L2 e80 pcie rel 2.030e-02
ggml_backend_cuda_graph_compute: CUDA graph warmup complete
ggml_backend_cuda_graph_compute: CUDA graph warmup complete
[chk] L3 e107 hit  rel 2.143e-02
[chk] L3 e6 hit  rel 1.938e-02
[chk] L3 e237 hit  rel 2.393e-02
[chk] L3 e233 pcie rel 2.335e-02
[chk] L3 e137 hit  rel 1.955e-02
ggml_backend_cuda_graph_compute: CUDA graph warmup complete
ggml_backend_cuda_graph_compute: CUDA graph warmup complete
[chk] L4 e170 hit  rel 2.300e-02
[chk] L4 e223 hit  rel 1.880e-02
[chk] L4 e217 pcie rel 2.002e-02
ggml_backend_cuda_graph_compute: CUDA graph warmup complete
ggml_backend_cuda_graph_compute: CUDA graph warmup complete
[chk] L5 e42 hit  rel 2.010e-02
[chk] L5 e13 pcie rel 2.057e-02
[chk] L5 e180 pcie rel 1.820e-02
[chk] L5 e60 hit  rel 1.900e-02
ggml_backend_cuda_graph_compute: CUDA graph warmup complete
ggml_backend_cuda_graph_compute: CUDA graph warmup complete
[chk] L6 e224 hit  rel 2.194e-02
[chk] L6 e83 pcie rel 1.956e-02
[chk] L6 e236 hit  rel 2.688e-02
[chk] L6 e233 hit  rel 2.516e-02
[chk] L6 e10 hit  rel 1.929e-02
ggml_backend_cuda_graph_compute: CUDA graph warmup complete
ggml_backend_cuda_graph_compute: CUDA graph warmup complete
[chk] L7 e241 hit  rel 2.274e-02
[chk] L7 e204 pcie rel 2.365e-02
[chk] L7 e214 hit  rel 1.983e-02
[chk] L7 e22 pcie rel 2.024e-02
ggml_backend_cuda_graph_compute: CUDA graph warmup complete
ggml_backend_cuda_graph_compute: CUDA graph warmup complete
[chk] L8 e20 hit  rel 2.708e-02
[chk] L8 e106 hit  rel 2.020e-02
[chk] L8 e102 hit  rel 2.035e-02
[chk] L8 e113 pcie rel 2.115e-02
[chk] L8 e219 hit  rel 2.133e-02
ggml_backend_cuda_graph_compute: CUDA graph warmup complete
ggml_backend_cuda_graph_compute: CUDA graph warmup complete
[chk] L9 e235 hit  rel 1.980e-02
[chk] L9 e236 pcie rel 1.937e-02
[chk] L9 e106 hit  rel 2.063e-02
[chk] L9 e39 pcie rel 2.378e-02
ggml_backend_cuda_graph_compute: CUDA graph warmup complete
ggml_backend_cuda_graph_compute: CUDA graph warmup complete
[chk] L10 e150 hit  rel 2.072e-02
[chk] L10 e30 hit  rel 1.977e-02
[chk] L10 e218 pcie rel 1.940e-02
[chk] L10 e66 hit  rel 2.301e-02
ggml_backend_cuda_graph_compute: CUDA graph warmup complete
ggml_backend_cuda_graph_compute: CUDA graph warmup complete
[chk] L11 e118 pcie rel 2.558e-02
[chk] L11 e46 pcie rel 2.286e-02
[chk] L11 e41 hit  rel 1.776e-02
[chk] L11 e68 pcie rel 1.945e-02
ggml_backend_cuda_graph_compute: CUDA graph warmup complete
ggml_backend_cuda_graph_compute: CUDA graph warmup complete
[chk] L12 e19 hit  rel 1.790e-02
[chk] L12 e169 hit  rel 1.958e-02
[chk] L12 e221 hit  rel 1.973e-02
[chk] L12 e96 pcie rel 1.691e-02
ggml_backend_cuda_graph_compute: CUDA graph warmup complete
ggml_backend_cuda_graph_compute: CUDA graph warmup complete
[chk] L13 e155 pcie rel 2.172e-02
[chk] L13 e129 hit  rel 3.577e-02
[chk] L13 e72 hit  rel 1.826e-02
[chk] L13 e23 pcie rel 1.977e-02
[chk] L13 e198 hit  rel 2.158e-02
ggml_backend_cuda_graph_compute: CUDA graph warmup complete
ggml_backend_cuda_graph_compute: CUDA graph warmup complete
[chk] L14 e44 pcie rel 1.949e-02
[chk] L14 e59 pcie rel 2.021e-02
[chk] L14 e101 pcie rel 2.220e-02
ggml_backend_cuda_graph_compute: CUDA graph warmup complete
ggml_backend_cuda_graph_compute: CUDA graph warmup complete
[chk] L15 e207 hit  rel 2.789e-02
[chk] L15 e45 hit  rel 2.628e-02
[chk] L15 e188 hit  rel 2.252e-02
[chk] L15 e60 pcie rel 1.994e-02
ggml_backend_cuda_graph_compute: CUDA graph warmup complete
ggml_backend_cuda_graph_compute: CUDA graph warmup complete
[chk] L16 e12 hit  rel 2.673e-02
[chk] L16 e155 pcie rel 2.132e-02
[chk] L16 e81 hit  rel 2.039e-02
[chk] L16 e205 pcie rel 2.234e-02
ggml_backend_cuda_graph_compute: CUDA graph warmup complete
ggml_backend_cuda_graph_compute: CUDA graph warmup complete
[chk] L17 e5 hit  rel 1.331e-02
[chk] L17 e108 pcie rel 2.250e-02
[chk] L17 e198 pcie rel 2.162e-02
[chk] L17 e61 hit  rel 2.199e-02
ggml_backend_cuda_graph_compute: CUDA graph warmup complete
ggml_backend_cuda_graph_compute: CUDA graph warmup complete
[chk] L18 e167 pcie rel 2.201e-02
[chk] L18 e183 pcie rel 2.020e-02
[chk] L18 e193 hit  rel 2.182e-02
[chk] L18 e137 pcie rel 2.315e-02
ggml_backend_cuda_graph_compute: CUDA graph warmup complete
ggml_backend_cuda_graph_compute: CUDA graph warmup complete
[chk] L19 e254 hit  rel 2.747e-02
[chk] L19 e44 hit  rel 1.940e-02
[chk] L19 e160 hit  rel 2.082e-02
[chk] L19 e110 hit  rel 2.085e-02
[chk] L19 e121 pcie rel 2.011e-02
ggml_backend_cuda_graph_compute: CUDA graph warmup complete
ggml_backend_cuda_graph_compute: CUDA graph warmup complete
[chk] L20 e191 hit  rel 2.332e-02
[chk] L20 e184 hit  rel 2.350e-02
[chk] L20 e171 pcie rel 3.047e-02
[chk] L20 e137 hit  rel 2.595e-02
[chk] L20 e128 hit  rel 2.093e-02
ggml_backend_cuda_graph_compute: CUDA graph warmup complete
ggml_backend_cuda_graph_compute: CUDA graph warmup complete
[chk] L21 e142 hit  rel 2.147e-02
[chk] L21 e49 hit  rel 2.442e-02
[chk] L21 e65 hit  rel 2.119e-02
[chk] L21 e193 hit  rel 1.913e-02
[chk] L21 e98 hit  rel 2.276e-02
ggml_backend_cuda_graph_compute: CUDA graph warmup complete
ggml_backend_cuda_graph_compute: CUDA graph warmup complete
[chk] L22 e64 hit  rel 2.460e-02
[chk] L22 e97 pcie rel 2.078e-02
[chk] L22 e197 hit  rel 1.815e-02
[chk] L22 e166 pcie rel 2.082e-02
ggml_backend_cuda_graph_compute: CUDA graph warmup complete
ggml_backend_cuda_graph_compute: CUDA graph warmup complete
[chk] L23 e1 pcie rel 2.248e-02
[chk] L23 e32 pcie rel 2.119e-02
ggml_backend_cuda_graph_compute: CUDA graph warmup complete
ggml_backend_cuda_graph_compute: CUDA graph warmup complete
[chk] L24 e134 hit  rel 2.186e-02
[chk] L24 e119 pcie rel 1.960e-02
[chk] L24 e132 hit  rel 2.108e-02
[chk] L24 e135 pcie rel 2.228e-02
[chk] L24 e36 hit  rel 2.198e-02
ggml_backend_cuda_graph_compute: CUDA graph warmup complete
ggml_backend_cuda_graph_compute: CUDA graph warmup complete
[chk] L25 e250 hit  rel 2.067e-02
[chk] L25 e43 hit  rel 2.268e-02
[chk] L25 e175 pcie rel 2.118e-02
[chk] L25 e243 hit  rel 2.142e-02
ggml_backend_cuda_graph_compute: CUDA graph warmup complete
ggml_backend_cuda_graph_compute: CUDA graph warmup complete
[chk] L26 e88 hit  rel 2.195e-02
[chk] L26 e239 pcie rel 2.208e-02
[chk] L26 e201 pcie rel 2.412e-02
ggml_backend_cuda_graph_compute: CUDA graph warmup complete
ggml_backend_cuda_graph_compute: CUDA graph warmup complete
[chk] L27 e53 pcie rel 1.993e-02
[chk] L27 e73 hit  rel 2.074e-02
[chk] L27 e176 pcie rel 2.056e-02
[chk] L27 e145 hit  rel 2.009e-02
ggml_backend_cuda_graph_compute: CUDA graph warmup complete
ggml_backend_cuda_graph_compute: CUDA graph warmup complete
[chk] L28 e132 pcie rel 2.344e-02
[chk] L28 e209 hit  rel 2.351e-02
[chk] L28 e125 pcie rel 1.865e-02
ggml_backend_cuda_graph_compute: CUDA graph warmup complete
ggml_backend_cuda_graph_compute: CUDA graph warmup complete
[chk] L29 e76 hit  rel 2.074e-02
[chk] L29 e57 hit  rel 1.880e-02
[chk] L29 e43 pcie rel 2.404e-02
[chk] L29 e176 pcie rel 2.285e-02
ggml_backend_cuda_graph_compute: CUDA graph warmup complete
ggml_backend_cuda_graph_compute: CUDA graph warmup complete
[chk] L30 e36 hit  rel 2.270e-02
[chk] L30 e23 pcie rel 2.107e-02
[chk] L30 e218 pcie rel 2.122e-02
[chk] L30 e82 hit  rel 2.096e-02
ggml_backend_cuda_graph_compute: CUDA graph warmup complete
ggml_backend_cuda_graph_compute: CUDA graph warmup complete
[chk] L31 e169 hit  rel 2.241e-02
[chk] L31 e208 hit  rel 2.498e-02
[chk] L31 e237 pcie rel 2.064e-02
[chk] L31 e52 pcie rel 2.128e-02
ggml_backend_cuda_graph_compute: CUDA graph warmup complete
ggml_backend_cuda_graph_compute: CUDA graph warmup complete
[chk] L32 e221 hit  rel 2.241e-02
[chk] L32 e152 pcie rel 2.248e-02
[chk] L32 e37 pcie rel 1.951e-02
[chk] L32 e164 hit  rel 2.645e-02
ggml_backend_cuda_graph_compute: CUDA graph warmup complete
ggml_backend_cuda_graph_compute: CUDA graph warmup complete
[chk] L33 e58 pcie rel 2.003e-02
[chk] L33 e75 pcie rel 2.195e-02
[chk] L33 e147 hit  rel 1.822e-02
ggml_backend_cuda_graph_compute: CUDA graph warmup complete
ggml_backend_cuda_graph_compute: CUDA graph warmup complete
[chk] L34 e8 pcie rel 2.080e-02
[chk] L34 e53 hit  rel 2.092e-02
[chk] L34 e113 hit  rel 2.434e-02
ggml_backend_cuda_graph_compute: CUDA graph warmup complete
ggml_backend_cuda_graph_compute: CUDA graph warmup complete
[chk] L35 e0 hit  rel 2.180e-02
[chk] L35 e142 hit  rel 2.240e-02
[chk] L35 e166 pcie rel 2.265e-02
[chk] L35 e188 pcie rel 1.935e-02
ggml_backend_cuda_graph_compute: CUDA graph warmup complete
ggml_backend_cuda_graph_compute: CUDA graph warmup complete
[chk] L36 e20 hit  rel 2.715e-02
[chk] L36 e76 hit  rel 2.009e-02
[chk] L36 e70 pcie rel 2.158e-02
[chk] L36 e102 pcie rel 2.595e-02
ggml_backend_cuda_graph_compute: CUDA graph warmup complete
ggml_backend_cuda_graph_compute: CUDA graph warmup complete
[chk] L37 e91 pcie rel 2.240e-02
[chk] L37 e225 hit  rel 2.131e-02
[chk] L37 e240 pcie rel 2.179e-02
[chk] L37 e70 hit  rel 1.930e-02
ggml_backend_cuda_graph_compute: CUDA graph warmup complete
ggml_backend_cuda_graph_compute: CUDA graph warmup complete
[chk] L38 e63 hit  rel 2.054e-02
[chk] L38 e47 hit  rel 1.743e-02
[chk] L38 e104 hit  rel 2.124e-02
[chk] L38 e148 pcie rel 2.081e-02
[chk] L38 e144 hit  rel 2.057e-02
ggml_backend_cuda_graph_compute: CUDA graph warmup complete
ggml_backend_cuda_graph_compute: CUDA graph warmup complete
[chk] L39 e139 hit  rel 2.307e-02
[chk] L39 e227 hit  rel 2.415e-02
[chk] L39 e63 hit  rel 2.193e-02
[chk] L39 e238 pcie rel 2.588e-02
[chk] L39 e11 hit  rel 2.544e-02
ggml_backend_cuda_graph_compute: CUDA graph warmup complete
ggml_backend_cuda_graph_compute: CUDA graph warmup complete
[chk] L40 e24 hit  rel 1.952e-02
[chk] L40 e22 hit  rel 2.318e-02
[chk] L40 e47 pcie rel 2.207e-02
[chk] L40 e163 hit  rel 2.181e-02
ggml_backend_cuda_graph_compute: CUDA graph warmup complete
ggml_backend_cuda_graph_compute: CUDA graph warmup complete
[chk] L41 e95 hit  rel 1.981e-02
[chk] L41 e160 hit  rel 2.611e-02
[chk] L41 e183 hit  rel 1.870e-02
[chk] L41 e52 pcie rel 2.339e-02
[chk] L41 e97 pcie rel 2.200e-02
ggml_backend_cuda_graph_compute: CUDA graph warmup complete
ggml_backend_cuda_graph_compute: CUDA graph warmup complete
[chk] L42 e15 hit  rel 1.692e-02
[chk] L42 e178 hit  rel 2.246e-02
[chk] L42 e137 pcie rel 1.940e-02
[chk] L42 e233 hit  rel 1.935e-02
ggml_backend_cuda_graph_compute: CUDA graph warmup complete
[chk] L0 e17 hit  rel 2.170e-02
[chk] L0 e242 pcie rel 2.239e-02
[chk] L0 e129 pcie rel 1.793e-02
[chk] L0 e3 pcie rel 1.928e-02
[chk] L1 e79 hit  rel 1.863e-02
[chk] L1 e232 hit  rel 2.269e-02
[chk] L1 e20 pcie rel 2.623e-02
[chk] L1 e169 pcie rel 2.015e-02
[chk] L2 e36 pcie rel 2.051e-02
[chk] L2 e149 pcie rel 1.904e-02
[chk] L2 e65 hit  rel 2.151e-02
[chk] L3 e188 hit  rel 2.548e-02
[chk] L3 e198 pcie rel 2.063e-02
[chk] L3 e237 hit  rel 2.623e-02
[chk] L3 e123 pcie rel 1.935e-02
[chk] L4 e39 pcie rel 2.245e-02
[chk] L4 e170 hit  rel 2.119e-02
[chk] L4 e38 hit  rel 2.106e-02
[chk] L4 e32 hit  rel 1.945e-02
[chk] L4 e26 pcie rel 2.106e-02
[chk] L5 e42 hit  rel 2.639e-02
[chk] L5 e8 pcie rel 1.929e-02
[chk] L5 e13 pcie rel 2.049e-02
[chk] L5 e79 hit  rel 2.879e-02
[chk] L6 e233 hit  rel 2.889e-02
[chk] L6 e166 hit  rel 2.129e-02
[chk] L6 e255 pcie rel 2.015e-02
[chk] L7 e160 hit  rel 2.483e-02
[chk] L7 e170 hit  rel 2.349e-02
[chk] L7 e93 hit  rel 1.960e-02
[chk] L7 e90 pcie rel 2.067e-02
[chk] L7 e187 pcie rel 2.016e-02
[chk] L8 e106 hit  rel 2.623e-02
[chk] L8 e239 hit  rel 2.447e-02
[chk] L8 e20 hit  rel 2.117e-02
[chk] L8 e105 hit  rel 1.803e-02
[chk] L8 e172 pcie rel 2.353e-02
[chk] L9 e219 hit  rel 2.066e-02
[chk] L9 e149 hit  rel 2.272e-02
[chk] L9 e230 hit  rel 2.519e-02
[chk] L9 e100 pcie rel 1.933e-02
[chk] L9 e221 hit  rel 2.085e-02
[chk] L10 e15 hit  rel 2.446e-02
[chk] L10 e19 hit  rel 1.849e-02
[chk] L10 e62 pcie rel 1.864e-02
[chk] L10 e150 hit  rel 2.174e-02
[chk] L11 e122 hit  rel 2.131e-02
[chk] L11 e165 pcie rel 1.911e-02
[chk] L11 e82 pcie rel 2.050e-02
[chk] L12 e127 hit  rel 2.172e-02
[chk] L12 e108 hit  rel 1.897e-02
[chk] L12 e190 pcie rel 2.018e-02
[chk] L12 e29 hit  rel 2.068e-02
[chk] L12 e19 hit  rel 2.631e-02
[chk] L13 e217 hit  rel 1.973e-02
[chk] L13 e191 hit  rel 2.190e-02
[chk] L13 e122 hit  rel 2.136e-02
[chk] L13 e41 pcie rel 1.994e-02
[chk] L14 e21 hit  rel 2.383e-02
[chk] L14 e131 pcie rel 1.934e-02
[chk] L14 e84 hit  rel 2.269e-02
[chk] L14 e242 hit  rel 1.983e-02
[chk] L15 e207 hit  rel 2.375e-02
[chk] L15 e53 hit  rel 1.984e-02
[chk] L15 e39 hit  rel 2.008e-02
[chk] L15 e204 pcie rel 2.501e-02
[chk] L15 e240 hit  rel 1.755e-02
[chk] L16 e2 hit  rel 1.979e-02
[chk] L16 e12 hit  rel 2.678e-02
[chk] L16 e57 pcie rel 2.144e-02
[chk] L16 e82 hit  rel 1.916e-02
[chk] L16 e248 hit  rel 2.243e-02
[chk] L17 e5 hit  rel 2.489e-02
[chk] L17 e68 hit  rel 2.326e-02
[chk] L17 e155 hit  rel 2.014e-02
[chk] L18 e167 pcie rel 2.240e-02
[chk] L18 e137 pcie rel 2.386e-02
[chk] L18 e37 pcie rel 2.058e-02
[chk] L19 e254 hit  rel 2.297e-02
[chk] L19 e13 hit  rel 2.556e-02
[chk] L19 e53 pcie rel 2.237e-02
[chk] L19 e110 hit  rel 2.488e-02
[chk] L20 e137 hit  rel 2.378e-02
[chk] L20 e219 pcie rel 2.505e-02
[chk] L20 e151 pcie rel 1.937e-02
[chk] L20 e3 hit  rel 2.329e-02
[chk] L21 e65 hit  rel 2.602e-02
[chk] L21 e59 hit  rel 2.151e-02
[chk] L21 e135 pcie rel 2.332e-02
[chk] L21 e142 hit  rel 1.832e-02
[chk] L21 e193 hit  rel 2.220e-02
[chk] L22 e181 hit  rel 1.859e-02
[chk] L22 e220 hit  rel 2.133e-02
[chk] L22 e223 hit  rel 2.108e-02
[chk] L22 e183 pcie rel 2.429e-02
[chk] L23 e2 hit  rel 2.233e-02
[chk] L23 e134 hit  rel 2.260e-02
[chk] L23 e29 pcie rel 2.142e-02
[chk] L23 e175 hit  rel 1.963e-02
[chk] L23 e248 hit  rel 1.985e-02
[chk] L24 e6 pcie rel 1.963e-02
[chk] L24 e162 hit  rel 2.098e-02
[chk] L24 e119 pcie rel 1.891e-02
[chk] L24 e120 pcie rel 1.940e-02
[chk] L25 e43 hit  rel 2.200e-02
[chk] L25 e4 pcie rel 2.375e-02
[chk] L25 e195 pcie rel 2.206e-02
[chk] L25 e5 hit  rel 2.272e-02
[chk] L26 e88 hit  rel 2.382e-02
[chk] L26 e202 hit  rel 2.117e-02
[chk] L26 e250 hit  rel 2.251e-02
[chk] L26 e208 pcie rel 2.316e-02
[chk] L27 e76 hit  rel 2.024e-02
[chk] L27 e177 pcie rel 2.221e-02
[chk] L27 e67 hit  rel 1.989e-02
[chk] L27 e84 hit  rel 2.254e-02
[chk] L27 e53 pcie rel 2.238e-02
[chk] L28 e209 hit  rel 2.134e-02
[chk] L28 e1 hit  rel 2.168e-02
[chk] L28 e18 hit  rel 2.059e-02
[chk] L28 e126 hit  rel 2.346e-02
[chk] L28 e132 pcie rel 2.038e-02
[chk] L29 e43 pcie rel 2.008e-02
[chk] L29 e131 pcie rel 2.147e-02
[chk] L29 e145 pcie rel 2.074e-02
[chk] L30 e62 hit  rel 2.184e-02
[chk] L30 e101 hit  rel 2.091e-02
[chk] L30 e36 hit  rel 2.260e-02
[chk] L30 e183 pcie rel 2.022e-02
[chk] L31 e89 hit  rel 2.143e-02
[chk] L31 e17 hit  rel 2.009e-02
[chk] L31 e129 hit  rel 2.157e-02
[chk] L31 e223 hit  rel 2.017e-02
[chk] L31 e237 pcie rel 2.164e-02
[chk] L32 e164 hit  rel 2.550e-02
[chk] L32 e221 hit  rel 2.030e-02
[chk] L32 e215 pcie rel 1.927e-02
[chk] L32 e205 pcie rel 2.095e-02
[chk] L33 e167 hit  rel 1.907e-02
[chk] L33 e211 pcie rel 2.248e-02
[chk] L33 e63 pcie rel 2.138e-02
[chk] L34 e113 hit  rel 2.102e-02
[chk] L34 e81 hit  rel 2.043e-02
[chk] L34 e93 pcie rel 2.167e-02
[chk] L34 e220 pcie rel 2.068e-02
[chk] L35 e142 hit  rel 2.207e-02
[chk] L35 e201 pcie rel 2.041e-02
[chk] L35 e143 hit  rel 2.235e-02
[chk] L35 e247 hit  rel 2.176e-02
[chk] L35 e123 pcie rel 2.170e-02
[chk] L36 e20 hit  rel 2.314e-02
[chk] L36 e136 hit  rel 2.085e-02
[chk] L36 e130 hit  rel 2.123e-02
[chk] L36 e220 hit  rel 2.214e-02
[chk] L36 e199 hit  rel 2.206e-02
[chk] L37 e178 hit  rel 2.030e-02
[chk] L37 e147 pcie rel 2.018e-02
[chk] L37 e216 pcie rel 2.104e-02
[chk] L38 e63 hit  rel 1.947e-02
[chk] L38 e11 hit  rel 2.104e-02
[chk] L38 e167 pcie rel 2.217e-02
[chk] L38 e49 pcie rel 2.094e-02
[chk] L39 e139 hit  rel 1.952e-02
[chk] L39 e223 hit  rel 2.182e-02
[chk] L39 e70 hit  rel 2.433e-02
[chk] L39 e101 pcie rel 2.134e-02
[chk] L40 e22 hit  rel 1.896e-02
[chk] L40 e24 hit  rel 1.606e-02
[chk] L40 e180 pcie rel 2.206e-02
[chk] L40 e59 pcie rel 2.065e-02
[chk] L41 e239 hit  rel 2.151e-02
[chk] L41 e236 hit  rel 2.440e-02
[chk] L41 e171 pcie rel 1.945e-02
[chk] L41 e237 pcie rel 2.171e-02
[chk] L41 e160 hit  rel 2.176e-02
[chk] L42 e180 hit  rel 2.114e-02
[chk] L42 e15 hit  rel 1.667e-02
[chk] L42 e216 hit  rel 1.919e-02
[chk] L42 e225 hit  rel 1.804e-02
[chk] L42 e21 pcie rel 1.840e-02
[chk] L0 e178 hit  rel 1.997e-02
[chk] L0 e173 pcie rel 2.131e-02
[chk] L0 e217 pcie rel 2.268e-02
[chk] L0 e44 hit  rel 2.690e-02
[chk] L1 e229 hit  rel 1.824e-02
[chk] L1 e222 pcie rel 1.975e-02
[chk] L1 e117 pcie rel 1.979e-02
[chk] L2 e55 hit  rel 1.917e-02
[chk] L2 e63 hit  rel 2.335e-02
[chk] L2 e178 pcie rel 2.031e-02
[chk] L2 e145 pcie rel 1.982e-02
[chk] L3 e188 hit  rel 2.498e-02
[chk] L3 e52 pcie rel 1.947e-02
[chk] L3 e250 pcie rel 1.971e-02
[chk] L3 e233 pcie rel 2.210e-02
[chk] L4 e32 hit  rel 1.925e-02
[chk] L4 e177 pcie rel 1.894e-02
[chk] L4 e170 hit  rel 2.319e-02
[chk] L4 e91 hit  rel 1.913e-02
[chk] L5 e42 hit  rel 2.454e-02
[chk] L5 e14 hit  rel 2.180e-02
[chk] L5 e148 pcie rel 2.521e-02
[chk] L5 e60 hit  rel 2.673e-02
[chk] L5 e126 pcie rel 2.269e-02
[chk] L6 e233 hit  rel 1.983e-02
[chk] L6 e50 hit  rel 2.485e-02
[chk] L6 e224 hit  rel 2.984e-02
[chk] L6 e5 hit  rel 2.752e-02
[chk] L7 e160 hit  rel 2.657e-02
[chk] L7 e90 pcie rel 2.496e-02
[chk] L7 e170 hit  rel 2.880e-02
[chk] L7 e93 hit  rel 2.288e-02
[chk] L7 e214 hit  rel 2.153e-02
[chk] L8 e239 hit  rel 2.251e-02
[chk] L8 e106 hit  rel 2.374e-02
[chk] L8 e105 hit  rel 2.163e-02
[chk] L8 e168 hit  rel 2.749e-02
[chk] L8 e31 pcie rel 2.005e-02
[chk] L9 e100 pcie rel 2.246e-02
[chk] L9 e219 hit  rel 1.992e-02
[chk] L9 e149 hit  rel 1.847e-02
[chk] L9 e186 hit  rel 2.566e-02
[chk] L9 e226 hit  rel 2.402e-02
[chk] L9 e78 hit  rel 2.071e-02
[chk] L10 e15 hit  rel 2.140e-02
[chk] L10 e150 hit  rel 1.820e-02
[chk] L10 e37 pcie rel 1.761e-02
[chk] L11 e7 hit  rel 2.571e-02
[chk] L11 e185 hit  rel 1.821e-02
[chk] L11 e117 pcie rel 2.163e-02
[chk] L11 e237 pcie rel 1.980e-02
[chk] L12 e127 hit  rel 2.393e-02
[chk] L12 e100 hit  rel 1.711e-02
[chk] L12 e229 hit  rel 2.394e-02
[chk] L12 e190 pcie rel 1.874e-02
[chk] L13 e122 hit  rel 2.037e-02
[chk] L13 e165 hit  rel 1.825e-02
[chk] L13 e75 pcie rel 2.007e-02
[chk] L13 e191 hit  rel 2.044e-02
[chk] L14 e56 hit  rel 2.321e-02
[chk] L14 e21 hit  rel 2.253e-02
[chk] L14 e236 pcie rel 1.873e-02
[chk] L14 e84 hit  rel 1.776e-02
[chk] L14 e132 hit  rel 2.101e-02
[chk] L15 e53 hit  rel 2.037e-02
[chk] L15 e207 hit  rel 2.224e-02
[chk] L15 e240 hit  rel 1.728e-02
[chk] L15 e188 hit  rel 2.032e-02
[chk] L15 e160 pcie rel 1.881e-02
[chk] L16 e2 hit  rel 1.891e-02
[chk] L16 e13 pcie rel 1.720e-02
[chk] L16 e12 hit  rel 2.530e-02
[chk] L17 e202 hit  rel 1.853e-02
[chk] L17 e5 hit  rel 2.306e-02
[chk] L17 e166 pcie rel 1.726e-02
[chk] L17 e155 hit  rel 2.203e-02
[chk] L17 e120 hit  rel 1.845e-02
[chk] L18 e177 pcie rel 2.510e-02
[chk] L18 e253 hit  rel 1.876e-02
[chk] L18 e224 pcie rel 2.058e-02
[chk] L19 e134 hit  rel 2.753e-02
[chk] L19 e44 hit  rel 1.870e-02
[chk] L19 e254 hit  rel 2.544e-02
[chk] L19 e110 hit  rel 2.182e-02
[chk] L19 e160 hit  rel 1.998e-02
[chk] L20 e137 hit  rel 2.300e-02
[chk] L20 e64 pcie rel 2.167e-02
[chk] L20 e151 pcie rel 1.906e-02
[chk] L20 e3 hit  rel 2.374e-02
[chk] L21 e59 hit  rel 2.167e-02
[chk] L21 e65 hit  rel 2.488e-02
[chk] L21 e142 hit  rel 2.006e-02
[chk] L21 e95 pcie rel 2.277e-02
[chk] L21 e193 hit  rel 2.313e-02
[chk] L22 e181 hit  rel 1.938e-02
[chk] L22 e183 pcie rel 2.867e-02
[chk] L22 e197 hit  rel 1.829e-02
[chk] L22 e195 hit  rel 2.194e-02
[chk] L23 e54 hit  rel 2.523e-02
[chk] L23 e134 hit  rel 2.415e-02
[chk] L23 e148 pcie rel 1.829e-02
[chk] L23 e1 pcie rel 2.195e-02
[chk] L24 e101 hit  rel 1.977e-02
[chk] L24 e36 hit  rel 2.260e-02
[chk] L24 e56 pcie rel 1.919e-02
[chk] L24 e176 hit  rel 2.118e-02
[chk] L24 e119 pcie rel 2.123e-02
[chk] L25 e43 hit  rel 1.985e-02
[chk] L25 e178 pcie rel 2.025e-02
[chk] L25 e5 hit  rel 2.039e-02
[chk] L25 e99 pcie rel 1.866e-02
[chk] L26 e88 hit  rel 2.148e-02
[chk] L26 e202 hit  rel 2.261e-02
[chk] L26 e131 pcie rel 2.125e-02
[chk] L26 e94 pcie rel 1.997e-02
[chk] L27 e76 hit  rel 2.176e-02
[chk] L27 e145 hit  rel 2.291e-02
[chk] L27 e117 pcie rel 2.227e-02
[chk] L27 e33 pcie rel 2.255e-02
[chk] L28 e1 hit  rel 2.152e-02
[chk] L28 e209 hit  rel 2.389e-02
[chk] L28 e126 hit  rel 2.430e-02
[chk] L28 e243 hit  rel 2.184e-02
[chk] L28 e51 hit  rel 2.048e-02
[chk] L29 e119 pcie rel 2.271e-02
[chk] L29 e98 pcie rel 2.020e-02
[chk] L29 e76 hit  rel 2.172e-02
[chk] L29 e145 pcie rel 1.924e-02
[chk] L30 e39 hit  rel 2.048e-02
[chk] L30 e101 hit  rel 1.836e-02
[chk] L30 e36 hit  rel 2.170e-02
[chk] L30 e117 pcie rel 1.919e-02
[chk] L31 e27 hit  rel 2.087e-02
[chk] L31 e89 hit  rel 2.322e-02
[chk] L31 e237 pcie rel 2.074e-02
[chk] L31 e17 hit  rel 2.220e-02
[chk] L31 e208 hit  rel 2.218e-02
[chk] L32 e164 hit  rel 2.050e-02
[chk] L32 e221 hit  rel 2.215e-02
[chk] L32 e5 hit  rel 2.154e-02
[chk] L32 e36 pcie rel 2.371e-02
[chk] L33 e117 hit  rel 1.988e-02
[chk] L33 e58 pcie rel 2.005e-02
[chk] L33 e167 hit  rel 2.060e-02
[chk] L33 e211 pcie rel 2.127e-02
[chk] L34 e113 hit  rel 2.111e-02
[chk] L34 e81 hit  rel 2.152e-02
[chk] L34 e127 pcie rel 1.971e-02
[chk] L34 e209 pcie rel 2.059e-02
[chk] L35 e142 hit  rel 2.265e-02
[chk] L35 e146 hit  rel 2.075e-02
[chk] L35 e143 hit  rel 2.037e-02
[chk] L35 e124 pcie rel 2.056e-02
[chk] L36 e4 pcie rel 2.078e-02
[chk] L36 e20 hit  rel 2.251e-02
[chk] L36 e136 hit  rel 2.003e-02
[chk] L36 e62 hit  rel 2.099e-02
[chk] L36 e220 hit  rel 2.033e-02
[chk] L36 e130 hit  rel 2.192e-02
[chk] L37 e1 pcie rel 1.957e-02
[chk] L37 e70 hit  rel 2.030e-02
[chk] L37 e90 hit  rel 2.229e-02
[chk] L38 e63 hit  rel 2.184e-02
[chk] L38 e11 hit  rel 2.143e-02
[chk] L38 e216 hit  rel 2.234e-02
[chk] L38 e106 pcie rel 2.098e-02
[chk] L38 e165 pcie rel 1.986e-02
[chk] L39 e139 hit  rel 1.969e-02
[chk] L39 e18 pcie rel 2.107e-02
[chk] L39 e70 hit  rel 2.213e-02
[chk] L39 e59 hit  rel 2.293e-02
[chk] L40 e22 hit  rel 2.253e-02
[chk] L40 e109 hit  rel 2.034e-02
[chk] L40 e133 hit  rel 2.332e-02
[chk] L40 e168 pcie rel 2.135e-02
[chk] L40 e108 hit  rel 2.222e-02
[chk] L41 e168 pcie rel 2.059e-02
[chk] L41 e214 pcie rel 2.023e-02
[chk] L41 e183 hit  rel 2.012e-02
[chk] L41 e23 hit  rel 2.314e-02
[chk] L42 e15 hit  rel 1.809e-02
[chk] L42 e150 pcie rel 1.851e-02
[chk] L42 e244 hit  rel 2.007e-02
[chk] L42 e67 hit  rel 2.098e-02
[chk] L42 e180 hit  rel 1.846e-02
[chk] L0 e115 hit  rel 1.812e-02
[chk] L0 e106 hit  rel 2.171e-02
[chk] L0 e52 pcie rel 1.840e-02
[chk] L0 e111 pcie rel 2.134e-02
[chk] L1 e35 hit  rel 1.944e-02
[chk] L1 e84 pcie rel 1.930e-02
[chk] L1 e101 pcie rel 1.853e-02
[chk] L2 e156 pcie rel 2.101e-02
[chk] L2 e249 pcie rel 1.897e-02
[chk] L2 e48 hit  rel 1.923e-02
[chk] L2 e60 pcie rel 1.913e-02
[chk] L3 e50 hit  rel 2.810e-02
[chk] L3 e203 hit  rel 2.404e-02
[chk] L3 e233 pcie rel 2.764e-02
[chk] L3 e37 pcie rel 1.729e-02
[chk] L4 e32 hit  rel 1.994e-02
[chk] L4 e170 hit  rel 2.100e-02
[chk] L4 e127 pcie rel 2.096e-02
[chk] L4 e201 hit  rel 2.033e-02
[chk] L5 e42 hit  rel 2.599e-02
[chk] L5 e126 pcie rel 2.283e-02
[chk] L5 e8 pcie rel 2.051e-02
[chk] L5 e79 hit  rel 2.145e-02
[chk] L6 e233 hit  rel 1.997e-02
[chk] L6 e50 hit  rel 2.129e-02
[chk] L6 e224 hit  rel 2.957e-02
[chk] L6 e38 hit  rel 2.132e-02
[chk] L6 e203 hit  rel 2.079e-02
[chk] L6 e208 pcie rel 1.831e-02
[chk] L7 e170 hit  rel 2.196e-02
[chk] L7 e160 hit  rel 2.730e-02
[chk] L7 e235 pcie rel 2.355e-02
[chk] L7 e214 hit  rel 2.689e-02
[chk] L7 e78 hit  rel 2.044e-02
[chk] L8 e106 hit  rel 2.421e-02
[chk] L8 e239 hit  rel 2.190e-02
[chk] L8 e105 hit  rel 1.805e-02
[chk] L8 e125 hit  rel 2.207e-02
[chk] L8 e20 hit  rel 2.027e-02
[chk] L8 e168 hit  rel 2.512e-02
[chk] L9 e226 hit  rel 2.352e-02
[chk] L9 e186 hit  rel 2.606e-02
[chk] L9 e219 hit  rel 1.875e-02
[chk] L9 e84 pcie rel 1.928e-02
[chk] L9 e149 hit  rel 1.992e-02
[chk] L10 e15 hit  rel 1.974e-02
[chk] L10 e150 hit  rel 1.875e-02
[chk] L10 e62 pcie rel 2.076e-02
[chk] L11 e7 hit  rel 2.395e-02
[chk] L11 e117 pcie rel 1.821e-02
[chk] L11 e185 hit  rel 2.010e-02
[chk] L11 e237 pcie rel 2.119e-02
[chk] L12 e127 hit  rel 2.265e-02
[chk] L12 e229 hit  rel 2.058e-02
[chk] L12 e120 pcie rel 1.885e-02
[chk] L12 e100 hit  rel 1.933e-02
[chk] L13 e122 hit  rel 1.882e-02
[chk] L13 e165 hit  rel 1.849e-02
[chk] L13 e191 hit  rel 1.714e-02
[chk] L13 e75 pcie rel 2.066e-02
[chk] L14 e56 hit  rel 1.933e-02
[chk] L14 e21 hit  rel 2.351e-02
[chk] L14 e84 hit  rel 1.863e-02
[chk] L14 e113 pcie rel 1.941e-02
[chk] L14 e51 hit  rel 1.854e-02
[chk] L15 e53 hit  rel 1.981e-02
[chk] L15 e207 hit  rel 2.317e-02
[chk] L15 e240 hit  rel 1.817e-02
[chk] L15 e39 hit  rel 2.017e-02
[chk] L15 e188 hit  rel 2.085e-02
[chk] L15 e100 pcie rel 1.814e-02
[chk] L16 e2 hit  rel 1.876e-02
[chk] L16 e12 hit  rel 2.709e-02
[chk] L16 e248 hit  rel 2.610e-02
[chk] L16 e84 pcie rel 1.980e-02
[chk] L17 e68 hit  rel 2.192e-02
[chk] L17 e5 hit  rel 1.968e-02
[chk] L17 e155 hit  rel 2.049e-02
[chk] L17 e202 hit  rel 1.755e-02
[chk] L17 e253 pcie rel 2.322e-02
[chk] L18 e34 hit  rel 2.109e-02
[chk] L18 e5 hit  rel 2.220e-02
[chk] L18 e177 pcie rel 2.789e-02
[chk] L19 e160 hit  rel 2.686e-02
[chk] L19 e110 hit  rel 1.874e-02
[chk] L19 e44 hit  rel 2.088e-02
[chk] L19 e254 hit  rel 2.290e-02
[chk] L19 e212 pcie rel 1.943e-02
[chk] L20 e137 hit  rel 2.192e-02
[chk] L20 e151 pcie rel 1.900e-02
[chk] L20 e219 pcie rel 2.425e-02
[chk] L21 e59 hit  rel 2.128e-02
[chk] L21 e155 pcie rel 2.346e-02
[chk] L21 e65 hit  rel 2.016e-02
[chk] L21 e49 hit  rel 2.432e-02
[chk] L21 e26 hit  rel 2.185e-02
[chk] L22 e195 hit  rel 2.056e-02
[chk] L22 e181 hit  rel 1.932e-02
[chk] L22 e197 hit  rel 2.062e-02
[chk] L22 e193 pcie rel 1.863e-02
[chk] L23 e54 hit  rel 2.247e-02
[chk] L23 e134 hit  rel 2.217e-02
[chk] L23 e248 hit  rel 2.163e-02
[chk] L23 e144 pcie rel 2.054e-02
[chk] L23 e148 pcie rel 2.067e-02
[chk] L24 e36 hit  rel 2.196e-02
[chk] L24 e120 pcie rel 2.109e-02
[chk] L24 e176 hit  rel 2.159e-02
[chk] L24 e6 pcie rel 1.841e-02
[chk] L25 e43 hit  rel 1.944e-02
[chk] L25 e5 hit  rel 2.120e-02
[chk] L25 e64 hit  rel 2.071e-02
[chk] L25 e141 pcie rel 1.931e-02
[chk] L26 e88 hit  rel 2.089e-02
[chk] L26 e202 hit  rel 2.160e-02
[chk] L26 e115 pcie rel 2.063e-02
[chk] L26 e217 hit  rel 2.026e-02
[chk] L26 e141 pcie rel 2.083e-02
[chk] L27 e145 hit  rel 1.945e-02
[chk] L27 e76 hit  rel 2.125e-02
[chk] L27 e67 hit  rel 2.159e-02
[chk] L27 e117 pcie rel 2.139e-02
[chk] L28 e1 hit  rel 1.995e-02
[chk] L28 e243 hit  rel 2.077e-02
[chk] L28 e209 hit  rel 2.332e-02
[chk] L28 e126 hit  rel 2.106e-02
[chk] L28 e51 hit  rel 2.073e-02
[chk] L29 e119 pcie rel 2.017e-02
[chk] L29 e145 pcie rel 1.962e-02
[chk] L29 e215 pcie rel 2.089e-02
[chk] L30 e101 hit  rel 2.072e-02
[chk] L30 e39 hit  rel 2.011e-02
[chk] L30 e36 hit  rel 2.137e-02
[chk] L30 e21 pcie rel 2.283e-02
[chk] L30 e117 pcie rel 2.062e-02
[chk] L31 e27 hit  rel 2.369e-02
[chk] L31 e89 hit  rel 2.146e-02
[chk] L31 e17 hit  rel 2.102e-02
[chk] L31 e129 hit  rel 2.050e-02
[chk] L31 e199 pcie rel 2.151e-02
[chk] L32 e164 hit  rel 2.140e-02
[chk] L32 e221 hit  rel 2.082e-02
[chk] L32 e5 hit  rel 2.227e-02
[chk] L32 e194 pcie rel 2.110e-02
[chk] L33 e167 hit  rel 2.135e-02
[chk] L33 e117 hit  rel 2.142e-02
[chk] L33 e54 pcie rel 2.173e-02
[chk] L33 e58 pcie rel 1.978e-02
[chk] L34 e113 hit  rel 2.168e-02
[chk] L34 e8 pcie rel 1.988e-02
[chk] L34 e81 hit  rel 2.154e-02
[chk] L34 e97 hit  rel 2.089e-02
[chk] L34 e53 hit  rel 2.225e-02
[chk] L35 e252 pcie rel 2.099e-02
[chk] L35 e142 hit  rel 2.413e-02
[chk] L35 e0 hit  rel 1.894e-02
[chk] L35 e146 hit  rel 1.953e-02
[chk] L35 e231 pcie rel 2.044e-02
[chk] L36 e20 hit  rel 2.230e-02
[chk] L36 e136 hit  rel 2.213e-02
[chk] L36 e4 pcie rel 2.105e-02
[chk] L36 e130 hit  rel 2.073e-02
[chk] L37 e178 hit  rel 2.148e-02
[chk] L37 e215 pcie rel 2.069e-02
[chk] L37 e32 hit  rel 2.159e-02
[chk] L37 e170 pcie rel 2.187e-02
[chk] L38 e63 hit  rel 1.852e-02
[chk] L38 e11 hit  rel 2.163e-02
[chk] L38 e25 pcie rel 2.199e-02
[chk] L38 e161 pcie rel 2.122e-02
[chk] L39 e139 hit  rel 2.529e-02
[chk] L39 e223 hit  rel 2.271e-02
[chk] L39 e60 hit  rel 2.067e-02
[chk] L39 e229 pcie rel 2.324e-02
[chk] L40 e22 hit  rel 1.953e-02
[chk] L40 e47 pcie rel 2.028e-02
[chk] L40 e133 hit  rel 2.069e-02
[chk] L40 e108 hit  rel 2.082e-02
[chk] L41 e95 hit  rel 2.021e-02
[chk] L41 e65 pcie rel 2.503e-02
[chk] L41 e23 hit  rel 2.223e-02
[chk] L41 e233 pcie rel 2.503e-02
[chk] L42 e15 hit  rel 1.635e-02
[chk] L42 e178 hit  rel 1.992e-02
[chk] L42 e180 hit  rel 1.861e-02
[chk] L42 e225 hit  rel 1.930e-02
[chk] L42 e67 hit  rel 2.116e-02
[chk] L0 e160 pcie rel 2.612e-02
[chk] L0 e100 pcie rel 2.076e-02
[chk] L0 e110 pcie rel 2.208e-02
[chk] L1 e163 hit  rel 1.872e-02
[chk] L1 e12 pcie rel 1.832e-02
[chk] L1 e100 pcie rel 1.851e-02
[chk] L1 e142 pcie rel 2.016e-02
ggml_backend_cuda_graph_compute: CUDA graph warmup complete
[chk] L2 e185 pcie rel 2.105e-02
[chk] L2 e132 pcie rel 2.050e-02
[chk] L2 e170 pcie rel 1.804e-02
[chk] L3 e188 hit  rel 2.081e-02
[chk] L3 e203 hit  rel 2.144e-02
[chk] L3 e237 hit  rel 1.838e-02
[chk] L3 e50 hit  rel 2.260e-02
[chk] L3 e233 pcie rel 1.811e-02
ggml_backend_cuda_graph_compute: CUDA graph warmup complete
[chk] L4 e32 hit  rel 2.014e-02
[chk] L4 e170 hit  rel 1.965e-02
[chk] L4 e34 hit  rel 2.545e-02
[chk] L4 e26 pcie rel 1.989e-02
[chk] L5 e42 hit  rel 2.018e-02
[chk] L5 e149 hit  rel 1.755e-02
[chk] L5 e135 pcie rel 2.702e-02
[chk] L5 e22 pcie rel 2.076e-02
ggml_backend_cuda_graph_compute: CUDA graph warmup complete
[chk] L6 e254 hit  rel 1.822e-02
[chk] L6 e166 hit  rel 2.146e-02
[chk] L6 e233 hit  rel 2.071e-02
[chk] L6 e131 pcie rel 1.960e-02
[chk] L6 e164 pcie rel 2.017e-02
[chk] L7 e160 hit  rel 2.375e-02
[chk] L7 e170 hit  rel 1.992e-02
[chk] L7 e214 hit  rel 2.163e-02
[chk] L7 e96 pcie rel 2.497e-02
[chk] L7 e223 hit  rel 1.936e-02
ggml_backend_cuda_graph_compute: CUDA graph warmup complete
[chk] L8 e189 hit  rel 2.354e-02
[chk] L8 e106 hit  rel 1.950e-02
[chk] L8 e239 hit  rel 2.124e-02
[chk] L8 e141 hit  rel 2.050e-02
[chk] L8 e105 hit  rel 2.120e-02
[chk] L9 e100 pcie rel 2.106e-02
[chk] L9 e21 pcie rel 2.163e-02
[chk] L9 e149 hit  rel 2.217e-02
[chk] L9 e251 pcie rel 1.989e-02
ggml_backend_cuda_graph_compute: CUDA graph warmup complete
[chk] L10 e30 hit  rel 1.861e-02
[chk] L10 e62 pcie rel 1.750e-02
[chk] L10 e146 pcie rel 1.932e-02
[chk] L11 e7 hit  rel 2.125e-02
[chk] L11 e129 hit  rel 1.923e-02
[chk] L11 e101 pcie rel 1.964e-02
[chk] L11 e20 pcie rel 1.974e-02
ggml_backend_cuda_graph_compute: CUDA graph warmup complete
[chk] L12 e127 hit  rel 2.294e-02
[chk] L12 e29 hit  rel 1.857e-02
[chk] L12 e100 hit  rel 2.014e-02
[chk] L12 e109 pcie rel 1.997e-02
[chk] L12 e19 hit  rel 2.069e-02
[chk] L13 e122 hit  rel 2.156e-02
[chk] L13 e191 hit  rel 2.048e-02
[chk] L13 e40 hit  rel 2.006e-02
[chk] L13 e152 pcie rel 1.719e-02
[chk] L13 e252 hit  rel 1.726e-02
ggml_backend_cuda_graph_compute: CUDA graph warmup complete
[chk] L14 e118 hit  rel 1.901e-02
[chk] L14 e184 hit  rel 2.558e-02
[chk] L14 e56 hit  rel 1.942e-02
[chk] L14 e21 hit  rel 1.993e-02
[chk] L14 e51 hit  rel 2.176e-02
[chk] L15 e207 hit  rel 2.116e-02
[chk] L15 e53 hit  rel 2.103e-02
[chk] L15 e39 hit  rel 2.151e-02
[chk] L15 e100 pcie rel 1.857e-02
[chk] L15 e45 hit  rel 1.923e-02
[chk] L15 e188 hit  rel 1.954e-02
ggml_backend_cuda_graph_compute: CUDA graph warmup complete
[chk] L16 e2 hit  rel 1.980e-02
[chk] L16 e12 hit  rel 2.695e-02
[chk] L16 e209 hit  rel 2.078e-02
[chk] L16 e84 pcie rel 2.045e-02
[chk] L17 e5 hit  rel 1.877e-02
[chk] L17 e187 hit  rel 1.948e-02
[chk] L17 e120 hit  rel 1.803e-02
[chk] L17 e25 hit  rel 2.026e-02
ggml_backend_cuda_graph_compute: CUDA graph warmup complete
[chk] L18 e40 pcie rel 2.285e-02
[chk] L18 e68 pcie rel 1.861e-02
[chk] L18 e100 hit  rel 2.148e-02
[chk] L18 e5 hit  rel 1.991e-02
[chk] L19 e28 hit  rel 1.845e-02
[chk] L19 e174 pcie rel 2.614e-02
[chk] L19 e210 hit  rel 2.342e-02
[chk] L19 e60 hit  rel 1.890e-02
[chk] L19 e177 hit  rel 2.548e-02
ggml_backend_cuda_graph_compute: CUDA graph warmup complete
[chk] L20 e191 hit  rel 2.054e-02
[chk] L20 e137 hit  rel 2.138e-02
[chk] L20 e219 pcie rel 2.600e-02
[chk] L20 e27 hit  rel 1.915e-02
[chk] L21 e59 hit  rel 1.802e-02
[chk] L21 e142 hit  rel 1.939e-02
[chk] L21 e170 hit  rel 2.041e-02
[chk] L21 e210 pcie rel 2.640e-02
[chk] L21 e193 hit  rel 1.903e-02
ggml_backend_cuda_graph_compute: CUDA graph warmup complete
[chk] L22 e64 hit  rel 1.997e-02
[chk] L22 e220 hit  rel 1.795e-02
[chk] L22 e218 pcie rel 2.068e-02
[chk] L22 e19 hit  rel 2.162e-02
[chk] L22 e107 hit  rel 2.076e-02
[chk] L23 e54 hit  rel 1.818e-02
[chk] L23 e134 hit  rel 2.090e-02
[chk] L23 e240 hit  rel 2.047e-02
[chk] L23 e130 pcie rel 2.146e-02
[chk] L23 e235 pcie rel 2.840e-02
ggml_backend_cuda_graph_compute: CUDA graph warmup complete
[chk] L24 e36 hit  rel 1.999e-02
[chk] L24 e63 hit  rel 2.037e-02
[chk] L24 e127 pcie rel 1.862e-02
[chk] L24 e132 hit  rel 1.741e-02
[chk] L25 e53 hit  rel 2.060e-02
[chk] L25 e43 hit  rel 1.928e-02
[chk] L25 e16 pcie rel 2.080e-02
[chk] L25 e99 pcie rel 2.078e-02
[chk] L25 e17 hit  rel 2.060e-02
ggml_backend_cuda_graph_compute: CUDA graph warmup complete
[chk] L26 e88 hit  rel 1.927e-02
[chk] L26 e202 hit  rel 2.160e-02
[chk] L26 e94 pcie rel 2.062e-02
[chk] L26 e61 pcie rel 2.310e-02
[chk] L27 e235 hit  rel 2.745e-02
[chk] L27 e76 hit  rel 2.305e-02
[chk] L27 e90 pcie rel 2.272e-02
[chk] L27 e7 pcie rel 2.155e-02
ggml_backend_cuda_graph_compute: CUDA graph warmup complete
[chk] L28 e209 hit  rel 2.070e-02
[chk] L28 e126 hit  rel 2.091e-02
[chk] L28 e243 hit  rel 1.945e-02
[chk] L28 e29 pcie rel 2.340e-02
[chk] L29 e76 hit  rel 2.078e-02
[chk] L29 e55 hit  rel 2.305e-02
[chk] L29 e57 hit  rel 2.251e-02
[chk] L29 e143 pcie rel 2.199e-02
ggml_backend_cuda_graph_compute: CUDA graph warmup complete
[chk] L30 e162 hit  rel 2.608e-02
[chk] L30 e36 hit  rel 1.976e-02
[chk] L30 e238 hit  rel 2.162e-02
[chk] L30 e163 pcie rel 2.147e-02
[chk] L30 e82 hit  rel 1.943e-02
[chk] L31 e193 hit  rel 2.438e-02
[chk] L31 e129 hit  rel 2.053e-02
[chk] L31 e89 hit  rel 2.153e-02
[chk] L31 e208 hit  rel 2.054e-02
[chk] L31 e165 pcie rel 2.088e-02
ggml_backend_cuda_graph_compute: CUDA graph warmup complete
[chk] L32 e164 hit  rel 2.118e-02
[chk] L32 e56 pcie rel 2.026e-02
[chk] L32 e99 pcie rel 1.817e-02
[chk] L33 e203 hit  rel 2.275e-02
[chk] L33 e236 pcie rel 2.478e-02
[chk] L33 e117 hit  rel 2.005e-02
[chk] L33 e54 pcie rel 1.937e-02
ggml_backend_cuda_graph_compute: CUDA graph warmup complete
[chk] L34 e113 hit  rel 2.152e-02
[chk] L34 e81 hit  rel 2.089e-02
[chk] L34 e179 pcie rel 2.197e-02
[chk] L34 e127 pcie rel 2.172e-02
[chk] L35 e142 hit  rel 2.040e-02
[chk] L35 e170 hit  rel 2.308e-02
[chk] L35 e252 pcie rel 2.405e-02
[chk] L35 e206 pcie rel 2.121e-02
ggml_backend_cuda_graph_compute: CUDA graph warmup complete
[chk] L36 e20 hit  rel 2.159e-02
[chk] L36 e76 hit  rel 2.106e-02
[chk] L36 e122 pcie rel 2.271e-02
[chk] L36 e254 pcie rel 2.120e-02
[chk] L36 e130 hit  rel 1.990e-02
[chk] L37 e159 hit  rel 2.368e-02
[chk] L37 e225 hit  rel 2.572e-02
[chk] L37 e147 pcie rel 2.186e-02
ggml_backend_cuda_graph_compute: CUDA graph warmup complete
[chk] L38 e63 hit  rel 2.060e-02
[chk] L38 e253 pcie rel 2.190e-02
[chk] L38 e17 hit  rel 2.511e-02
[chk] L38 e4 pcie rel 2.349e-02
[chk] L38 e47 hit  rel 1.553e-02
[chk] L39 e200 hit  rel 2.290e-02
[chk] L39 e139 hit  rel 2.145e-02
[chk] L39 e204 hit  rel 2.204e-02
[chk] L39 e234 pcie rel 2.218e-02
ggml_backend_cuda_graph_compute: CUDA graph warmup complete
[chk] L40 e22 hit  rel 1.762e-02
[chk] L40 e109 hit  rel 2.075e-02
[chk] L40 e47 pcie rel 2.246e-02
[chk] L40 e7 pcie rel 2.198e-02
[chk] L41 e160 hit  rel 1.912e-02
[chk] L41 e117 pcie rel 2.108e-02
[chk] L41 e214 pcie rel 2.126e-02
[chk] L41 e192 hit  rel 2.143e-02
[chk] L41 e23 hit  rel 2.167e-02
ggml_backend_cuda_graph_compute: CUDA graph warmup complete
[chk] L42 e15 hit  rel 1.721e-02
[chk] L42 e178 hit  rel 2.166e-02
[chk] L42 e50 hit  rel 1.769e-02
[chk] L42 e107 pcie rel 2.074e-02
[chk] L0 e74 hit  rel 1.929e-02
[chk] L0 e141 pcie rel 1.814e-02
[chk] L0 e114 pcie rel 1.855e-02
[chk] L0 e15 pcie rel 1.717e-02
[chk] L1 e251 hit  rel 1.948e-02
[chk] L1 e120 pcie rel 2.021e-02
[chk] L1 e47 pcie rel 2.059e-02
[chk] L2 e181 pcie rel 1.844e-02
[chk] L2 e59 pcie rel 2.020e-02
[chk] L2 e203 pcie rel 1.990e-02
[chk] L3 e89 hit  rel 2.752e-02
[chk] L3 e237 hit  rel 2.008e-02
[chk] L3 e29 pcie rel 2.364e-02
[chk] L3 e118 hit  rel 2.095e-02
[chk] L3 e188 hit  rel 1.948e-02
[chk] L3 e203 hit  rel 2.516e-02
[chk] L4 e32 hit  rel 2.261e-02
[chk] L4 e139 hit  rel 2.702e-02
[chk] L4 e206 pcie rel 1.690e-02
[chk] L4 e63 pcie rel 2.153e-02
[chk] L5 e42 hit  rel 2.292e-02
[chk] L5 e8 pcie rel 2.219e-02
[chk] L5 e191 pcie rel 1.759e-02
[chk] L6 e233 hit  rel 2.134e-02
[chk] L6 e224 hit  rel 2.116e-02
[chk] L6 e38 hit  rel 2.031e-02
[chk] L6 e92 pcie rel 2.227e-02
[chk] L6 e166 hit  rel 2.165e-02
[chk] L6 e5 hit  rel 1.899e-02
[chk] L7 e170 hit  rel 2.245e-02
[chk] L7 e78 hit  rel 2.256e-02
[chk] L7 e223 hit  rel 2.354e-02
[chk] L7 e160 hit  rel 2.354e-02
[chk] L7 e71 pcie rel 2.043e-02
[chk] L8 e106 hit  rel 2.252e-02
[chk] L8 e125 hit  rel 2.256e-02
[chk] L8 e79 pcie rel 2.630e-02
[chk] L8 e102 hit  rel 2.432e-02
[chk] L8 e231 hit  rel 2.307e-02
[chk] L9 e186 hit  rel 2.259e-02
[chk] L9 e226 hit  rel 2.276e-02
[chk] L9 e149 hit  rel 1.841e-02
[chk] L9 e206 hit  rel 1.944e-02
[chk] L9 e78 hit  rel 1.937e-02
[chk] L10 e18 hit  rel 1.857e-02
[chk] L10 e30 hit  rel 1.911e-02
[chk] L10 e170 pcie rel 2.188e-02
[chk] L10 e92 hit  rel 2.129e-02
[chk] L10 e15 hit  rel 2.031e-02
[chk] L11 e7 hit  rel 2.203e-02
[chk] L11 e113 hit  rel 2.128e-02
[chk] L11 e58 pcie rel 1.878e-02
[chk] L11 e33 hit  rel 2.172e-02
[chk] L11 e94 hit  rel 2.086e-02
[chk] L11 e102 hit  rel 2.049e-02
[chk] L12 e229 hit  rel 2.416e-02
[chk] L12 e29 hit  rel 2.455e-02
[chk] L12 e59 hit  rel 2.014e-02
[chk] L12 e134 hit  rel 1.985e-02
[chk] L13 e122 hit  rel 1.895e-02
[chk] L13 e145 hit  rel 2.177e-02
[chk] L13 e75 pcie rel 2.442e-02
[chk] L13 e104 pcie rel 2.067e-02
[chk] L13 e77 hit  rel 1.837e-02
[chk] L14 e56 hit  rel 1.935e-02
[chk] L14 e132 hit  rel 2.713e-02
[chk] L14 e130 hit  rel 2.233e-02
[chk] L14 e81 hit  rel 1.983e-02
[chk] L14 e120 hit  rel 1.957e-02
[chk] L15 e53 hit  rel 1.907e-02
[chk] L15 e153 hit  rel 1.955e-02
[chk] L15 e207 hit  rel 2.007e-02
[chk] L15 e240 hit  rel 2.040e-02
[chk] L15 e40 hit  rel 1.972e-02
[chk] L15 e139 hit  rel 2.075e-02
[chk] L16 e2 hit  rel 1.949e-02
[chk] L16 e209 hit  rel 2.100e-02
[chk] L16 e12 hit  rel 2.417e-02
[chk] L16 e248 hit  rel 2.184e-02
[chk] L16 e128 hit  rel 2.153e-02
[chk] L16 e231 pcie rel 1.829e-02
[chk] L17 e5 hit  rel 1.992e-02
[chk] L17 e187 hit  rel 2.101e-02
[chk] L17 e121 pcie rel 2.062e-02
[chk] L17 e4 pcie rel 2.181e-02
[chk] L18 e100 hit  rel 2.501e-02
[chk] L18 e234 hit  rel 2.170e-02
[chk] L18 e137 pcie rel 2.271e-02
[chk] L19 e44 hit  rel 2.265e-02
[chk] L19 e134 hit  rel 2.542e-02
[chk] L19 e28 hit  rel 1.911e-02
[chk] L19 e254 hit  rel 2.382e-02
[chk] L19 e249 hit  rel 2.073e-02
[chk] L19 e5 pcie rel 1.876e-02
[chk] L20 e137 hit  rel 2.096e-02
[chk] L20 e91 hit  rel 2.038e-02
[chk] L20 e128 hit  rel 2.611e-02
[chk] L20 e27 hit  rel 1.901e-02
[chk] L20 e184 hit  rel 2.243e-02
[chk] L21 e59 hit  rel 2.208e-02
[chk] L21 e170 hit  rel 2.546e-02
[chk] L21 e49 hit  rel 2.312e-02
[chk] L21 e70 hit  rel 1.986e-02
[chk] L21 e73 pcie rel 2.126e-02
[chk] L22 e197 hit  rel 1.816e-02
[chk] L22 e122 hit  rel 1.876e-02
[chk] L22 e215 pcie rel 2.085e-02
[chk] L22 e19 hit  rel 2.296e-02
[chk] L22 e223 hit  rel 2.459e-02
[chk] L23 e57 hit  rel 2.008e-02
[chk] L23 e178 pcie rel 2.603e-02
[chk] L23 e134 hit  rel 2.012e-02
[chk] L23 e225 pcie rel 2.093e-02
[chk] L24 e36 hit  rel 1.994e-02
[chk] L24 e132 hit  rel 1.921e-02
[chk] L24 e176 hit  rel 1.979e-02
[chk] L24 e119 pcie rel 1.986e-02
[chk] L25 e43 hit  rel 2.011e-02
[chk] L25 e16 pcie rel 1.950e-02
[chk] L25 e69 hit  rel 1.983e-02
[chk] L25 e54 pcie rel 2.317e-02
[chk] L25 e17 hit  rel 2.226e-02
[chk] L26 e88 hit  rel 1.866e-02
[chk] L26 e177 hit  rel 2.192e-02
[chk] L26 e202 hit  rel 2.108e-02
[chk] L26 e117 pcie rel 2.190e-02
[chk] L26 e162 hit  rel 1.885e-02
[chk] L27 e235 hit  rel 2.120e-02
[chk] L27 e242 hit  rel 2.170e-02
[chk] L27 e145 hit  rel 2.239e-02
[chk] L27 e214 pcie rel 2.103e-02
[chk] L28 e126 hit  rel 2.012e-02
[chk] L28 e209 hit  rel 2.194e-02
[chk] L28 e243 hit  rel 1.852e-02
[chk] L28 e107 pcie rel 2.112e-02
[chk] L29 e55 hit  rel 2.055e-02
[chk] L29 e57 hit  rel 1.835e-02
[chk] L29 e143 pcie rel 2.105e-02
[chk] L29 e43 pcie rel 2.454e-02
[chk] L30 e162 hit  rel 2.496e-02
[chk] L30 e118 hit  rel 2.187e-02
[chk] L30 e238 hit  rel 2.270e-02
[chk] L30 e243 pcie rel 2.178e-02
[chk] L30 e59 hit  rel 2.124e-02
[chk] L30 e62 hit  rel 2.103e-02
[chk] L31 e193 hit  rel 2.693e-02
[chk] L31 e208 hit  rel 1.987e-02
[chk] L31 e216 pcie rel 2.112e-02
[chk] L31 e165 pcie rel 2.102e-02
[chk] L32 e164 hit  rel 2.008e-02
[chk] L32 e215 pcie rel 1.853e-02
[chk] L32 e160 pcie rel 2.215e-02
[chk] L33 e28 pcie rel 2.048e-02
[chk] L33 e117 hit  rel 1.845e-02
[chk] L33 e75 pcie rel 2.214e-02
[chk] L33 e203 hit  rel 2.049e-02
[chk] L33 e247 hit  rel 2.025e-02
[chk] L34 e113 hit  rel 2.154e-02
[chk] L34 e8 pcie rel 2.251e-02
[chk] L34 e53 hit  rel 2.089e-02
[chk] L34 e135 hit  rel 2.032e-02
[chk] L35 e142 hit  rel 1.927e-02
[chk] L35 e0 hit  rel 2.178e-02
[chk] L35 e195 pcie rel 2.085e-02
[chk] L35 e85 pcie rel 2.501e-02
[chk] L36 e115 pcie rel 2.154e-02
[chk] L36 e20 hit  rel 2.150e-02
[chk] L36 e136 hit  rel 2.033e-02
[chk] L36 e76 hit  rel 2.019e-02
[chk] L36 e130 hit  rel 2.212e-02
[chk] L36 e248 hit  rel 2.264e-02
[chk] L37 e32 hit  rel 1.933e-02
[chk] L37 e159 hit  rel 2.082e-02
[chk] L37 e147 pcie rel 2.224e-02
[chk] L38 e63 hit  rel 1.951e-02
[chk] L38 e11 hit  rel 2.007e-02
[chk] L38 e178 pcie rel 1.926e-02
[chk] L38 e187 pcie rel 2.261e-02
[chk] L39 e139 hit  rel 1.927e-02
[chk] L39 e200 hit  rel 2.023e-02
[chk] L39 e225 pcie rel 2.027e-02
[chk] L39 e235 hit  rel 2.462e-02
[chk] L39 e16 pcie rel 2.562e-02
[chk] L40 e109 hit  rel 1.907e-02
[chk] L40 e47 pcie rel 1.999e-02
[chk] L40 e41 pcie rel 2.378e-02
[chk] L41 e117 pcie rel 2.274e-02
[chk] L41 e190 hit  rel 2.111e-02
[chk] L41 e223 pcie rel 1.957e-02
[chk] L41 e139 hit  rel 2.191e-02
[chk] L42 e15 hit  rel 1.529e-02
[chk] L42 e200 pcie rel 1.795e-02
[chk] L42 e178 hit  rel 2.131e-02
[chk] L42 e162 pcie rel 1.697e-02
[chk] L42 e180 hit  rel 2.159e-02
[chk] L0 e30 pcie rel 2.116e-02
[chk] L0 e138 pcie rel 2.361e-02
[chk] L0 e105 pcie rel 2.323e-02
[chk] L1 e62 pcie rel 1.880e-02
[chk] L1 e163 hit  rel 2.507e-02
[chk] L1 e200 pcie rel 1.978e-02
[chk] L2 e94 hit  rel 1.988e-02
[chk] L2 e231 pcie rel 2.292e-02
[chk] L2 e158 pcie rel 2.486e-02
[chk] L2 e98 pcie rel 1.956e-02
[chk] L3 e237 hit  rel 1.896e-02
[chk] L3 e27 hit  rel 2.150e-02
[chk] L3 e203 hit  rel 2.134e-02
[chk] L3 e138 pcie rel 1.932e-02
[chk] L4 e32 hit  rel 1.773e-02
[chk] L4 e170 hit  rel 2.038e-02
[chk] L4 e81 pcie rel 2.092e-02
[chk] L4 e56 pcie rel 1.782e-02
[chk] L5 e149 hit  rel 2.069e-02
[chk] L5 e42 hit  rel 2.209e-02
[chk] L5 e191 pcie rel 1.954e-02
[chk] L5 e160 pcie rel 2.756e-02
[chk] L6 e91 pcie rel 2.631e-02
[chk] L6 e166 hit  rel 1.994e-02
[chk] L6 e224 hit  rel 2.461e-02
[chk] L6 e50 hit  rel 2.089e-02
[chk] L6 e233 hit  rel 1.988e-02
[chk] L7 e223 hit  rel 2.251e-02
[chk] L7 e170 hit  rel 2.439e-02
[chk] L7 e160 hit  rel 2.368e-02
[chk] L7 e235 pcie rel 2.278e-02
[chk] L7 e214 hit  rel 2.076e-02
[chk] L8 e106 hit  rel 2.045e-02
[chk] L8 e189 hit  rel 2.398e-02
[chk] L8 e239 hit  rel 2.064e-02
[chk] L8 e141 hit  rel 2.240e-02
[chk] L8 e168 hit  rel 2.509e-02
[chk] L8 e143 pcie rel 2.005e-02
[chk] L9 e253 hit  rel 2.248e-02
[chk] L9 e149 hit  rel 2.123e-02
[chk] L9 e100 pcie rel 2.065e-02
[chk] L9 e90 pcie rel 2.129e-02
[chk] L10 e30 hit  rel 2.026e-02
[chk] L10 e7 pcie rel 1.784e-02
[chk] L10 e164 pcie rel 1.950e-02
[chk] L11 e129 hit  rel 2.208e-02
[chk] L11 e7 hit  rel 2.465e-02
[chk] L11 e20 pcie rel 2.054e-02
[chk] L11 e185 hit  rel 2.112e-02
[chk] L12 e29 hit  rel 2.296e-02
[chk] L12 e127 hit  rel 2.231e-02
[chk] L12 e229 hit  rel 2.483e-02
[chk] L12 e248 pcie rel 2.028e-02
[chk] L13 e122 hit  rel 2.110e-02
[chk] L13 e75 pcie rel 2.202e-02
[chk] L13 e175 pcie rel 1.825e-02
[chk] L13 e40 hit  rel 2.016e-02
[chk] L14 e132 hit  rel 2.182e-02
[chk] L14 e56 hit  rel 1.818e-02
[chk] L14 e187 hit  rel 1.964e-02
[chk] L14 e82 pcie rel 1.841e-02
[chk] L14 e184 hit  rel 2.445e-02
[chk] L15 e53 hit  rel 2.158e-02
[chk] L15 e153 hit  rel 1.987e-02
[chk] L15 e39 hit  rel 1.997e-02
[chk] L15 e207 hit  rel 2.164e-02
[chk] L15 e26 pcie rel 1.925e-02
[chk] L16 e2 hit  rel 1.975e-02
[chk] L16 e231 pcie rel 2.078e-02
[chk] L16 e198 pcie rel 1.993e-02
[chk] L16 e12 hit  rel 2.064e-02
[chk] L17 e5 hit  rel 2.253e-02
[chk] L17 e187 hit  rel 2.050e-02
[chk] L17 e234 pcie rel 1.920e-02
[chk] L17 e4 pcie rel 2.246e-02
[chk] L18 e100 hit  rel 2.125e-02
[chk] L18 e234 hit  rel 2.112e-02
[chk] L18 e238 hit  rel 2.117e-02
[chk] L18 e68 pcie rel 1.842e-02
[chk] L19 e31 hit  rel 2.174e-02
[chk] L19 e249 hit  rel 1.982e-02
[chk] L19 e86 pcie rel 1.909e-02
[chk] L19 e254 hit  rel 2.069e-02
[chk] L19 e203 pcie rel 2.318e-02
[chk] L20 e137 hit  rel 1.718e-02
[chk] L20 e128 hit  rel 2.371e-02
[chk] L20 e206 pcie rel 2.088e-02
[chk] L20 e3 hit  rel 2.162e-02
[chk] L21 e59 hit  rel 1.913e-02
[chk] L21 e18 pcie rel 1.903e-02
[chk] L21 e70 hit  rel 2.020e-02
[chk] L21 e123 pcie rel 2.104e-02
[chk] L22 e244 pcie rel 2.100e-02
[chk] L22 e170 pcie rel 1.858e-02
[chk] L22 e83 pcie rel 1.898e-02
[chk] L23 e246 hit  rel 2.023e-02
[chk] L23 e134 hit  rel 2.046e-02
[chk] L23 e57 hit  rel 2.033e-02
[chk] L23 e32 pcie rel 1.946e-02
[chk] L23 e142 hit  rel 1.973e-02
[chk] L24 e36 hit  rel 1.924e-02
[chk] L24 e132 hit  rel 1.960e-02
[chk] L24 e176 hit  rel 1.940e-02
[chk] L24 e64 hit  rel 2.314e-02
[chk] L24 e79 pcie rel 1.929e-02
[chk] L25 e43 hit  rel 2.041e-02
[chk] L25 e53 hit  rel 2.381e-02
[chk] L25 e69 hit  rel 1.976e-02
[chk] L25 e5 hit  rel 1.963e-02
[chk] L25 e16 pcie rel 2.070e-02
[chk] L26 e88 hit  rel 2.118e-02
[chk] L26 e177 hit  rel 2.217e-02
[chk] L26 e202 hit  rel 2.114e-02
[chk] L26 e217 hit  rel 2.021e-02
[chk] L26 e162 hit  rel 2.027e-02
[chk] L27 e145 hit  rel 2.227e-02
[chk] L27 e7 pcie rel 2.073e-02
[chk] L27 e53 pcie rel 2.046e-02
[chk] L27 e76 hit  rel 1.974e-02
[chk] L28 e126 hit  rel 1.737e-02
[chk] L28 e209 hit  rel 2.077e-02
[chk] L28 e1 hit  rel 1.849e-02
[chk] L28 e243 hit  rel 2.091e-02
[chk] L28 e191 hit  rel 2.013e-02
[chk] L29 e57 hit  rel 2.075e-02
[chk] L29 e105 hit  rel 2.112e-02
[chk] L29 e149 hit  rel 2.281e-02
[chk] L29 e43 pcie rel 2.165e-02
[chk] L29 e247 pcie rel 2.029e-02
[chk] L30 e118 hit  rel 1.957e-02
[chk] L30 e62 hit  rel 2.135e-02
[chk] L30 e101 hit  rel 2.197e-02
[chk] L30 e59 hit  rel 1.977e-02
[chk] L30 e38 pcie rel 2.234e-02
[chk] L31 e223 hit  rel 2.236e-02
[chk] L31 e89 hit  rel 2.109e-02
[chk] L31 e208 hit  rel 1.950e-02
[chk] L31 e199 pcie rel 2.263e-02
[chk] L32 e164 hit  rel 1.950e-02
[chk] L32 e188 pcie rel 2.112e-02
[chk] L32 e140 hit  rel 2.420e-02
[chk] L32 e56 pcie rel 2.377e-02
[chk] L33 e117 hit  rel 2.051e-02
[chk] L33 e28 pcie rel 2.210e-02
[chk] L33 e185 pcie rel 2.083e-02
[chk] L33 e247 hit  rel 1.986e-02
[chk] L33 e167 hit  rel 2.148e-02
[chk] L34 e176 hit  rel 2.096e-02
[chk] L34 e113 hit  rel 2.667e-02
[chk] L34 e97 hit  rel 2.090e-02
[chk] L34 e135 hit  rel 2.119e-02
[chk] L34 e81 hit  rel 2.057e-02
[chk] L34 e214 hit  rel 2.120e-02
[chk] L35 e143 hit  rel 2.155e-02
[chk] L35 e142 hit  rel 2.235e-02
[chk] L35 e39 pcie rel 2.075e-02
[chk] L35 e96 pcie rel 2.248e-02
[chk] L36 e136 hit  rel 2.081e-02
[chk] L36 e20 hit  rel 2.021e-02
[chk] L36 e130 hit  rel 2.497e-02
[chk] L36 e218 hit  rel 2.013e-02
[chk] L36 e5 hit  rel 2.229e-02
[chk] L36 e248 hit  rel 2.189e-02
[chk] L37 e32 hit  rel 2.145e-02
[chk] L37 e209 hit  rel 2.225e-02
[chk] L37 e27 pcie rel 2.067e-02
[chk] L37 e55 hit  rel 2.179e-02
[chk] L38 e63 hit  rel 1.987e-02
[chk] L38 e11 hit  rel 1.993e-02
[chk] L38 e16 hit  rel 2.106e-02
[chk] L38 e27 hit  rel 2.214e-02
[chk] L38 e162 hit  rel 2.160e-02
[chk] L39 e139 hit  rel 2.186e-02
[chk] L39 e223 hit  rel 1.836e-02
[chk] L39 e182 hit  rel 1.652e-02
[chk] L39 e16 pcie rel 2.295e-02
[chk] L39 e207 pcie rel 2.108e-02
[chk] L40 e108 hit  rel 1.895e-02
[chk] L40 e136 pcie rel 2.120e-02
[chk] L40 e22 hit  rel 1.834e-02
[chk] L40 e133 hit  rel 2.343e-02
[chk] L40 e109 hit  rel 1.986e-02
[chk] L41 e190 hit  rel 2.262e-02
[chk] L41 e236 hit  rel 2.009e-02
[chk] L41 e205 hit  rel 1.937e-02
[chk] L41 e23 hit  rel 2.110e-02
[chk] L41 e192 hit  rel 1.672e-02
[chk] L42 e225 hit  rel 1.715e-02
[chk] L42 e67 hit  rel 1.807e-02
[chk] L42 e15 hit  rel 1.866e-02
[chk] L42 e18 hit  rel 1.866e-02
[chk] L42 e101 pcie rel 2.101e-02
[chk] L0 e93 pcie rel 2.615e-02
[chk] L0 e50 hit  rel 2.000e-02
[chk] L0 e255 pcie rel 2.235e-02
[chk] L0 e51 hit  rel 2.721e-02
[chk] L0 e27 hit  rel 2.636e-02
[chk] L1 e107 pcie rel 2.338e-02
[chk] L1 e79 hit  rel 2.118e-02
[chk] L1 e149 hit  rel 1.956e-02
[chk] L1 e8 pcie rel 2.079e-02
[chk] L2 e1 hit  rel 2.218e-02
[chk] L2 e146 hit  rel 2.086e-02
[chk] L2 e65 hit  rel 2.276e-02
[chk] L2 e177 pcie rel 2.067e-02
[chk] L3 e237 hit  rel 2.585e-02
[chk] L3 e18 pcie rel 2.362e-02
[chk] L3 e50 hit  rel 2.079e-02
[chk] L3 e71 hit  rel 1.955e-02
[chk] L3 e188 hit  rel 2.008e-02
[chk] L4 e170 hit  rel 2.226e-02
[chk] L4 e97 hit  rel 2.117e-02
[chk] L4 e46 pcie rel 2.116e-02
[chk] L4 e201 hit  rel 2.367e-02
[chk] L4 e32 hit  rel 2.254e-02
[chk] L5 e42 hit  rel 2.220e-02
[chk] L5 e112 hit  rel 1.981e-02
[chk] L5 e58 pcie rel 2.366e-02
[chk] L5 e180 pcie rel 1.937e-02
[chk] L6 e233 hit  rel 2.047e-02
[chk] L6 e166 hit  rel 1.936e-02
[chk] L6 e38 hit  rel 1.939e-02
[chk] L6 e16 hit  rel 2.412e-02
[chk] L6 e61 hit  rel 2.341e-02
[chk] L6 e54 pcie rel 1.915e-02
[chk] L7 e122 hit  rel 1.835e-02
[chk] L7 e214 hit  rel 1.921e-02
[chk] L7 e160 hit  rel 2.037e-02
[chk] L7 e78 hit  rel 2.091e-02
[chk] L7 e170 hit  rel 2.187e-02
[chk] L8 e106 hit  rel 1.919e-02
[chk] L8 e141 hit  rel 2.261e-02
[chk] L8 e20 hit  rel 2.307e-02
[chk] L8 e157 pcie rel 2.119e-02
[chk] L8 e105 hit  rel 2.135e-02
[chk] L9 e226 hit  rel 1.939e-02
[chk] L9 e195 hit  rel 2.025e-02
[chk] L9 e191 hit  rel 2.156e-02
[chk] L9 e15 pcie rel 2.085e-02
[chk] L9 e186 hit  rel 1.920e-02
[chk] L10 e15 hit  rel 2.074e-02
[chk] L10 e151 hit  rel 1.933e-02
[chk] L10 e66 hit  rel 2.413e-02
[chk] L10 e62 pcie rel 2.421e-02
[chk] L10 e8 hit  rel 2.000e-02
[chk] L10 e150 hit  rel 2.061e-02
[chk] L11 e7 hit  rel 2.020e-02
[chk] L11 e122 hit  rel 2.183e-02
[chk] L11 e185 hit  rel 2.068e-02
[chk] L11 e1 hit  rel 1.700e-02
[chk] L11 e168 pcie rel 2.221e-02
[chk] L12 e127 hit  rel 1.952e-02
[chk] L12 e19 hit  rel 2.103e-02
[chk] L12 e255 hit  rel 1.916e-02
[chk] L12 e29 hit  rel 2.210e-02
[chk] L12 e111 hit  rel 2.218e-02
[chk] L13 e122 hit  rel 2.059e-02
[chk] L13 e252 hit  rel 2.177e-02
[chk] L13 e191 hit  rel 1.960e-02
[chk] L13 e148 hit  rel 2.024e-02
[chk] L13 e230 hit  rel 2.008e-02
[chk] L13 e132 pcie rel 1.645e-02
[chk] L14 e51 hit  rel 1.865e-02
[chk] L14 e242 hit  rel 2.041e-02
[chk] L14 e132 hit  rel 2.380e-02
[chk] L14 e118 hit  rel 1.885e-02
[chk] L15 e207 hit  rel 2.120e-02
[chk] L15 e53 hit  rel 2.119e-02
[chk] L15 e39 hit  rel 1.999e-02
[chk] L15 e100 pcie rel 1.884e-02
[chk] L15 e9 hit  rel 1.969e-02
[chk] L15 e188 hit  rel 2.369e-02
[chk] L16 e2 hit  rel 2.069e-02
[chk] L16 e248 hit  rel 2.523e-02
[chk] L16 e24 pcie rel 2.052e-02
[chk] L16 e12 hit  rel 2.719e-02
[chk] L16 e82 hit  rel 1.921e-02
[chk] L17 e68 hit  rel 2.180e-02
[chk] L17 e5 hit  rel 1.956e-02
[chk] L17 e146 hit  rel 2.264e-02
[chk] L17 e251 pcie rel 2.101e-02
[chk] L18 e34 hit  rel 2.171e-02
[chk] L18 e86 pcie rel 1.787e-02
[chk] L18 e5 hit  rel 2.295e-02
[chk] L18 e167 pcie rel 2.207e-02
[chk] L19 e60 hit  rel 2.417e-02
[chk] L19 e107 pcie rel 2.239e-02
[chk] L19 e254 hit  rel 2.058e-02
[chk] L19 e77 hit  rel 2.227e-02
[chk] L19 e187 hit  rel 2.056e-02
[chk] L20 e0 pcie rel 1.856e-02
[chk] L20 e137 hit  rel 1.995e-02
[chk] L20 e199 hit  rel 2.079e-02
[chk] L20 e3 hit  rel 2.174e-02
[chk] L20 e128 hit  rel 2.717e-02
[chk] L21 e59 hit  rel 1.867e-02
[chk] L21 e49 hit  rel 2.314e-02
[chk] L21 e142 hit  rel 2.162e-02
[chk] L21 e172 pcie rel 2.022e-02
[chk] L22 e223 hit  rel 2.550e-02
[chk] L22 e48 pcie rel 1.907e-02
[chk] L22 e195 hit  rel 2.030e-02
[chk] L22 e51 pcie rel 1.983e-02
[chk] L23 e209 pcie rel 2.072e-02
[chk] L23 e103 pcie rel 2.106e-02
[chk] L23 e246 hit  rel 1.991e-02
[chk] L23 e39 hit  rel 1.866e-02
[chk] L23 e57 hit  rel 2.078e-02
[chk] L24 e36 hit  rel 2.052e-02
[chk] L24 e132 hit  rel 1.941e-02
[chk] L24 e64 hit  rel 2.032e-02
[chk] L24 e170 hit  rel 2.064e-02
[chk] L24 e79 pcie rel 2.044e-02
[chk] L25 e69 hit  rel 2.300e-02
[chk] L25 e222 pcie rel 2.026e-02
[chk] L25 e53 hit  rel 2.174e-02
[chk] L25 e5 hit  rel 2.017e-02
[chk] L25 e43 hit  rel 2.058e-02
[chk] L26 e88 hit  rel 2.489e-02
[chk] L26 e177 hit  rel 2.040e-02
[chk] L26 e202 hit  rel 2.228e-02
[chk] L26 e186 pcie rel 2.259e-02
[chk] L27 e145 hit  rel 2.082e-02
[chk] L27 e242 hit  rel 2.232e-02
[chk] L27 e76 hit  rel 2.162e-02
[chk] L27 e53 pcie rel 1.918e-02
[chk] L28 e126 hit  rel 2.235e-02
[chk] L28 e1 hit  rel 2.030e-02
[chk] L28 e209 hit  rel 2.154e-02
[chk] L28 e191 hit  rel 2.263e-02
[chk] L28 e135 pcie rel 2.455e-02
[chk] L28 e243 hit  rel 2.323e-02
[chk] L29 e57 hit  rel 2.132e-02
[chk] L29 e70 hit  rel 2.478e-02
[chk] L29 e149 hit  rel 1.912e-02
[chk] L29 e105 hit  rel 2.079e-02
[chk] L29 e119 pcie rel 2.258e-02
[chk] L30 e118 hit  rel 2.226e-02
[chk] L30 e101 hit  rel 2.136e-02
[chk] L30 e62 hit  rel 2.272e-02
[chk] L30 e221 hit  rel 2.024e-02
[chk] L31 e223 hit  rel 2.456e-02
[chk] L31 e89 hit  rel 2.059e-02
[chk] L31 e137 pcie rel 2.079e-02
[chk] L31 e32 hit  rel 2.233e-02
[chk] L31 e170 pcie rel 2.373e-02
[chk] L32 e164 hit  rel 2.039e-02
[chk] L32 e36 pcie rel 2.650e-02
[chk] L32 e140 hit  rel 2.025e-02
[chk] L32 e188 pcie rel 1.981e-02
[chk] L33 e117 hit  rel 2.326e-02
[chk] L33 e247 hit  rel 2.115e-02
[chk] L33 e90 hit  rel 2.084e-02
[chk] L33 e28 pcie rel 2.222e-02
[chk] L33 e167 hit  rel 2.114e-02
[chk] L34 e97 hit  rel 2.090e-02
[chk] L34 e113 hit  rel 2.295e-02
[chk] L34 e176 hit  rel 2.171e-02
[chk] L34 e81 hit  rel 2.200e-02
[chk] L34 e72 hit  rel 2.428e-02
[chk] L35 e143 hit  rel 2.135e-02
[chk] L35 e142 hit  rel 2.273e-02
[chk] L35 e105 pcie rel 2.017e-02
[chk] L35 e129 pcie rel 2.162e-02
[chk] L35 e247 hit  rel 2.162e-02
[chk] L36 e136 hit  rel 2.012e-02
[chk] L36 e20 hit  rel 1.982e-02
[chk] L36 e130 hit  rel 2.365e-02
[chk] L36 e5 hit  rel 2.025e-02
[chk] L36 e218 hit  rel 2.022e-02
[chk] L37 e32 hit  rel 2.018e-02
[chk] L37 e249 pcie rel 1.982e-02
[chk] L37 e55 hit  rel 2.276e-02
[chk] L37 e107 pcie rel 2.459e-02
[chk] L38 e63 hit  rel 2.091e-02
[chk] L38 e140 pcie rel 1.961e-02
[chk] L38 e144 hit  rel 1.984e-02
[chk] L38 e231 hit  rel 2.069e-02
[chk] L38 e162 hit  rel 2.341e-02
[chk] L38 e94 hit  rel 2.192e-02
[chk] L39 e139 hit  rel 2.099e-02
[chk] L39 e223 hit  rel 1.968e-02
[chk] L39 e182 hit  rel 1.523e-02
[chk] L39 e235 hit  rel 1.716e-02
[chk] L39 e73 pcie rel 2.163e-02
[chk] L40 e108 hit  rel 2.215e-02
[chk] L40 e136 pcie rel 1.852e-02
[chk] L40 e22 hit  rel 1.860e-02
[chk] L40 e24 hit  rel 1.395e-02
[chk] L40 e163 hit  rel 2.067e-02
[chk] L41 e190 hit  rel 2.170e-02
[chk] L41 e205 hit  rel 2.110e-02
[chk] L41 e236 hit  rel 1.886e-02
[chk] L41 e23 hit  rel 2.065e-02
[chk] L41 e253 hit  rel 2.371e-02
[chk] L42 e67 hit  rel 1.853e-02
[chk] L42 e225 hit  rel 1.709e-02
[chk] L42 e15 hit  rel 1.854e-02
[chk] L42 e33 hit  rel 1.739e-02
[chk] L42 e193 pcie rel 2.339e-02
[chk] L0 e144 pcie rel 1.943e-02
[chk] L0 e147 pcie rel 1.832e-02
[chk] L0 e245 pcie rel 1.941e-02
[chk] L1 e54 pcie rel 1.908e-02
[chk] L1 e186 pcie rel 1.785e-02
[chk] L1 e178 hit  rel 1.809e-02
[chk] L1 e171 pcie rel 2.107e-02
ggml_backend_cuda_graph_compute: CUDA graph warmup complete
[chk] L2 e141 hit  rel 1.944e-02
[chk] L2 e113 pcie rel 1.974e-02
[chk] L2 e231 pcie rel 2.300e-02
[chk] L3 e18 pcie rel 2.172e-02
[chk] L3 e237 hit  rel 1.930e-02
[chk] L3 e188 hit  rel 2.142e-02
[chk] L3 e217 hit  rel 2.226e-02
[chk] L3 e92 pcie rel 1.914e-02
ggml_backend_cuda_graph_compute: CUDA graph warmup complete
[chk] L4 e139 hit  rel 2.565e-02
[chk] L4 e170 hit  rel 2.506e-02
[chk] L4 e177 pcie rel 2.553e-02
[chk] L4 e184 hit  rel 2.303e-02
[chk] L4 e91 hit  rel 2.483e-02
[chk] L5 e42 hit  rel 2.452e-02
[chk] L5 e112 hit  rel 2.241e-02
[chk] L5 e148 pcie rel 2.325e-02
[chk] L5 e1 pcie rel 2.195e-02
ggml_backend_cuda_graph_compute: CUDA graph warmup complete
[chk] L6 e233 hit  rel 1.974e-02
[chk] L6 e38 hit  rel 2.064e-02
[chk] L6 e224 hit  rel 2.249e-02
[chk] L6 e125 hit  rel 2.319e-02
[chk] L7 e160 hit  rel 2.190e-02
[chk] L7 e200 hit  rel 1.900e-02
[chk] L7 e71 pcie rel 2.135e-02
[chk] L7 e223 hit  rel 2.217e-02
[chk] L7 e170 hit  rel 2.353e-02
[chk] L7 e214 hit  rel 2.392e-02
ggml_backend_cuda_graph_compute: CUDA graph warmup complete
[chk] L8 e231 hit  rel 2.256e-02
[chk] L8 e128 hit  rel 2.224e-02
[chk] L8 e91 hit  rel 2.108e-02
[chk] L8 e194 hit  rel 2.397e-02
[chk] L8 e228 hit  rel 2.404e-02
[chk] L8 e76 hit  rel 1.900e-02
[chk] L9 e106 hit  rel 2.101e-02
[chk] L9 e226 hit  rel 2.150e-02
[chk] L9 e83 pcie rel 2.022e-02
[chk] L9 e191 hit  rel 2.305e-02
[chk] L9 e63 hit  rel 2.357e-02
ggml_backend_cuda_graph_compute: CUDA graph warmup complete
[chk] L10 e150 hit  rel 1.916e-02
[chk] L10 e92 hit  rel 2.299e-02
[chk] L10 e30 hit  rel 1.820e-02
[chk] L10 e108 pcie rel 1.950e-02
[chk] L10 e15 hit  rel 1.952e-02
[chk] L11 e7 hit  rel 2.139e-02
[chk] L11 e122 hit  rel 2.164e-02
[chk] L11 e185 hit  rel 2.037e-02
[chk] L11 e207 hit  rel 2.369e-02
[chk] L11 e94 hit  rel 2.262e-02
ggml_backend_cuda_graph_compute: CUDA graph warmup complete
[chk] L12 e127 hit  rel 2.444e-02
[chk] L12 e125 pcie rel 2.177e-02
[chk] L12 e29 hit  rel 2.179e-02
[chk] L12 e229 hit  rel 2.360e-02
[chk] L12 e177 hit  rel 1.864e-02
[chk] L12 e155 hit  rel 1.891e-02
[chk] L13 e122 hit  rel 2.238e-02
[chk] L13 e145 hit  rel 2.005e-02
[chk] L13 e230 hit  rel 2.010e-02
[chk] L13 e67 pcie rel 2.054e-02
[chk] L13 e165 hit  rel 2.034e-02
ggml_backend_cuda_graph_compute: CUDA graph warmup complete
[chk] L14 e132 hit  rel 1.897e-02
[chk] L14 e51 hit  rel 2.065e-02
[chk] L14 e222 hit  rel 1.824e-02
[chk] L14 e81 hit  rel 1.928e-02
[chk] L14 e10 hit  rel 2.018e-02
[chk] L15 e134 hit  rel 2.153e-02
[chk] L15 e53 hit  rel 2.051e-02
[chk] L15 e207 hit  rel 2.211e-02
[chk] L15 e40 hit  rel 1.786e-02
[chk] L15 e156 hit  rel 2.018e-02
[chk] L15 e39 hit  rel 2.039e-02
ggml_backend_cuda_graph_compute: CUDA graph warmup complete
[chk] L16 e2 hit  rel 2.074e-02
[chk] L16 e209 hit  rel 2.215e-02
[chk] L16 e128 hit  rel 2.140e-02
[chk] L16 e204 hit  rel 1.787e-02
[chk] L16 e231 pcie rel 2.100e-02
[chk] L17 e187 hit  rel 1.836e-02
[chk] L17 e5 hit  rel 1.907e-02
[chk] L17 e101 pcie rel 2.023e-02
[chk] L17 e4 pcie rel 1.882e-02
ggml_backend_cuda_graph_compute: CUDA graph warmup complete
[chk] L18 e100 hit  rel 1.966e-02
[chk] L18 e253 hit  rel 1.921e-02
[chk] L18 e151 pcie rel 1.842e-02
[chk] L19 e254 hit  rel 2.442e-02
[chk] L19 e64 hit  rel 2.006e-02
[chk] L19 e19 pcie rel 2.028e-02
[chk] L19 e141 hit  rel 2.017e-02
[chk] L19 e140 hit  rel 1.938e-02
[chk] L19 e112 hit  rel 1.979e-02
ggml_backend_cuda_graph_compute: CUDA graph warmup complete
[chk] L20 e137 hit  rel 2.002e-02
[chk] L20 e3 hit  rel 2.014e-02
[chk] L20 e181 hit  rel 2.179e-02
[chk] L20 e206 pcie rel 2.201e-02
[chk] L20 e27 hit  rel 1.886e-02
[chk] L21 e59 hit  rel 1.923e-02
[chk] L21 e45 hit  rel 1.992e-02
[chk] L21 e142 hit  rel 1.783e-02
[chk] L21 e228 pcie rel 2.317e-02
ggml_backend_cuda_graph_compute: CUDA graph warmup complete
[chk] L22 e83 pcie rel 2.313e-02
[chk] L22 e223 hit  rel 2.491e-02
[chk] L22 e195 hit  rel 2.318e-02
[chk] L22 e16 hit  rel 2.052e-02
[chk] L22 e197 hit  rel 1.869e-02
[chk] L22 e220 hit  rel 2.429e-02
[chk] L23 e160 hit  rel 2.274e-02
[chk] L23 e246 hit  rel 2.010e-02
[chk] L23 e54 hit  rel 2.009e-02
[chk] L23 e134 hit  rel 2.051e-02
[chk] L23 e130 pcie rel 1.981e-02
ggml_backend_cuda_graph_compute: CUDA graph warmup complete
[chk] L24 e36 hit  rel 2.003e-02
[chk] L24 e132 hit  rel 1.946e-02
[chk] L24 e79 pcie rel 2.131e-02
[chk] L24 e154 pcie rel 1.938e-02
[chk] L25 e154 hit  rel 2.095e-02
[chk] L25 e43 hit  rel 1.968e-02
[chk] L25 e53 hit  rel 2.151e-02
[chk] L25 e54 pcie rel 2.094e-02
ggml_backend_cuda_graph_compute: CUDA graph warmup complete
[chk] L26 e177 hit  rel 1.941e-02
[chk] L26 e88 hit  rel 1.938e-02
[chk] L26 e174 pcie rel 2.452e-02
[chk] L26 e202 hit  rel 2.505e-02
[chk] L26 e253 hit  rel 2.134e-02
[chk] L27 e145 hit  rel 2.232e-02
[chk] L27 e76 hit  rel 2.120e-02
[chk] L27 e248 pcie rel 2.198e-02
[chk] L27 e27 pcie rel 2.095e-02
ggml_backend_cuda_graph_compute: CUDA graph warmup complete
[chk] L28 e126 hit  rel 2.043e-02
[chk] L28 e209 hit  rel 2.005e-02
[chk] L28 e1 hit  rel 2.282e-02
[chk] L28 e176 pcie rel 2.161e-02
[chk] L29 e70 hit  rel 2.422e-02
[chk] L29 e57 hit  rel 2.112e-02
[chk] L29 e17 pcie rel 2.104e-02
[chk] L29 e153 hit  rel 2.268e-02
[chk] L29 e105 hit  rel 2.086e-02
ggml_backend_cuda_graph_compute: CUDA graph warmup complete
[chk] L30 e118 hit  rel 2.223e-02
[chk] L30 e62 hit  rel 2.014e-02
[chk] L30 e168 pcie rel 2.073e-02
[chk] L30 e40 pcie rel 2.076e-02
[chk] L30 e59 hit  rel 2.040e-02
[chk] L31 e54 hit  rel 2.400e-02
[chk] L31 e208 hit  rel 2.040e-02
[chk] L31 e223 hit  rel 2.161e-02
[chk] L31 e89 hit  rel 2.287e-02
[chk] L31 e114 hit  rel 2.199e-02
ggml_backend_cuda_graph_compute: CUDA graph warmup complete
[chk] L32 e164 hit  rel 2.141e-02
[chk] L32 e147 hit  rel 2.090e-02
[chk] L32 e221 hit  rel 1.959e-02
[chk] L32 e121 pcie rel 2.102e-02
[chk] L32 e37 pcie rel 2.215e-02
[chk] L33 e117 hit  rel 2.081e-02
[chk] L33 e115 pcie rel 2.243e-02
[chk] L33 e137 pcie rel 1.884e-02
[chk] L33 e147 hit  rel 2.124e-02
ggml_backend_cuda_graph_compute: CUDA graph warmup complete
[chk] L34 e113 hit  rel 2.142e-02
[chk] L34 e135 hit  rel 2.163e-02
[chk] L34 e97 hit  rel 2.179e-02
[chk] L34 e127 pcie rel 2.083e-02
[chk] L34 e176 hit  rel 2.306e-02
[chk] L35 e143 hit  rel 2.195e-02
[chk] L35 e202 hit  rel 2.143e-02
[chk] L35 e247 hit  rel 2.172e-02
[chk] L35 e129 pcie rel 2.133e-02
ggml_backend_cuda_graph_compute: CUDA graph warmup complete
[chk] L36 e20 hit  rel 2.144e-02
[chk] L36 e115 pcie rel 1.996e-02
[chk] L36 e5 hit  rel 2.334e-02
[chk] L36 e218 hit  rel 2.007e-02
[chk] L36 e76 hit  rel 1.969e-02
[chk] L37 e32 hit  rel 2.095e-02
[chk] L37 e157 hit  rel 1.999e-02
[chk] L37 e70 hit  rel 1.990e-02
[chk] L37 e6 pcie rel 2.248e-02
[chk] L37 e113 pcie rel 2.088e-02
ggml_backend_cuda_graph_compute: CUDA graph warmup complete
[chk] L38 e63 hit  rel 2.155e-02
[chk] L38 e107 pcie rel 2.091e-02
[chk] L38 e139 pcie rel 2.047e-02
[chk] L38 e94 hit  rel 2.103e-02
[chk] L39 e139 hit  rel 1.908e-02
[chk] L39 e87 hit  rel 2.080e-02
[chk] L39 e170 hit  rel 2.258e-02
[chk] L39 e243 pcie rel 2.141e-02
[chk] L39 e59 hit  rel 2.205e-02
ggml_backend_cuda_graph_compute: CUDA graph warmup complete
[chk] L40 e108 hit  rel 2.006e-02
[chk] L40 e207 pcie rel 2.277e-02
[chk] L40 e22 hit  rel 2.000e-02
[chk] L41 e190 hit  rel 2.019e-02
[chk] L41 e236 hit  rel 1.764e-02
[chk] L41 e65 pcie rel 1.912e-02
[chk] L41 e46 pcie rel 1.971e-02
ggml_backend_cuda_graph_compute: CUDA graph warmup complete
[chk] L42 e79 pcie rel 1.788e-02
[chk] L42 e15 hit  rel 1.743e-02
[chk] L42 e225 hit  rel 1.800e-02
[chk] L42 e67 hit  rel 2.186e-02
[chk] L42 e178 hit  rel 2.274e-02
[chk] L0 e76 pcie rel 2.518e-02
[chk] L0 e232 pcie rel 2.118e-02
[chk] L0 e222 pcie rel 2.071e-02
[chk] L1 e178 hit  rel 2.528e-02
[chk] L1 e141 pcie rel 2.447e-02
[chk] L1 e165 pcie rel 1.962e-02
[chk] L2 e106 pcie rel 1.895e-02
[chk] L2 e17 pcie rel 2.159e-02
[chk] L2 e31 pcie rel 2.552e-02
[chk] L3 e61 pcie rel 2.452e-02
[chk] L3 e237 hit  rel 2.179e-02
[chk] L3 e71 hit  rel 1.914e-02
[chk] L3 e107 hit  rel 2.209e-02
[chk] L3 e137 hit  rel 1.852e-02
[chk] L4 e220 pcie rel 2.033e-02
[chk] L4 e170 hit  rel 2.179e-02
[chk] L4 e32 hit  rel 1.839e-02
[chk] L4 e249 hit  rel 2.303e-02
[chk] L4 e97 hit  rel 2.175e-02
[chk] L5 e149 hit  rel 2.250e-02
[chk] L5 e42 hit  rel 1.858e-02
[chk] L5 e22 pcie rel 2.359e-02
[chk] L5 e112 hit  rel 2.098e-02
[chk] L5 e150 pcie rel 1.911e-02
[chk] L6 e166 hit  rel 2.188e-02
[chk] L6 e224 hit  rel 1.937e-02
[chk] L6 e17 pcie rel 2.396e-02
[chk] L6 e108 hit  rel 2.171e-02
[chk] L7 e160 hit  rel 2.215e-02
[chk] L7 e170 hit  rel 2.371e-02
[chk] L7 e32 pcie rel 2.127e-02
[chk] L7 e54 pcie rel 2.362e-02
[chk] L8 e42 pcie rel 2.205e-02
[chk] L8 e106 hit  rel 2.370e-02
[chk] L8 e141 hit  rel 1.956e-02
[chk] L8 e20 hit  rel 2.034e-02
[chk] L8 e231 hit  rel 2.356e-02
[chk] L9 e14 pcie rel 2.109e-02
[chk] L9 e96 pcie rel 1.807e-02
[chk] L9 e226 hit  rel 2.050e-02
[chk] L9 e149 hit  rel 2.029e-02
[chk] L10 e30 hit  rel 1.788e-02
[chk] L10 e41 pcie rel 1.900e-02
[chk] L10 e62 pcie rel 1.935e-02
[chk] L10 e135 hit  rel 1.819e-02
[chk] L11 e129 hit  rel 1.838e-02
[chk] L11 e7 hit  rel 2.619e-02
[chk] L11 e2 pcie rel 1.880e-02
[chk] L11 e202 hit  rel 2.128e-02
[chk] L12 e29 hit  rel 2.174e-02
[chk] L12 e127 hit  rel 1.870e-02
[chk] L12 e229 hit  rel 2.141e-02
[chk] L12 e248 pcie rel 2.393e-02
[chk] L12 e239 pcie rel 1.986e-02
[chk] L13 e122 hit  rel 2.135e-02
[chk] L13 e157 hit  rel 2.080e-02
[chk] L13 e75 pcie rel 2.155e-02
[chk] L13 e40 hit  rel 1.943e-02
[chk] L14 e56 hit  rel 1.961e-02
[chk] L14 e132 hit  rel 1.977e-02
[chk] L14 e187 hit  rel 1.822e-02
[chk] L14 e82 pcie rel 1.715e-02
[chk] L14 e184 hit  rel 1.934e-02
[chk] L15 e53 hit  rel 1.983e-02
[chk] L15 e39 hit  rel 1.879e-02
[chk] L15 e26 pcie rel 1.989e-02
[chk] L15 e165 pcie rel 1.703e-02
[chk] L15 e207 hit  rel 2.133e-02
[chk] L16 e2 hit  rel 2.061e-02
[chk] L16 e12 hit  rel 1.981e-02
[chk] L16 e58 pcie rel 1.898e-02
[chk] L17 e187 hit  rel 1.814e-02
[chk] L17 e5 hit  rel 2.351e-02
[chk] L17 e252 pcie rel 2.084e-02
[chk] L17 e20 pcie rel 2.078e-02
[chk] L17 e120 hit  rel 1.862e-02
[chk] L18 e100 hit  rel 2.111e-02
[chk] L18 e234 hit  rel 1.965e-02
[chk] L18 e131 pcie rel 1.759e-02
[chk] L18 e71 pcie rel 2.284e-02
[chk] L19 e74 hit  rel 2.158e-02
[chk] L19 e254 hit  rel 2.065e-02
[chk] L19 e154 pcie rel 2.084e-02
[chk] L19 e46 hit  rel 2.009e-02
[chk] L20 e27 hit  rel 1.781e-02
[chk] L20 e137 hit  rel 1.768e-02
[chk] L20 e88 pcie rel 2.187e-02
[chk] L20 e206 pcie rel 2.165e-02
[chk] L21 e59 hit  rel 2.003e-02
[chk] L21 e23 pcie rel 1.998e-02
[chk] L21 e83 pcie rel 1.902e-02
[chk] L21 e26 hit  rel 1.798e-02
[chk] L22 e51 pcie rel 2.177e-02
[chk] L22 e170 pcie rel 2.065e-02
[chk] L22 e37 pcie rel 1.950e-02
[chk] L22 e223 hit  rel 2.100e-02
[chk] L23 e134 hit  rel 1.996e-02
[chk] L23 e57 hit  rel 2.081e-02
[chk] L23 e132 hit  rel 2.003e-02
[chk] L23 e99 pcie rel 2.139e-02
[chk] L24 e36 hit  rel 2.088e-02
[chk] L24 e176 hit  rel 2.024e-02
[chk] L24 e132 hit  rel 2.117e-02
[chk] L24 e79 pcie rel 2.051e-02
[chk] L24 e156 hit  rel 2.264e-02
[chk] L25 e69 hit  rel 2.193e-02
[chk] L25 e43 hit  rel 1.930e-02
[chk] L25 e53 hit  rel 2.004e-02
[chk] L25 e190 pcie rel 2.011e-02
[chk] L25 e222 pcie rel 2.077e-02
[chk] L26 e177 hit  rel 2.107e-02
[chk] L26 e88 hit  rel 1.879e-02
[chk] L26 e202 hit  rel 2.152e-02
[chk] L26 e253 hit  rel 1.878e-02
[chk] L26 e35 pcie rel 1.865e-02
[chk] L27 e10 hit  rel 1.946e-02
[chk] L27 e76 hit  rel 2.167e-02
[chk] L27 e233 hit  rel 1.833e-02
[chk] L27 e145 hit  rel 2.163e-02
[chk] L27 e53 pcie rel 1.987e-02
[chk] L28 e126 hit  rel 2.005e-02
[chk] L28 e209 hit  rel 1.886e-02
[chk] L28 e176 pcie rel 2.238e-02
[chk] L28 e243 hit  rel 2.108e-02
[chk] L28 e1 hit  rel 2.057e-02
[chk] L29 e105 hit  rel 2.037e-02
[chk] L29 e57 hit  rel 2.209e-02
[chk] L29 e143 pcie rel 2.298e-02
[chk] L29 e96 pcie rel 1.964e-02
[chk] L30 e118 hit  rel 2.041e-02
[chk] L30 e62 hit  rel 2.040e-02
[chk] L30 e238 hit  rel 2.440e-02
[chk] L30 e95 pcie rel 2.096e-02
[chk] L31 e208 hit  rel 1.999e-02
[chk] L31 e27 hit  rel 2.087e-02
[chk] L31 e89 hit  rel 2.171e-02
[chk] L31 e19 pcie rel 2.128e-02
[chk] L31 e137 pcie rel 2.151e-02
[chk] L32 e164 hit  rel 2.184e-02
[chk] L32 e121 pcie rel 2.054e-02
[chk] L32 e231 pcie rel 1.954e-02
[chk] L33 e247 hit  rel 2.253e-02
[chk] L33 e58 pcie rel 2.140e-02
[chk] L33 e4 pcie rel 2.148e-02
[chk] L34 e113 hit  rel 2.232e-02
[chk] L34 e176 hit  rel 1.954e-02
[chk] L34 e135 hit  rel 2.094e-02
[chk] L34 e53 hit  rel 2.072e-02
[chk] L34 e5 pcie rel 2.168e-02
[chk] L35 e212 pcie rel 1.967e-02
[chk] L35 e143 hit  rel 2.117e-02
[chk] L35 e247 hit  rel 2.140e-02
[chk] L35 e142 hit  rel 2.206e-02
[chk] L35 e96 pcie rel 2.293e-02
[chk] L36 e20 hit  rel 2.057e-02
[chk] L36 e5 hit  rel 2.301e-02
[chk] L36 e199 hit  rel 1.938e-02
[chk] L36 e76 hit  rel 2.016e-02
[chk] L36 e236 pcie rel 2.325e-02
[chk] L37 e32 hit  rel 2.054e-02
[chk] L37 e122 pcie rel 1.942e-02
[chk] L37 e214 hit  rel 2.143e-02
[chk] L37 e27 pcie rel 2.175e-02
[chk] L38 e63 hit  rel 2.404e-02
[chk] L38 e47 hit  rel 1.592e-02
[chk] L38 e162 hit  rel 2.116e-02
[chk] L38 e233 pcie rel 2.164e-02
[chk] L39 e139 hit  rel 1.994e-02
[chk] L39 e223 hit  rel 1.880e-02
[chk] L39 e243 pcie rel 2.710e-02
[chk] L39 e16 pcie rel 2.453e-02
[chk] L40 e22 hit  rel 1.710e-02
[chk] L40 e108 hit  rel 2.143e-02
[chk] L40 e47 pcie rel 2.413e-02
[chk] L40 e154 pcie rel 2.021e-02
[chk] L41 e190 hit  rel 2.100e-02
[chk] L41 e241 hit  rel 2.112e-02
[chk] L41 e236 hit  rel 1.973e-02
[chk] L41 e73 pcie rel 2.006e-02
[chk] L42 e202 pcie rel 1.636e-02
[chk] L42 e225 hit  rel 1.837e-02
[chk] L42 e50 hit  rel 1.919e-02
[chk] L42 e190 pcie rel 2.093e-02
[chk] L42 e67 hit  rel 2.114e-02
[chk] L0 e50 hit  rel 2.145e-02
[chk] L0 e255 pcie rel 2.437e-02
[chk] L0 e51 hit  rel 2.592e-02
[chk] L0 e27 hit  rel 2.522e-02
[chk] L1 e107 pcie rel 2.726e-02
[chk] L1 e79 hit  rel 2.244e-02
[chk] L1 e149 hit  rel 1.908e-02
[chk] L1 e8 pcie rel 2.241e-02
[chk] L2 e1 hit  rel 2.064e-02
[chk] L2 e146 hit  rel 1.982e-02
[chk] L2 e224 pcie rel 2.051e-02
[chk] L2 e65 hit  rel 1.942e-02
[chk] L2 e177 pcie rel 2.129e-02
[chk] L3 e54 pcie rel 2.129e-02
[chk] L3 e71 hit  rel 1.969e-02
[chk] L3 e188 hit  rel 1.987e-02
[chk] L3 e128 pcie rel 2.249e-02
[chk] L4 e170 hit  rel 2.197e-02
[chk] L4 e201 hit  rel 2.113e-02
[chk] L4 e29 pcie rel 2.361e-02
[chk] L4 e34 hit  rel 2.135e-02
[chk] L4 e103 hit  rel 1.972e-02
[chk] L5 e42 hit  rel 2.438e-02
[chk] L5 e112 hit  rel 2.094e-02
[chk] L5 e10 hit  rel 2.091e-02
[chk] L5 e241 pcie rel 2.150e-02
[chk] L6 e108 hit  rel 1.983e-02
[chk] L6 e203 hit  rel 2.062e-02
[chk] L6 e224 hit  rel 2.763e-02
[chk] L6 e162 pcie rel 2.425e-02
[chk] L6 e233 hit  rel 2.245e-02
[chk] L6 e38 hit  rel 2.064e-02
[chk] L7 e170 hit  rel 2.653e-02
[chk] L7 e214 hit  rel 2.220e-02
[chk] L7 e160 hit  rel 2.266e-02
[chk] L7 e233 hit  rel 2.380e-02
[chk] L7 e117 hit  rel 2.200e-02
[chk] L8 e231 hit  rel 2.041e-02
[chk] L8 e128 hit  rel 2.247e-02
[chk] L8 e228 hit  rel 2.074e-02
[chk] L8 e105 hit  rel 2.163e-02
[chk] L8 e106 hit  rel 2.134e-02
[chk] L8 e79 pcie rel 2.269e-02
[chk] L9 e226 hit  rel 1.792e-02
[chk] L9 e191 hit  rel 2.168e-02
[chk] L9 e106 hit  rel 2.063e-02
[chk] L9 e186 hit  rel 2.152e-02
[chk] L9 e149 hit  rel 1.945e-02
[chk] L10 e15 hit  rel 2.011e-02
[chk] L10 e150 hit  rel 1.992e-02
[chk] L10 e92 hit  rel 2.071e-02
[chk] L10 e62 pcie rel 2.168e-02
[chk] L10 e30 hit  rel 1.948e-02
[chk] L11 e7 hit  rel 2.429e-02
[chk] L11 e185 hit  rel 2.132e-02
[chk] L11 e122 hit  rel 1.877e-02
[chk] L11 e33 hit  rel 2.058e-02
[chk] L11 e221 pcie rel 2.059e-02
[chk] L12 e127 hit  rel 1.936e-02
[chk] L12 e29 hit  rel 2.235e-02
[chk] L12 e229 hit  rel 2.081e-02
[chk] L12 e177 hit  rel 1.971e-02
[chk] L12 e19 hit  rel 1.909e-02
[chk] L12 e200 pcie rel 1.754e-02
[chk] L13 e122 hit  rel 2.468e-02
[chk] L13 e165 hit  rel 1.751e-02
[chk] L13 e111 pcie rel 1.954e-02
[chk] L13 e145 hit  rel 2.191e-02
[chk] L13 e40 hit  rel 1.901e-02
[chk] L14 e56 hit  rel 1.947e-02
[chk] L14 e132 hit  rel 2.096e-02
[chk] L14 e187 hit  rel 1.857e-02
[chk] L14 e131 pcie rel 2.004e-02
[chk] L15 e53 hit  rel 1.963e-02
[chk] L15 e207 hit  rel 2.337e-02
[chk] L15 e240 hit  rel 1.986e-02
[chk] L15 e39 hit  rel 1.672e-02
[chk] L15 e40 hit  rel 2.248e-02
[chk] L15 e153 hit  rel 2.231e-02
[chk] L16 e2 hit  rel 1.925e-02
[chk] L16 e128 hit  rel 2.256e-02
[chk] L16 e12 hit  rel 2.119e-02
[chk] L16 e13 pcie rel 1.810e-02
[chk] L16 e14 hit  rel 1.988e-02
[chk] L17 e5 hit  rel 2.286e-02
[chk] L17 e187 hit  rel 2.185e-02
[chk] L17 e251 pcie rel 2.158e-02
[chk] L17 e171 pcie rel 1.775e-02
[chk] L17 e202 hit  rel 1.898e-02
[chk] L18 e100 hit  rel 1.949e-02
[chk] L18 e135 pcie rel 2.112e-02
[chk] L18 e131 pcie rel 1.857e-02
[chk] L19 e107 pcie rel 2.285e-02
[chk] L19 e223 pcie rel 2.345e-02
[chk] L19 e46 hit  rel 2.495e-02
[chk] L19 e150 hit  rel 2.259e-02
[chk] L20 e199 hit  rel 1.927e-02
[chk] L20 e219 pcie rel 1.967e-02
[chk] L20 e118 pcie rel 2.274e-02
[chk] L20 e128 hit  rel 2.457e-02
[chk] L21 e59 hit  rel 1.904e-02
[chk] L21 e172 pcie rel 2.006e-02
[chk] L21 e26 hit  rel 2.664e-02
[chk] L21 e18 pcie rel 2.113e-02
[chk] L22 e243 pcie rel 1.979e-02
[chk] L22 e51 pcie rel 2.024e-02
[chk] L22 e223 hit  rel 2.413e-02
[chk] L23 e134 hit  rel 2.045e-02
[chk] L23 e253 pcie rel 1.883e-02
[chk] L23 e132 hit  rel 2.011e-02
[chk] L23 e130 pcie rel 1.803e-02
[chk] L24 e36 hit  rel 2.216e-02
[chk] L24 e176 hit  rel 1.891e-02
[chk] L24 e132 hit  rel 2.055e-02
[chk] L24 e240 pcie rel 2.045e-02
[chk] L25 e69 hit  rel 2.280e-02
[chk] L25 e53 hit  rel 1.961e-02
[chk] L25 e43 hit  rel 2.196e-02
[chk] L25 e16 pcie rel 2.059e-02
[chk] L25 e104 pcie rel 2.173e-02
[chk] L26 e177 hit  rel 2.191e-02
[chk] L26 e88 hit  rel 2.112e-02
[chk] L26 e202 hit  rel 2.242e-02
[chk] L26 e131 pcie rel 2.318e-02
[chk] L27 e76 hit  rel 2.088e-02
[chk] L27 e248 pcie rel 1.994e-02
[chk] L27 e233 hit  rel 1.675e-02
[chk] L27 e10 hit  rel 2.312e-02
[chk] L27 e53 pcie rel 1.989e-02
[chk] L28 e126 hit  rel 2.202e-02
[chk] L28 e209 hit  rel 2.204e-02
[chk] L28 e135 pcie rel 2.235e-02
[chk] L28 e191 hit  rel 2.069e-02
[chk] L28 e1 hit  rel 2.183e-02
[chk] L29 e70 hit  rel 2.218e-02
[chk] L29 e57 hit  rel 1.889e-02
[chk] L29 e105 hit  rel 2.232e-02
[chk] L29 e43 pcie rel 2.005e-02
[chk] L30 e118 hit  rel 1.829e-02
[chk] L30 e140 pcie rel 1.828e-02
[chk] L30 e228 pcie rel 2.320e-02
[chk] L30 e62 hit  rel 2.201e-02
[chk] L30 e192 hit  rel 2.340e-02
[chk] L31 e89 hit  rel 1.974e-02
[chk] L31 e223 hit  rel 2.146e-02
[chk] L31 e70 pcie rel 2.414e-02
[chk] L31 e208 hit  rel 2.205e-02
[chk] L32 e164 hit  rel 2.317e-02
[chk] L32 e188 pcie rel 2.094e-02
[chk] L32 e36 pcie rel 2.860e-02
[chk] L33 e247 hit  rel 2.335e-02
[chk] L33 e214 pcie rel 2.415e-02
[chk] L33 e90 hit  rel 1.980e-02
[chk] L33 e187 pcie rel 2.380e-02
[chk] L34 e113 hit  rel 2.087e-02
[chk] L34 e176 hit  rel 2.236e-02
[chk] L34 e135 hit  rel 2.062e-02
[chk] L34 e97 hit  rel 2.102e-02
[chk] L34 e17 pcie rel 2.347e-02
[chk] L34 e81 hit  rel 2.040e-02
[chk] L35 e143 hit  rel 2.044e-02
[chk] L35 e247 hit  rel 2.110e-02
[chk] L35 e142 hit  rel 2.188e-02
[chk] L35 e96 pcie rel 2.145e-02
[chk] L36 e5 hit  rel 2.429e-02
[chk] L36 e20 hit  rel 2.242e-02
[chk] L36 e136 hit  rel 2.031e-02
[chk] L36 e76 hit  rel 1.971e-02
[chk] L36 e160 pcie rel 2.192e-02
[chk] L37 e32 hit  rel 2.022e-02
[chk] L37 e55 hit  rel 2.340e-02
[chk] L37 e214 hit  rel 2.043e-02
[chk] L37 e207 hit  rel 1.603e-02
[chk] L37 e147 pcie rel 2.041e-02
[chk] L38 e63 hit  rel 1.981e-02
[chk] L38 e94 hit  rel 1.901e-02
[chk] L38 e140 pcie rel 2.021e-02
[chk] L38 e56 pcie rel 2.054e-02
[chk] L38 e162 hit  rel 2.053e-02
[chk] L39 e139 hit  rel 2.095e-02
[chk] L39 e223 hit  rel 1.752e-02
[chk] L39 e16 pcie rel 2.351e-02
[chk] L39 e235 hit  rel 1.676e-02
[chk] L40 e47 pcie rel 2.172e-02
[chk] L40 e108 hit  rel 2.488e-02
[chk] L40 e22 hit  rel 2.012e-02
[chk] L40 e24 hit  rel 1.496e-02
[chk] L40 e104 hit  rel 2.083e-02
[chk] L41 e190 hit  rel 1.930e-02
[chk] L41 e108 pcie rel 1.647e-02
[chk] L41 e236 hit  rel 1.959e-02
[chk] L41 e253 hit  rel 2.058e-02
[chk] L41 e102 hit  rel 2.016e-02
[chk] L42 e225 hit  rel 1.746e-02
[chk] L42 e67 hit  rel 2.049e-02
[chk] L42 e15 hit  rel 1.824e-02
[chk] L42 e33 hit  rel 1.907e-02
[chk] L42 e193 pcie rel 2.529e-02
[chk] L0 e79 pcie rel 2.428e-02
[chk] L0 e88 pcie rel 2.564e-02
[chk] L0 e73 pcie rel 2.489e-02
[chk] L1 e158 pcie rel 1.932e-02
[chk] L1 e30 pcie rel 1.981e-02
[chk] L1 e219 pcie rel 1.865e-02
[chk] L2 e20 hit  rel 1.890e-02
[chk] L2 e160 pcie rel 1.824e-02
[chk] L2 e11 hit  rel 2.074e-02
[chk] L2 e72 pcie rel 2.164e-02
[chk] L3 e237 hit  rel 1.947e-02
[chk] L3 e188 hit  rel 2.180e-02
[chk] L3 e203 hit  rel 2.415e-02
[chk] L3 e187 pcie rel 2.123e-02
[chk] L4 e32 hit  rel 2.518e-02
[chk] L4 e184 hit  rel 1.922e-02
[chk] L4 e139 hit  rel 1.966e-02
[chk] L4 e26 pcie rel 2.121e-02
[chk] L4 e114 pcie rel 2.375e-02
[chk] L5 e42 hit  rel 2.712e-02
[chk] L5 e112 hit  rel 2.442e-02
[chk] L5 e10 hit  rel 2.405e-02
[chk] L5 e1 pcie rel 2.543e-02
[chk] L5 e79 hit  rel 2.236e-02
[chk] L6 e203 hit  rel 2.523e-02
[chk] L6 e233 hit  rel 1.887e-02
[chk] L6 e224 hit  rel 2.727e-02
[chk] L6 e108 hit  rel 2.790e-02
[chk] L6 e162 pcie rel 3.115e-02
[chk] L7 e160 hit  rel 2.771e-02
[chk] L7 e170 hit  rel 2.881e-02
[chk] L7 e214 hit  rel 1.911e-02
[chk] L7 e223 hit  rel 2.601e-02
[chk] L7 e78 hit  rel 2.560e-02
[chk] L8 e106 hit  rel 2.156e-02
[chk] L8 e128 hit  rel 2.129e-02
[chk] L8 e231 hit  rel 2.142e-02
[chk] L8 e168 hit  rel 2.378e-02
[chk] L8 e105 hit  rel 1.960e-02
[chk] L8 e239 hit  rel 2.667e-02
[chk] L9 e81 pcie rel 2.177e-02
[chk] L9 e226 hit  rel 1.872e-02
[chk] L9 e149 hit  rel 2.469e-02
[chk] L9 e253 hit  rel 2.425e-02
[chk] L9 e191 hit  rel 1.871e-02
[chk] L9 e32 hit  rel 2.222e-02
[chk] L10 e150 hit  rel 2.344e-02
[chk] L10 e15 hit  rel 2.123e-02
[chk] L10 e92 hit  rel 2.110e-02
[chk] L10 e168 pcie rel 2.078e-02
[chk] L11 e7 hit  rel 2.027e-02
[chk] L11 e122 hit  rel 2.080e-02
[chk] L11 e104 pcie rel 2.014e-02
[chk] L11 e202 hit  rel 1.997e-02
[chk] L11 e185 hit  rel 2.055e-02
[chk] L12 e127 hit  rel 2.219e-02
[chk] L12 e29 hit  rel 2.368e-02
[chk] L12 e26 pcie rel 2.094e-02
[chk] L12 e123 pcie rel 2.096e-02
[chk] L12 e229 hit  rel 2.425e-02
[chk] L13 e122 hit  rel 2.490e-02
[chk] L13 e144 pcie rel 2.027e-02
[chk] L13 e111 pcie rel 1.952e-02
[chk] L13 e40 hit  rel 1.980e-02
[chk] L14 e56 hit  rel 2.331e-02
[chk] L14 e132 hit  rel 2.188e-02
[chk] L14 e21 hit  rel 2.380e-02
[chk] L14 e187 hit  rel 2.156e-02
[chk] L14 e206 pcie rel 2.004e-02
[chk] L15 e53 hit  rel 2.222e-02
[chk] L15 e71 hit  rel 2.195e-02
[chk] L15 e188 hit  rel 1.982e-02
[chk] L15 e139 hit  rel 2.185e-02
[chk] L15 e174 pcie rel 1.952e-02
[chk] L16 e0 hit  rel 1.953e-02
[chk] L16 e129 hit  rel 1.845e-02
[chk] L16 e174 pcie rel 2.005e-02
[chk] L16 e2 hit  rel 1.925e-02
[chk] L17 e187 hit  rel 2.183e-02
[chk] L17 e1 pcie rel 2.186e-02
[chk] L17 e5 hit  rel 1.818e-02
[chk] L17 e106 pcie rel 1.814e-02
[chk] L18 e100 hit  rel 2.089e-02
[chk] L18 e234 hit  rel 2.068e-02
[chk] L18 e222 pcie rel 1.911e-02
[chk] L18 e136 pcie rel 2.193e-02
[chk] L19 e160 hit  rel 2.730e-02
[chk] L19 e44 hit  rel 2.342e-02
[chk] L19 e3 pcie rel 2.106e-02
[chk] L19 e254 hit  rel 1.976e-02
[chk] L19 e249 hit  rel 1.942e-02
[chk] L19 e150 hit  rel 1.953e-02
[chk] L20 e3 hit  rel 1.977e-02
[chk] L20 e164 pcie rel 1.790e-02
[chk] L20 e27 hit  rel 2.080e-02
[chk] L21 e59 hit  rel 2.017e-02
[chk] L21 e4 pcie rel 1.917e-02
[chk] L21 e251 hit  rel 1.949e-02
[chk] L21 e252 pcie rel 1.961e-02
[chk] L22 e144 pcie rel 1.320e-02
[chk] L22 e170 pcie rel 1.931e-02
[chk] L22 e223 hit  rel 1.895e-02
[chk] L22 e197 hit  rel 2.076e-02
[chk] L23 e134 hit  rel 2.070e-02
[chk] L23 e57 hit  rel 2.118e-02
[chk] L23 e246 hit  rel 1.994e-02
[chk] L23 e63 hit  rel 1.916e-02
[chk] L23 e186 pcie rel 2.305e-02
[chk] L24 e36 hit  rel 2.264e-02
[chk] L24 e132 hit  rel 2.046e-02
[chk] L24 e176 hit  rel 1.981e-02
[chk] L24 e50 pcie rel 2.187e-02
[chk] L24 e79 pcie rel 1.820e-02
[chk] L25 e69 hit  rel 1.977e-02
[chk] L25 e43 hit  rel 1.986e-02
[chk] L25 e53 hit  rel 2.043e-02
[chk] L25 e222 pcie rel 2.244e-02
[chk] L26 e88 hit  rel 2.010e-02
[chk] L26 e177 hit  rel 2.113e-02
[chk] L26 e202 hit  rel 2.211e-02
[chk] L26 e214 pcie rel 1.978e-02
[chk] L26 e77 pcie rel 2.035e-02
[chk] L27 e10 hit  rel 2.110e-02
[chk] L27 e53 pcie rel 2.146e-02
[chk] L27 e233 hit  rel 1.848e-02
[chk] L27 e76 hit  rel 2.120e-02
[chk] L28 e126 hit  rel 2.242e-02
[chk] L28 e209 hit  rel 2.127e-02
[chk] L28 e243 hit  rel 1.914e-02
[chk] L28 e191 hit  rel 1.883e-02
[chk] L28 e149 pcie rel 2.163e-02
[chk] L29 e57 hit  rel 2.044e-02
[chk] L29 e247 pcie rel 2.326e-02
[chk] L29 e105 hit  rel 2.169e-02
[chk] L29 e143 pcie rel 2.345e-02
[chk] L30 e228 pcie rel 2.100e-02
[chk] L30 e118 hit  rel 2.111e-02
[chk] L30 e62 hit  rel 2.000e-02
[chk] L30 e101 hit  rel 2.043e-02
[chk] L30 e238 hit  rel 2.343e-02
[chk] L30 e36 hit  rel 1.916e-02
[chk] L31 e208 hit  rel 2.261e-02
[chk] L31 e89 hit  rel 2.277e-02
[chk] L31 e223 hit  rel 2.149e-02
[chk] L31 e27 hit  rel 2.224e-02
[chk] L31 e77 hit  rel 2.001e-02
[chk] L32 e164 hit  rel 1.864e-02
[chk] L32 e92 pcie rel 2.094e-02
[chk] L32 e49 pcie rel 2.101e-02
[chk] L32 e140 hit  rel 2.297e-02
[chk] L33 e117 hit  rel 2.114e-02
[chk] L33 e247 hit  rel 2.053e-02
[chk] L33 e38 pcie rel 2.122e-02
[chk] L33 e185 pcie rel 1.940e-02
[chk] L34 e113 hit  rel 2.103e-02
[chk] L34 e135 hit  rel 2.094e-02
[chk] L34 e12 pcie rel 2.180e-02
[chk] L34 e53 hit  rel 2.163e-02
[chk] L34 e176 hit  rel 2.074e-02
[chk] L35 e143 hit  rel 2.324e-02
[chk] L35 e142 hit  rel 2.035e-02
[chk] L35 e247 hit  rel 2.159e-02
[chk] L35 e188 pcie rel 2.351e-02
[chk] L35 e0 hit  rel 2.406e-02
[chk] L36 e20 hit  rel 2.018e-02
[chk] L36 e76 hit  rel 2.128e-02
[chk] L36 e199 hit  rel 1.854e-02
[chk] L36 e5 hit  rel 2.289e-02
[chk] L36 e136 hit  rel 2.193e-02
[chk] L36 e254 pcie rel 2.080e-02
[chk] L37 e32 hit  rel 2.055e-02
[chk] L37 e70 hit  rel 1.964e-02
[chk] L37 e170 pcie rel 2.263e-02
[chk] L37 e55 hit  rel 2.177e-02
[chk] L38 e63 hit  rel 2.086e-02
[chk] L38 e13 pcie rel 1.962e-02
[chk] L38 e183 pcie rel 2.112e-02
[chk] L38 e16 hit  rel 1.986e-02
[chk] L38 e94 hit  rel 2.135e-02
[chk] L39 e139 hit  rel 1.806e-02
[chk] L39 e60 hit  rel 2.020e-02
[chk] L39 e16 pcie rel 2.413e-02
[chk] L39 e85 hit  rel 1.822e-02
[chk] L39 e223 hit  rel 2.036e-02
[chk] L40 e108 hit  rel 2.012e-02
[chk] L40 e211 pcie rel 2.173e-02
[chk] L40 e22 hit  rel 1.786e-02
[chk] L40 e109 hit  rel 2.243e-02
[chk] L41 e95 hit  rel 1.934e-02
[chk] L41 e190 hit  rel 2.027e-02
[chk] L41 e239 hit  rel 2.350e-02
[chk] L41 e253 hit  rel 2.026e-02
[chk] L41 e236 hit  rel 1.902e-02
[chk] L41 e177 pcie rel 2.144e-02
[chk] L42 e233 hit  rel 1.606e-02
[chk] L42 e225 hit  rel 1.965e-02
[chk] L42 e15 hit  rel 1.810e-02
[chk] L42 e50 hit  rel 2.188e-02
[chk] L42 e67 hit  rel 2.118e-02
[chk] L0 e49 pcie rel 1.921e-02
[chk] L0 e149 pcie rel 1.948e-02
[chk] L0 e98 pcie rel 2.165e-02
[chk] L0 e102 hit  rel 2.696e-02
[chk] L1 e200 pcie rel 2.184e-02
[chk] L1 e191 hit  rel 1.923e-02
[chk] L1 e147 pcie rel 1.899e-02
[chk] L2 e8 pcie rel 2.076e-02
[chk] L2 e63 hit  rel 1.945e-02
[chk] L2 e57 pcie rel 2.048e-02
[chk] L2 e140 pcie rel 1.944e-02
[chk] L3 e237 hit  rel 2.251e-02
[chk] L3 e188 hit  rel 1.906e-02
[chk] L3 e173 hit  rel 1.628e-02
[chk] L3 e203 hit  rel 1.855e-02
[chk] L3 e187 pcie rel 2.534e-02
[chk] L4 e32 hit  rel 2.303e-02
[chk] L4 e139 hit  rel 2.176e-02
[chk] L4 e170 hit  rel 1.867e-02
[chk] L4 e174 pcie rel 2.033e-02
[chk] L5 e42 hit  rel 2.204e-02
[chk] L5 e149 hit  rel 2.045e-02
[chk] L5 e112 hit  rel 2.377e-02
[chk] L5 e22 pcie rel 2.675e-02
[chk] L5 e150 pcie rel 1.975e-02
[chk] L6 e224 hit  rel 2.535e-02
[chk] L6 e233 hit  rel 1.970e-02
[chk] L6 e166 hit  rel 1.858e-02
[chk] L6 e162 pcie rel 2.137e-02
[chk] L7 e170 hit  rel 2.194e-02
[chk] L7 e214 hit  rel 2.445e-02
[chk] L7 e223 hit  rel 2.111e-02
[chk] L7 e160 hit  rel 2.124e-02
[chk] L7 e30 pcie rel 1.601e-02
[chk] L8 e168 hit  rel 2.639e-02
[chk] L8 e106 hit  rel 2.074e-02
[chk] L8 e128 hit  rel 2.096e-02
[chk] L8 e79 pcie rel 2.465e-02
[chk] L8 e231 hit  rel 2.371e-02
[chk] L8 e105 hit  rel 2.026e-02
[chk] L9 e149 hit  rel 2.445e-02
[chk] L9 e253 hit  rel 2.085e-02
[chk] L9 e53 pcie rel 2.017e-02
[chk] L9 e186 hit  rel 2.062e-02
[chk] L9 e226 hit  rel 2.221e-02
[chk] L10 e30 hit  rel 1.769e-02
[chk] L10 e74 pcie rel 2.110e-02
[chk] L10 e12 pcie rel 1.943e-02
[chk] L11 e7 hit  rel 2.321e-02
[chk] L11 e84 pcie rel 2.138e-02
[chk] L11 e129 hit  rel 2.101e-02
[chk] L12 e229 hit  rel 2.409e-02
[chk] L12 e127 hit  rel 2.142e-02
[chk] L12 e29 hit  rel 2.035e-02
[chk] L12 e90 pcie rel 2.059e-02
[chk] L13 e122 hit  rel 2.160e-02
[chk] L13 e40 hit  rel 1.821e-02
[chk] L13 e111 pcie rel 2.380e-02
[chk] L13 e175 pcie rel 2.019e-02
[chk] L14 e56 hit  rel 1.983e-02
[chk] L14 e132 hit  rel 2.183e-02
[chk] L14 e187 hit  rel 2.099e-02
[chk] L14 e21 hit  rel 2.528e-02
[chk] L14 e81 hit  rel 1.891e-02
[chk] L14 e184 hit  rel 2.102e-02
[chk] L15 e53 hit  rel 2.035e-02
[chk] L15 e26 pcie rel 2.097e-02
[chk] L15 e173 pcie rel 2.187e-02
[chk] L15 e97 hit  rel 2.064e-02
[chk] L15 e39 hit  rel 2.134e-02
[chk] L16 e2 hit  rel 2.043e-02
[chk] L16 e177 pcie rel 1.853e-02
[chk] L16 e0 hit  rel 2.020e-02
[chk] L16 e222 pcie rel 2.093e-02
[chk] L17 e187 hit  rel 2.117e-02
[chk] L17 e234 pcie rel 1.775e-02
[chk] L17 e42 pcie rel 2.187e-02
[chk] L18 e234 hit  rel 2.007e-02
[chk] L18 e100 hit  rel 2.062e-02
[chk] L18 e3 pcie rel 2.125e-02
[chk] L18 e130 pcie rel 1.985e-02
[chk] L19 e249 hit  rel 2.122e-02
[chk] L19 e174 pcie rel 2.720e-02
[chk] L19 e31 hit  rel 1.932e-02
[chk] L19 e44 hit  rel 2.144e-02
[chk] L19 e254 hit  rel 2.059e-02
[chk] L20 e118 pcie rel 2.560e-02
[chk] L20 e164 pcie rel 1.827e-02
[chk] L20 e137 hit  rel 2.031e-02
[chk] L20 e206 pcie rel 2.069e-02
[chk] L21 e59 hit  rel 1.922e-02
[chk] L21 e17 pcie rel 1.848e-02
[chk] L21 e198 pcie rel 2.253e-02
[chk] L22 e244 pcie rel 1.987e-02
[chk] L22 e169 pcie rel 1.906e-02
[chk] L22 e223 hit  rel 2.079e-02
[chk] L23 e134 hit  rel 2.080e-02
[chk] L23 e57 hit  rel 2.069e-02
[chk] L23 e100 pcie rel 2.154e-02
[chk] L23 e175 hit  rel 1.883e-02
[chk] L23 e237 pcie rel 1.811e-02
[chk] L24 e36 hit  rel 2.157e-02
[chk] L24 e176 hit  rel 2.144e-02
[chk] L24 e175 pcie rel 2.010e-02
[chk] L24 e156 hit  rel 2.127e-02
[chk] L25 e69 hit  rel 2.285e-02
[chk] L25 e43 hit  rel 2.069e-02
[chk] L25 e53 hit  rel 2.208e-02
[chk] L25 e222 pcie rel 2.084e-02
[chk] L25 e103 hit  rel 2.182e-02
[chk] L26 e177 hit  rel 2.035e-02
[chk] L26 e88 hit  rel 1.895e-02
[chk] L26 e136 pcie rel 2.131e-02
[chk] L26 e202 hit  rel 2.060e-02
[chk] L26 e162 hit  rel 2.124e-02
[chk] L27 e2 pcie rel 2.019e-02
[chk] L27 e77 pcie rel 2.014e-02
[chk] L27 e53 pcie rel 2.115e-02
[chk] L28 e126 hit  rel 1.882e-02
[chk] L28 e243 hit  rel 2.034e-02
[chk] L28 e209 hit  rel 2.089e-02
[chk] L28 e40 pcie rel 2.129e-02
[chk] L28 e118 pcie rel 2.165e-02
[chk] L29 e105 hit  rel 2.181e-02
[chk] L29 e57 hit  rel 2.179e-02
[chk] L29 e247 pcie rel 1.920e-02
[chk] L29 e143 pcie rel 2.283e-02
[chk] L30 e118 hit  rel 1.956e-02
[chk] L30 e162 hit  rel 2.049e-02
[chk] L30 e62 hit  rel 2.113e-02
[chk] L30 e192 hit  rel 1.980e-02
[chk] L30 e101 hit  rel 2.004e-02
[chk] L30 e214 hit  rel 2.104e-02
[chk] L31 e193 hit  rel 2.235e-02
[chk] L31 e208 hit  rel 2.044e-02
[chk] L31 e27 hit  rel 2.081e-02
[chk] L31 e89 hit  rel 2.110e-02
[chk] L31 e2 pcie rel 2.370e-02
[chk] L32 e164 hit  rel 1.971e-02
[chk] L32 e104 pcie rel 1.990e-02
[chk] L32 e188 pcie rel 1.998e-02
[chk] L33 e247 hit  rel 2.041e-02
[chk] L33 e128 pcie rel 2.353e-02
[chk] L33 e236 pcie rel 2.589e-02
[chk] L33 e214 pcie rel 2.218e-02
[chk] L34 e113 hit  rel 2.277e-02
[chk] L34 e176 hit  rel 2.058e-02
[chk] L34 e135 hit  rel 2.186e-02
[chk] L34 e97 hit  rel 2.157e-02
[chk] L34 e44 hit  rel 2.166e-02
[chk] L35 e143 hit  rel 2.070e-02
[chk] L35 e247 hit  rel 2.115e-02
[chk] L35 e142 hit  rel 2.189e-02
[chk] L35 e105 pcie rel 1.998e-02
[chk] L35 e255 pcie rel 1.856e-02
[chk] L36 e20 hit  rel 2.128e-02
[chk] L36 e5 hit  rel 2.068e-02
[chk] L36 e63 pcie rel 2.115e-02
[chk] L36 e248 hit  rel 2.097e-02
[chk] L37 e32 hit  rel 2.030e-02
[chk] L37 e214 hit  rel 2.125e-02
[chk] L37 e147 pcie rel 2.311e-02
[chk] L37 e55 hit  rel 2.138e-02
[chk] L37 e201 pcie rel 1.858e-02
[chk] L38 e63 hit  rel 2.233e-02
[chk] L38 e162 hit  rel 2.284e-02
[chk] L38 e224 pcie rel 2.215e-02
[chk] L38 e94 hit  rel 2.150e-02
[chk] L39 e139 hit  rel 2.034e-02
[chk] L39 e16 pcie rel 2.138e-02
[chk] L39 e95 hit  rel 2.298e-02
[chk] L39 e223 hit  rel 2.010e-02
[chk] L40 e109 hit  rel 2.091e-02
[chk] L40 e108 hit  rel 2.237e-02
[chk] L40 e1 pcie rel 2.352e-02
[chk] L40 e205 pcie rel 2.203e-02
[chk] L40 e199 hit  rel 2.020e-02
[chk] L41 e190 hit  rel 2.180e-02
[chk] L41 e66 hit  rel 2.397e-02
[chk] L41 e52 pcie rel 2.433e-02
[chk] L41 e236 hit  rel 2.079e-02
[chk] L42 e18 hit  rel 1.852e-02
[chk] L42 e101 pcie rel 2.138e-02
[chk] L42 e225 hit  rel 1.829e-02
[chk] L42 e125 pcie rel 1.983e-02
[chk] L42 e178 hit  rel 1.938e-02
[chk] L0 e174 hit  rel 2.427e-02
[chk] L0 e58 pcie rel 2.788e-02
[chk] L0 e48 pcie rel 2.164e-02
[chk] L0 e60 hit  rel 2.665e-02
[chk] L1 e35 hit  rel 1.877e-02
[chk] L1 e27 hit  rel 1.907e-02
[chk] L1 e113 pcie rel 2.020e-02
[chk] L1 e12 pcie rel 2.529e-02
[chk] L2 e195 hit  rel 2.098e-02
[chk] L2 e96 pcie rel 2.696e-02
[chk] L2 e176 pcie rel 2.081e-02
[chk] L3 e240 hit  rel 2.032e-02
[chk] L3 e71 hit  rel 1.982e-02
[chk] L3 e134 pcie rel 2.277e-02
[chk] L3 e45 pcie rel 2.180e-02
[chk] L4 e97 hit  rel 2.169e-02
[chk] L4 e170 hit  rel 2.289e-02
[chk] L4 e62 pcie rel 1.819e-02
[chk] L4 e183 hit  rel 2.321e-02
[chk] L4 e163 hit  rel 1.981e-02
[chk] L4 e139 hit  rel 2.337e-02
[chk] L5 e110 hit  rel 2.070e-02
[chk] L5 e112 hit  rel 1.883e-02
[chk] L5 e21 hit  rel 2.035e-02
[chk] L5 e230 pcie rel 2.024e-02
[chk] L6 e166 hit  rel 1.814e-02
[chk] L6 e203 hit  rel 2.037e-02
[chk] L6 e233 hit  rel 2.154e-02
[chk] L6 e38 hit  rel 1.942e-02
[chk] L6 e16 hit  rel 2.158e-02
[chk] L6 e61 hit  rel 2.102e-02
[chk] L7 e214 hit  rel 2.142e-02
[chk] L7 e122 hit  rel 2.110e-02
[chk] L7 e160 hit  rel 2.145e-02
[chk] L7 e71 pcie rel 2.139e-02
[chk] L7 e170 hit  rel 1.889e-02
[chk] L7 e233 hit  rel 2.011e-02
[chk] L8 e141 hit  rel 1.882e-02
[chk] L8 e128 hit  rel 2.067e-02
[chk] L8 e231 hit  rel 2.250e-02
[chk] L8 e113 pcie rel 2.473e-02
[chk] L9 e228 pcie rel 2.324e-02
[chk] L9 e222 hit  rel 2.236e-02
[chk] L9 e35 hit  rel 2.361e-02
[chk] L9 e31 pcie rel 1.951e-02
[chk] L10 e66 hit  rel 2.317e-02
[chk] L10 e62 pcie rel 2.062e-02
[chk] L10 e219 pcie rel 2.053e-02
[chk] L10 e92 hit  rel 2.363e-02
[chk] L10 e11 hit  rel 2.313e-02
[chk] L11 e235 pcie rel 2.223e-02
[chk] L11 e7 hit  rel 1.923e-02
[chk] L11 e129 hit  rel 1.814e-02
[chk] L11 e1 hit  rel 1.885e-02
[chk] L12 e127 hit  rel 1.836e-02
[chk] L12 e255 hit  rel 2.058e-02
[chk] L12 e19 hit  rel 2.171e-02
[chk] L12 e111 hit  rel 2.105e-02
[chk] L12 e29 hit  rel 2.104e-02
[chk] L13 e122 hit  rel 2.023e-02
[chk] L13 e148 hit  rel 1.915e-02
[chk] L13 e252 hit  rel 1.955e-02
[chk] L13 e191 hit  rel 1.983e-02
[chk] L13 e40 hit  rel 1.808e-02
[chk] L13 e132 pcie rel 1.940e-02
[chk] L14 e242 hit  rel 1.912e-02
[chk] L14 e118 hit  rel 1.992e-02
[chk] L14 e132 hit  rel 2.198e-02
[chk] L14 e51 hit  rel 2.027e-02
[chk] L14 e184 hit  rel 2.215e-02
[chk] L15 e207 hit  rel 2.363e-02
[chk] L15 e53 hit  rel 2.119e-02
[chk] L15 e39 hit  rel 1.917e-02
[chk] L15 e225 pcie rel 2.286e-02
[chk] L15 e9 hit  rel 2.014e-02
[chk] L16 e2 hit  rel 2.000e-02
[chk] L16 e82 hit  rel 1.890e-02
[chk] L16 e248 hit  rel 2.485e-02
[chk] L16 e220 pcie rel 2.534e-02
[chk] L16 e12 hit  rel 2.584e-02
[chk] L17 e5 hit  rel 1.957e-02
[chk] L17 e68 hit  rel 2.343e-02
[chk] L17 e195 hit  rel 1.958e-02
[chk] L17 e105 hit  rel 2.008e-02
[chk] L17 e197 pcie rel 2.176e-02
[chk] L17 e187 hit  rel 1.963e-02
[chk] L18 e183 pcie rel 2.450e-02
[chk] L18 e34 hit  rel 2.178e-02
[chk] L18 e71 pcie rel 2.390e-02
[chk] L18 e5 hit  rel 2.256e-02
[chk] L19 e60 hit  rel 2.475e-02
[chk] L19 e108 hit  rel 1.784e-02
[chk] L19 e254 hit  rel 2.032e-02
[chk] L19 e246 hit  rel 1.954e-02
[chk] L19 e234 pcie rel 1.988e-02
[chk] L20 e3 hit  rel 1.845e-02
[chk] L20 e149 hit  rel 2.024e-02
[chk] L20 e219 pcie rel 2.187e-02
[chk] L20 e39 hit  rel 2.233e-02
[chk] L21 e49 hit  rel 2.081e-02
[chk] L21 e127 hit  rel 2.355e-02
[chk] L21 e59 hit  rel 1.727e-02
[chk] L21 e154 pcie rel 2.289e-02
[chk] L21 e158 hit  rel 2.154e-02
[chk] L22 e223 hit  rel 2.385e-02
[chk] L22 e156 hit  rel 2.241e-02
[chk] L22 e10 hit  rel 2.250e-02
[chk] L22 e117 pcie rel 1.945e-02
[chk] L22 e31 hit  rel 2.083e-02
[chk] L23 e60 pcie rel 2.216e-02
[chk] L23 e242 pcie rel 2.104e-02
[chk] L23 e118 pcie rel 2.206e-02
[chk] L23 e119 hit  rel 1.972e-02
[chk] L24 e36 hit  rel 2.039e-02
[chk] L24 e186 hit  rel 2.561e-02
[chk] L24 e162 hit  rel 2.100e-02
[chk] L24 e193 pcie rel 1.973e-02
[chk] L25 e189 hit  rel 1.903e-02
[chk] L25 e43 hit  rel 2.049e-02
[chk] L25 e53 hit  rel 2.063e-02
[chk] L25 e235 pcie rel 2.281e-02
[chk] L25 e162 hit  rel 2.154e-02
[chk] L26 e209 hit  rel 1.975e-02
[chk] L26 e177 hit  rel 2.187e-02
[chk] L26 e52 pcie rel 2.451e-02
[chk] L26 e88 hit  rel 2.025e-02
[chk] L26 e24 pcie rel 2.099e-02
[chk] L27 e203 hit  rel 2.186e-02
[chk] L27 e233 hit  rel 2.202e-02
[chk] L27 e7 pcie rel 2.045e-02
[chk] L27 e39 hit  rel 2.272e-02
[chk] L27 e140 hit  rel 1.975e-02
[chk] L28 e1 hit  rel 2.039e-02
[chk] L28 e253 pcie rel 2.013e-02
[chk] L28 e109 pcie rel 2.437e-02
[chk] L29 e143 pcie rel 2.538e-02
[chk] L29 e192 pcie rel 2.214e-02
[chk] L29 e251 hit  rel 2.562e-02
[chk] L29 e68 pcie rel 2.041e-02
[chk] L30 e62 hit  rel 2.366e-02
[chk] L30 e82 hit  rel 2.127e-02
[chk] L30 e206 pcie rel 2.583e-02
[chk] L30 e214 hit  rel 2.097e-02
[chk] L31 e143 hit  rel 2.412e-02
[chk] L31 e189 hit  rel 2.572e-02
[chk] L31 e93 hit  rel 2.293e-02
[chk] L31 e16 pcie rel 2.015e-02
[chk] L32 e164 hit  rel 2.222e-02
[chk] L32 e194 pcie rel 2.214e-02
[chk] L32 e37 pcie rel 2.200e-02
[chk] L32 e53 hit  rel 2.019e-02
[chk] L33 e212 hit  rel 2.425e-02
[chk] L33 e28 pcie rel 2.515e-02
[chk] L33 e59 pcie rel 2.236e-02
[chk] L34 e113 hit  rel 2.161e-02
[chk] L34 e158 hit  rel 2.326e-02
[chk] L34 e238 hit  rel 1.845e-02
[chk] L34 e152 pcie rel 2.116e-02
[chk] L34 e135 hit  rel 2.147e-02
[chk] L34 e176 hit  rel 2.165e-02
[chk] L35 e143 hit  rel 2.155e-02
[chk] L35 e12 pcie rel 2.280e-02
[chk] L35 e49 pcie rel 2.996e-02
[chk] L36 e20 hit  rel 2.095e-02
[chk] L36 e115 pcie rel 2.232e-02
[chk] L36 e159 hit  rel 1.865e-02
[chk] L36 e121 hit  rel 2.956e-02
[chk] L36 e127 hit  rel 2.015e-02
[chk] L37 e32 hit  rel 2.122e-02
[chk] L37 e56 hit  rel 2.084e-02
[chk] L37 e61 pcie rel 2.148e-02
[chk] L37 e181 pcie rel 2.272e-02
[chk] L38 e63 hit  rel 2.328e-02
[chk] L38 e47 hit  rel 1.566e-02
[chk] L38 e184 pcie rel 2.175e-02
[chk] L38 e74 pcie rel 1.940e-02
[chk] L38 e133 hit  rel 2.049e-02
[chk] L39 e210 hit  rel 2.878e-02
[chk] L39 e139 hit  rel 2.094e-02
[chk] L39 e221 hit  rel 2.645e-02
[chk] L39 e16 pcie rel 2.163e-02
[chk] L40 e195 hit  rel 2.883e-02
[chk] L40 e108 hit  rel 2.323e-02
[chk] L40 e109 hit  rel 2.208e-02
[chk] L40 e36 pcie rel 2.078e-02
[chk] L40 e199 hit  rel 2.073e-02
[chk] L41 e47 hit  rel 2.397e-02
[chk] L41 e3 hit  rel 1.943e-02
[chk] L41 e190 hit  rel 2.291e-02
[chk] L41 e238 hit  rel 2.108e-02
[chk] L41 e153 pcie rel 2.060e-02
[chk] L42 e227 hit  rel 1.844e-02
[chk] L42 e24 pcie rel 2.131e-02
[chk] L42 e225 hit  rel 1.895e-02
[chk] L42 e179 pcie rel 2.122e-02
[chk] L42 e94 hit  rel 2.428e-02
[chk] L0 e11 pcie rel 2.460e-02
[chk] L0 e46 pcie rel 2.141e-02
[chk] L0 e186 pcie rel 2.204e-02
[chk] L1 e109 pcie rel 1.862e-02
[chk] L1 e74 pcie rel 2.015e-02
[chk] L1 e100 pcie rel 2.144e-02
[chk] L2 e107 pcie rel 1.910e-02
[chk] L2 e113 pcie rel 1.816e-02
[chk] L2 e201 pcie rel 2.091e-02
[chk] L3 e71 hit  rel 2.079e-02
[chk] L3 e73 pcie rel 2.101e-02
[chk] L3 e152 pcie rel 2.161e-02
[chk] L3 e57 hit  rel 2.159e-02
[chk] L4 e34 hit  rel 1.869e-02
[chk] L4 e170 hit  rel 1.875e-02
[chk] L4 e32 hit  rel 2.011e-02
[chk] L4 e97 hit  rel 2.045e-02
[chk] L4 e139 hit  rel 1.777e-02
[chk] L5 e42 hit  rel 2.200e-02
[chk] L5 e112 hit  rel 1.980e-02
[chk] L5 e246 pcie rel 2.203e-02
[chk] L5 e126 pcie rel 1.860e-02
[chk] L6 e224 hit  rel 2.365e-02
[chk] L6 e162 pcie rel 1.874e-02
[chk] L6 e164 pcie rel 1.893e-02
[chk] L6 e166 hit  rel 2.258e-02
[chk] L7 e170 hit  rel 2.072e-02
[chk] L7 e211 pcie rel 2.162e-02
[chk] L7 e214 hit  rel 2.135e-02
[chk] L7 e223 hit  rel 2.175e-02
[chk] L7 e96 pcie rel 2.474e-02
[chk] L8 e106 hit  rel 2.098e-02
[chk] L8 e225 pcie rel 2.663e-02
[chk] L8 e168 hit  rel 2.748e-02
[chk] L8 e105 hit  rel 1.908e-02
[chk] L8 e189 hit  rel 1.933e-02
[chk] L9 e175 pcie rel 1.863e-02
[chk] L9 e149 hit  rel 2.473e-02
[chk] L9 e253 hit  rel 2.288e-02
[chk] L9 e12 hit  rel 2.023e-02
[chk] L10 e30 hit  rel 1.990e-02
[chk] L10 e12 pcie rel 1.673e-02
[chk] L10 e237 pcie rel 1.929e-02
[chk] L10 e24 pcie rel 2.070e-02
[chk] L11 e7 hit  rel 2.164e-02
[chk] L11 e20 pcie rel 2.102e-02
[chk] L11 e68 pcie rel 1.897e-02
[chk] L11 e240 hit  rel 1.922e-02
[chk] L12 e29 hit  rel 1.936e-02
[chk] L12 e229 hit  rel 2.330e-02
[chk] L12 e127 hit  rel 2.066e-02
[chk] L12 e54 pcie rel 2.045e-02
[chk] L13 e122 hit  rel 2.518e-02
[chk] L13 e111 pcie rel 2.336e-02
[chk] L13 e24 pcie rel 1.813e-02
[chk] L13 e40 hit  rel 2.040e-02
[chk] L14 e56 hit  rel 2.123e-02
[chk] L14 e132 hit  rel 2.196e-02
[chk] L14 e97 pcie rel 1.940e-02
[chk] L14 e21 hit  rel 2.188e-02
[chk] L15 e53 hit  rel 2.272e-02
[chk] L15 e97 hit  rel 2.204e-02
[chk] L15 e26 pcie rel 2.242e-02
[chk] L15 e220 hit  rel 2.063e-02
[chk] L15 e188 hit  rel 1.934e-02
[chk] L15 e39 hit  rel 2.029e-02
[chk] L16 e0 hit  rel 1.947e-02
[chk] L16 e2 hit  rel 1.850e-02
[chk] L16 e222 pcie rel 2.045e-02
[chk] L16 e238 hit  rel 1.912e-02
[chk] L17 e252 pcie rel 2.233e-02
[chk] L17 e187 hit  rel 1.867e-02
[chk] L17 e87 pcie rel 2.171e-02
[chk] L17 e77 pcie rel 1.969e-02
[chk] L18 e234 hit  rel 1.852e-02
[chk] L18 e238 hit  rel 1.773e-02
[chk] L18 e100 hit  rel 2.050e-02
[chk] L18 e80 pcie rel 1.953e-02
[chk] L19 e249 hit  rel 1.844e-02
[chk] L19 e159 pcie rel 1.863e-02
[chk] L19 e174 pcie rel 2.066e-02
[chk] L19 e31 hit  rel 2.089e-02
[chk] L19 e108 hit  rel 2.775e-02
[chk] L20 e199 hit  rel 2.083e-02
[chk] L20 e3 hit  rel 1.991e-02
[chk] L20 e122 pcie rel 1.988e-02
[chk] L20 e0 pcie rel 1.901e-02
[chk] L21 e59 hit  rel 1.825e-02
[chk] L21 e115 pcie rel 1.969e-02
[chk] L21 e11 pcie rel 2.048e-02
[chk] L22 e45 pcie rel 2.190e-02
[chk] L22 e206 pcie rel 2.227e-02
[chk] L22 e48 pcie rel 1.938e-02
[chk] L22 e197 hit  rel 1.843e-02
[chk] L23 e134 hit  rel 2.132e-02
[chk] L23 e98 pcie rel 2.179e-02
[chk] L23 e100 pcie rel 2.114e-02
[chk] L24 e36 hit  rel 2.298e-02
[chk] L24 e176 hit  rel 2.162e-02
[chk] L24 e62 pcie rel 1.989e-02
[chk] L24 e134 hit  rel 1.811e-02
[chk] L24 e84 hit  rel 1.969e-02
[chk] L25 e69 hit  rel 2.312e-02
[chk] L25 e2 hit  rel 1.633e-02
[chk] L25 e53 hit  rel 2.238e-02
[chk] L25 e190 pcie rel 2.244e-02
[chk] L25 e43 hit  rel 2.055e-02
[chk] L26 e88 hit  rel 2.148e-02
[chk] L26 e177 hit  rel 2.175e-02
[chk] L26 e214 pcie rel 2.083e-02
[chk] L26 e117 pcie rel 2.144e-02
[chk] L27 e155 pcie rel 2.080e-02
[chk] L27 e7 pcie rel 2.090e-02
[chk] L27 e242 hit  rel 2.247e-02
[chk] L27 e53 pcie rel 1.988e-02
[chk] L28 e126 hit  rel 1.782e-02
[chk] L28 e209 hit  rel 2.146e-02
[chk] L28 e243 hit  rel 1.938e-02
[chk] L28 e29 pcie rel 1.991e-02
[chk] L29 e105 hit  rel 1.961e-02
[chk] L29 e57 hit  rel 1.937e-02
[chk] L29 e69 pcie rel 1.983e-02
[chk] L29 e157 pcie rel 2.272e-02
[chk] L30 e162 hit  rel 2.014e-02
[chk] L30 e192 hit  rel 2.033e-02
[chk] L30 e75 pcie rel 1.944e-02
[chk] L30 e118 hit  rel 2.196e-02
[chk] L30 e29 pcie rel 2.228e-02
[chk] L31 e193 hit  rel 2.244e-02
[chk] L31 e137 pcie rel 1.991e-02
[chk] L31 e208 hit  rel 2.139e-02
[chk] L31 e89 hit  rel 2.036e-02
[chk] L31 e27 hit  rel 2.190e-02
[chk] L32 e164 hit  rel 1.903e-02
[chk] L32 e140 hit  rel 2.283e-02
[chk] L32 e215 pcie rel 1.962e-02
[chk] L32 e43 hit  rel 2.069e-02
[chk] L33 e247 hit  rel 2.103e-02
[chk] L33 e58 pcie rel 2.052e-02
[chk] L33 e203 hit  rel 2.184e-02
[chk] L33 e38 pcie rel 2.082e-02
[chk] L34 e113 hit  rel 2.017e-02
[chk] L34 e135 hit  rel 2.049e-02
[chk] L34 e176 hit  rel 2.123e-02
[chk] L34 e244 pcie rel 2.060e-02
[chk] L35 e143 hit  rel 2.148e-02
[chk] L35 e142 hit  rel 2.118e-02
[chk] L35 e105 pcie rel 2.122e-02
[chk] L35 e247 hit  rel 1.993e-02
[chk] L36 e20 hit  rel 2.029e-02
[chk] L36 e169 pcie rel 2.014e-02
[chk] L36 e5 hit  rel 2.330e-02
[chk] L36 e76 hit  rel 1.957e-02
[chk] L36 e77 pcie rel 2.353e-02
[chk] L37 e32 hit  rel 2.176e-02
[chk] L37 e147 pcie rel 2.168e-02
[chk] L37 e214 hit  rel 2.130e-02
[chk] L37 e55 hit  rel 1.994e-02
[chk] L38 e63 hit  rel 1.961e-02
[chk] L38 e162 hit  rel 2.161e-02
[chk] L38 e11 hit  rel 2.111e-02
[chk] L38 e165 pcie rel 2.099e-02
[chk] L39 e139 hit  rel 1.891e-02
[chk] L39 e200 hit  rel 2.072e-02
[chk] L39 e45 hit  rel 2.208e-02
[chk] L39 e104 pcie rel 2.239e-02
[chk] L39 e54 hit  rel 2.307e-02
[chk] L39 e95 hit  rel 2.194e-02
[chk] L40 e109 hit  rel 2.097e-02
[chk] L40 e108 hit  rel 1.950e-02
[chk] L40 e24 hit  rel 1.499e-02
[chk] L40 e47 pcie rel 2.062e-02
[chk] L41 e190 hit  rel 1.964e-02
[chk] L41 e160 hit  rel 2.162e-02
[chk] L41 e192 hit  rel 1.562e-02
[chk] L41 e205 hit  rel 1.864e-02
[chk] L41 e167 pcie rel 1.959e-02
[chk] L42 e225 hit  rel 1.802e-02
[chk] L42 e193 pcie rel 2.350e-02
[chk] L42 e92 pcie rel 2.325e-02
[chk] L42 e15 hit  rel 1.689e-02
[chk] L42 e18 hit  rel 1.820e-02
[chk] L0 e116 pcie rel 2.085e-02
[chk] L0 e48 pcie rel 2.790e-02
[chk] L0 e163 pcie rel 2.015e-02
[chk] L1 e223 hit  rel 2.033e-02
[chk] L1 e93 pcie rel 1.882e-02
[chk] L1 e159 pcie rel 1.875e-02
[chk] L2 e100 hit  rel 2.150e-02
[chk] L2 e14 pcie rel 1.914e-02
[chk] L2 e98 pcie rel 1.659e-02
[chk] L2 e30 pcie rel 1.867e-02
[chk] L3 e237 hit  rel 1.872e-02
[chk] L3 e188 hit  rel 2.682e-02
[chk] L3 e50 hit  rel 2.193e-02
[chk] L3 e105 pcie rel 1.898e-02
[chk] L4 e32 hit  rel 2.581e-02
[chk] L4 e139 hit  rel 2.282e-02
[chk] L4 e26 pcie rel 2.584e-02
[chk] L4 e184 hit  rel 1.859e-02
[chk] L5 e42 hit  rel 2.788e-02
[chk] L5 e112 hit  rel 2.049e-02
[chk] L5 e126 pcie rel 2.039e-02
[chk] L5 e8 pcie rel 2.085e-02
[chk] L6 e203 hit  rel 2.214e-02
[chk] L6 e233 hit  rel 2.884e-02
[chk] L6 e224 hit  rel 2.759e-02
[chk] L6 e78 pcie rel 2.178e-02
[chk] L6 e231 pcie rel 2.230e-02
[chk] L7 e170 hit  rel 2.558e-02
[chk] L7 e160 hit  rel 2.608e-02
[chk] L7 e223 hit  rel 3.047e-02
[chk] L7 e90 pcie rel 2.077e-02
[chk] L7 e214 hit  rel 2.239e-02
[chk] L8 e168 hit  rel 2.602e-02
[chk] L8 e106 hit  rel 2.158e-02
[chk] L8 e105 hit  rel 2.362e-02
[chk] L8 e128 hit  rel 1.968e-02
[chk] L8 e239 hit  rel 2.271e-02
[chk] L8 e231 hit  rel 2.048e-02
[chk] L9 e149 hit  rel 2.474e-02
[chk] L9 e186 hit  rel 2.042e-02
[chk] L9 e226 hit  rel 1.994e-02
[chk] L9 e25 pcie rel 1.743e-02
[chk] L10 e15 hit  rel 1.957e-02
[chk] L10 e156 hit  rel 2.219e-02
[chk] L10 e203 pcie rel 1.882e-02
[chk] L10 e81 pcie rel 1.859e-02
[chk] L11 e7 hit  rel 2.146e-02
[chk] L11 e202 hit  rel 1.969e-02
[chk] L11 e113 hit  rel 2.150e-02
[chk] L11 e124 pcie rel 1.835e-02
[chk] L12 e229 hit  rel 2.356e-02
[chk] L12 e26 pcie rel 1.965e-02
[chk] L12 e235 pcie rel 1.888e-02
[chk] L12 e127 hit  rel 2.237e-02
[chk] L12 e100 hit  rel 2.250e-02
[chk] L13 e122 hit  rel 2.256e-02
[chk] L13 e93 hit  rel 2.175e-02
[chk] L13 e156 pcie rel 2.052e-02
[chk] L13 e144 pcie rel 1.822e-02
[chk] L14 e56 hit  rel 2.431e-02
[chk] L14 e21 hit  rel 2.495e-02
[chk] L14 e132 hit  rel 2.135e-02
[chk] L14 e82 pcie rel 2.010e-02
[chk] L14 e91 hit  rel 1.963e-02
[chk] L15 e53 hit  rel 2.350e-02
[chk] L15 e174 pcie rel 1.855e-02
[chk] L15 e217 hit  rel 2.179e-02
[chk] L15 e39 hit  rel 2.103e-02
[chk] L16 e0 hit  rel 2.117e-02
[chk] L16 e2 hit  rel 2.073e-02
[chk] L16 e64 pcie rel 1.986e-02
[chk] L16 e137 hit  rel 1.886e-02
[chk] L17 e87 pcie rel 2.133e-02
[chk] L17 e42 pcie rel 2.202e-02
[chk] L17 e179 hit  rel 2.274e-02
[chk] L17 e5 hit  rel 2.088e-02
[chk] L18 e234 hit  rel 1.984e-02
[chk] L18 e254 hit  rel 1.834e-02
[chk] L18 e100 hit  rel 2.126e-02
[chk] L18 e182 pcie rel 1.783e-02
[chk] L18 e253 hit  rel 1.945e-02
[chk] L19 e249 hit  rel 2.012e-02
[chk] L19 e44 hit  rel 2.073e-02
[chk] L19 e25 pcie rel 1.873e-02
[chk] L19 e36 pcie rel 1.907e-02
[chk] L19 e187 hit  rel 2.290e-02
[chk] L20 e207 hit  rel 1.832e-02
[chk] L20 e122 pcie rel 2.175e-02
[chk] L20 e184 hit  rel 2.110e-02
[chk] L20 e3 hit  rel 2.106e-02
[chk] L20 e137 hit  rel 2.188e-02
[chk] L21 e59 hit  rel 2.050e-02
[chk] L21 e151 hit  rel 1.904e-02
[chk] L21 e18 pcie rel 2.068e-02
[chk] L21 e124 hit  rel 2.138e-02
[chk] L22 e170 pcie rel 2.050e-02
[chk] L22 e197 hit  rel 1.932e-02
[chk] L22 e189 hit  rel 1.929e-02
[chk] L22 e194 hit  rel 2.333e-02
[chk] L22 e16 hit  rel 2.090e-02
[chk] L23 e134 hit  rel 2.016e-02
[chk] L23 e54 hit  rel 2.018e-02
[chk] L23 e225 pcie rel 1.945e-02
[chk] L23 e57 hit  rel 2.047e-02
[chk] L23 e253 pcie rel 2.192e-02
[chk] L24 e36 hit  rel 2.423e-02
[chk] L24 e176 hit  rel 2.028e-02
[chk] L24 e106 pcie rel 2.199e-02
[chk] L25 e54 pcie rel 2.332e-02
[chk] L25 e166 pcie rel 2.049e-02
[chk] L25 e69 hit  rel 2.240e-02
[chk] L25 e154 hit  rel 2.107e-02
[chk] L25 e43 hit  rel 2.044e-02
[chk] L26 e88 hit  rel 1.915e-02
[chk] L26 e177 hit  rel 2.064e-02
[chk] L26 e94 pcie rel 2.496e-02
[chk] L26 e162 hit  rel 1.967e-02
[chk] L27 e37 hit  rel 2.092e-02
[chk] L27 e248 pcie rel 1.917e-02
[chk] L27 e145 hit  rel 2.326e-02
[chk] L27 e109 hit  rel 2.277e-02
[chk] L27 e76 hit  rel 1.888e-02
[chk] L28 e243 hit  rel 1.999e-02
[chk] L28 e126 hit  rel 1.851e-02
[chk] L28 e209 hit  rel 2.016e-02
[chk] L28 e118 pcie rel 2.008e-02
[chk] L28 e65 pcie rel 1.917e-02
[chk] L29 e105 hit  rel 2.015e-02
[chk] L29 e43 pcie rel 2.311e-02
[chk] L29 e57 hit  rel 1.869e-02
[chk] L29 e76 hit  rel 2.174e-02
[chk] L30 e101 hit  rel 2.037e-02
[chk] L30 e238 hit  rel 2.219e-02
[chk] L30 e192 hit  rel 2.042e-02
[chk] L30 e80 pcie rel 2.075e-02
[chk] L30 e87 pcie rel 2.213e-02
[chk] L31 e27 hit  rel 2.167e-02
[chk] L31 e208 hit  rel 2.026e-02
[chk] L31 e193 hit  rel 2.101e-02
[chk] L31 e89 hit  rel 2.002e-02
[chk] L31 e181 pcie rel 2.139e-02
[chk] L32 e164 hit  rel 2.187e-02
[chk] L32 e160 pcie rel 2.053e-02
[chk] L32 e147 hit  rel 2.096e-02
[chk] L32 e140 hit  rel 2.196e-02
[chk] L33 e247 hit  rel 2.085e-02
[chk] L33 e216 pcie rel 2.279e-02
[chk] L33 e74 pcie rel 2.253e-02
[chk] L33 e58 pcie rel 2.121e-02
[chk] L34 e113 hit  rel 2.011e-02
[chk] L34 e135 hit  rel 2.029e-02
[chk] L34 e94 pcie rel 2.188e-02
[chk] L34 e97 hit  rel 2.174e-02
[chk] L35 e142 hit  rel 2.218e-02
[chk] L35 e0 hit  rel 2.090e-02
[chk] L35 e86 pcie rel 2.118e-02
[chk] L35 e64 hit  rel 2.257e-02
[chk] L35 e143 hit  rel 2.080e-02
[chk] L35 e247 hit  rel 2.163e-02
[chk] L36 e20 hit  rel 2.351e-02
[chk] L36 e76 hit  rel 2.107e-02
[chk] L36 e223 hit  rel 2.171e-02
[chk] L36 e81 hit  rel 2.185e-02
[chk] L36 e248 hit  rel 2.086e-02
[chk] L37 e32 hit  rel 2.418e-02
[chk] L37 e123 pcie rel 2.257e-02
[chk] L37 e214 hit  rel 2.136e-02
[chk] L37 e6 pcie rel 2.041e-02
[chk] L37 e175 hit  rel 2.047e-02
[chk] L38 e63 hit  rel 2.141e-02
[chk] L38 e162 hit  rel 2.176e-02
[chk] L38 e11 hit  rel 2.207e-02
[chk] L38 e165 pcie rel 2.151e-02
[chk] L39 e139 hit  rel 1.993e-02
[chk] L39 e170 hit  rel 2.257e-02
[chk] L39 e54 hit  rel 2.452e-02
[chk] L39 e25 pcie rel 2.498e-02
[chk] L39 e227 hit  rel 1.912e-02
[chk] L40 e109 hit  rel 1.947e-02
[chk] L40 e108 hit  rel 1.988e-02
[chk] L40 e180 pcie rel 2.146e-02
[chk] L40 e47 pcie rel 2.295e-02
[chk] L41 e190 hit  rel 2.129e-02
[chk] L41 e239 hit  rel 2.270e-02
[chk] L41 e233 pcie rel 1.962e-02
[chk] L41 e168 pcie rel 1.887e-02
[chk] L42 e15 hit  rel 1.799e-02
[chk] L42 e14 pcie rel 1.662e-02
[chk] L42 e200 pcie rel 1.948e-02
[chk] L42 e225 hit  rel 1.989e-02
[chk] L0 e19 pcie rel 2.427e-02
[chk] L0 e69 pcie rel 2.514e-02
[chk] L0 e18 pcie rel 2.417e-02
[chk] L1 e184 pcie rel 1.979e-02
[chk] L1 e51 hit  rel 2.548e-02
[chk] L1 e178 hit  rel 2.691e-02
[chk] L1 e220 pcie rel 2.147e-02
ggml_backend_cuda_graph_compute: CUDA graph warmup complete
[chk] L2 e225 pcie rel 2.539e-02
[chk] L2 e45 pcie rel 1.968e-02
[chk] L2 e142 pcie rel 2.511e-02
[chk] L2 e84 hit  rel 2.646e-02
[chk] L3 e23 pcie rel 1.896e-02
[chk] L3 e240 hit  rel 1.997e-02
[chk] L3 e188 hit  rel 1.817e-02
[chk] L3 e71 hit  rel 2.025e-02
ggml_backend_cuda_graph_compute: CUDA graph warmup complete
[chk] L4 e249 hit  rel 2.017e-02
[chk] L4 e170 hit  rel 2.080e-02
[chk] L4 e97 hit  rel 1.866e-02
[chk] L4 e183 hit  rel 2.141e-02
[chk] L4 e26 pcie rel 2.246e-02
[chk] L4 e32 hit  rel 1.924e-02
[chk] L5 e42 hit  rel 1.872e-02
[chk] L5 e126 pcie rel 2.143e-02
[chk] L5 e90 pcie rel 1.962e-02
[chk] L5 e149 hit  rel 1.998e-02
ggml_backend_cuda_graph_compute: CUDA graph warmup complete
[chk] L6 e166 hit  rel 2.108e-02
[chk] L6 e16 hit  rel 2.348e-02
[chk] L6 e1 hit  rel 2.100e-02
[chk] L6 e233 hit  rel 2.023e-02
[chk] L6 e61 hit  rel 1.917e-02
[chk] L7 e214 hit  rel 2.318e-02
[chk] L7 e122 hit  rel 2.084e-02
[chk] L7 e43 hit  rel 2.093e-02
[chk] L7 e160 hit  rel 2.058e-02
[chk] L7 e177 pcie rel 1.923e-02
ggml_backend_cuda_graph_compute: CUDA graph warmup complete
[chk] L8 e113 pcie rel 2.228e-02
[chk] L8 e141 hit  rel 2.039e-02
[chk] L8 e20 hit  rel 2.003e-02
[chk] L8 e106 hit  rel 2.083e-02
[chk] L9 e149 hit  rel 2.127e-02
[chk] L9 e148 pcie rel 2.004e-02
[chk] L9 e153 pcie rel 1.976e-02
[chk] L9 e44 pcie rel 2.244e-02
ggml_backend_cuda_graph_compute: CUDA graph warmup complete
[chk] L10 e135 hit  rel 2.175e-02
[chk] L10 e30 hit  rel 1.983e-02
[chk] L10 e210 pcie rel 2.331e-02
[chk] L10 e12 pcie rel 1.956e-02
[chk] L11 e129 hit  rel 1.904e-02
[chk] L11 e19 pcie rel 1.820e-02
[chk] L11 e45 pcie rel 1.847e-02
ggml_backend_cuda_graph_compute: CUDA graph warmup complete
[chk] L12 e229 hit  rel 2.443e-02
[chk] L12 e29 hit  rel 2.031e-02
[chk] L12 e90 pcie rel 2.086e-02
[chk] L12 e127 hit  rel 2.360e-02
[chk] L12 e235 pcie rel 2.014e-02
[chk] L13 e122 hit  rel 2.296e-02
[chk] L13 e144 pcie rel 2.006e-02
[chk] L13 e132 pcie rel 1.847e-02
ggml_backend_cuda_graph_compute: CUDA graph warmup complete
[chk] L14 e56 hit  rel 1.960e-02
[chk] L14 e187 hit  rel 1.949e-02
[chk] L14 e118 hit  rel 1.874e-02
[chk] L14 e132 hit  rel 2.070e-02
[chk] L14 e21 hit  rel 2.139e-02
[chk] L14 e46 pcie rel 1.987e-02
[chk] L15 e53 hit  rel 1.979e-02
[chk] L15 e207 hit  rel 2.165e-02
[chk] L15 e37 pcie rel 2.126e-02
[chk] L15 e39 hit  rel 2.114e-02
[chk] L15 e215 hit  rel 1.772e-02
ggml_backend_cuda_graph_compute: CUDA graph warmup complete
[chk] L16 e2 hit  rel 2.060e-02
[chk] L16 e12 hit  rel 1.771e-02
[chk] L16 e178 pcie rel 1.911e-02
[chk] L16 e64 pcie rel 1.976e-02
[chk] L17 e187 hit  rel 1.982e-02
[chk] L17 e5 hit  rel 2.264e-02
[chk] L17 e25 hit  rel 1.908e-02
[chk] L17 e251 pcie rel 1.862e-02
ggml_backend_cuda_graph_compute: CUDA graph warmup complete
[chk] L18 e100 hit  rel 1.893e-02
[chk] L18 e71 pcie rel 2.195e-02
[chk] L18 e234 hit  rel 2.062e-02
[chk] L18 e103 pcie rel 2.066e-02
[chk] L19 e60 hit  rel 1.994e-02
[chk] L19 e109 pcie rel 1.864e-02
[chk] L19 e9 pcie rel 1.899e-02
[chk] L19 e46 hit  rel 2.414e-02
ggml_backend_cuda_graph_compute: CUDA graph warmup complete
[chk] L20 e220 hit  rel 1.849e-02
[chk] L20 e149 hit  rel 1.947e-02
[chk] L20 e27 hit  rel 1.912e-02
[chk] L20 e128 hit  rel 2.557e-02
[chk] L20 e173 pcie rel 1.904e-02
[chk] L21 e59 hit  rel 2.016e-02
[chk] L21 e70 hit  rel 2.011e-02
[chk] L21 e18 pcie rel 1.888e-02
[chk] L21 e155 pcie rel 1.845e-02
ggml_backend_cuda_graph_compute: CUDA graph warmup complete
[chk] L22 e170 pcie rel 1.859e-02
[chk] L22 e19 hit  rel 1.838e-02
[chk] L22 e247 pcie rel 2.006e-02
[chk] L22 e194 hit  rel 2.208e-02
[chk] L23 e134 hit  rel 2.019e-02
[chk] L23 e57 hit  rel 2.236e-02
[chk] L23 e132 hit  rel 1.956e-02
[chk] L23 e194 pcie rel 2.318e-02
[chk] L23 e54 hit  rel 2.169e-02
ggml_backend_cuda_graph_compute: CUDA graph warmup complete
[chk] L24 e36 hit  rel 1.846e-02
[chk] L24 e176 hit  rel 1.924e-02
[chk] L24 e132 hit  rel 1.853e-02
[chk] L24 e162 hit  rel 2.015e-02
[chk] L24 e228 pcie rel 2.085e-02
[chk] L25 e43 hit  rel 1.958e-02
[chk] L25 e174 pcie rel 1.978e-02
[chk] L25 e53 hit  rel 2.263e-02
[chk] L25 e69 hit  rel 2.338e-02
ggml_backend_cuda_graph_compute: CUDA graph warmup complete
[chk] L26 e88 hit  rel 1.970e-02
[chk] L26 e177 hit  rel 2.112e-02
[chk] L26 e188 pcie rel 1.982e-02
[chk] L26 e214 pcie rel 1.951e-02
[chk] L26 e202 hit  rel 2.148e-02
[chk] L27 e10 hit  rel 2.089e-02
[chk] L27 e76 hit  rel 2.116e-02
[chk] L27 e53 pcie rel 2.143e-02
[chk] L27 e236 pcie rel 2.048e-02
ggml_backend_cuda_graph_compute: CUDA graph warmup complete
[chk] L28 e126 hit  rel 2.068e-02
[chk] L28 e209 hit  rel 1.946e-02
[chk] L28 e243 hit  rel 2.393e-02
[chk] L28 e80 hit  rel 2.227e-02
[chk] L28 e96 pcie rel 2.110e-02
[chk] L29 e105 hit  rel 2.095e-02
[chk] L29 e240 hit  rel 1.728e-02
[chk] L29 e57 hit  rel 1.934e-02
[chk] L29 e143 pcie rel 2.392e-02
ggml_backend_cuda_graph_compute: CUDA graph warmup complete
[chk] L30 e62 hit  rel 2.070e-02
[chk] L30 e82 hit  rel 1.997e-02
[chk] L30 e238 hit  rel 2.207e-02
[chk] L30 e135 pcie rel 2.075e-02
[chk] L30 e37 pcie rel 2.262e-02
[chk] L31 e208 hit  rel 2.056e-02
[chk] L31 e27 hit  rel 2.151e-02
[chk] L31 e76 hit  rel 2.542e-02
[chk] L31 e89 hit  rel 2.208e-02
[chk] L31 e113 hit  rel 2.184e-02
ggml_backend_cuda_graph_compute: CUDA graph warmup complete
[chk] L32 e164 hit  rel 1.896e-02
[chk] L32 e1 hit  rel 1.982e-02
[chk] L32 e121 pcie rel 2.052e-02
[chk] L32 e36 pcie rel 2.798e-02
[chk] L32 e109 hit  rel 2.163e-02
[chk] L33 e247 hit  rel 2.174e-02
[chk] L33 e116 pcie rel 2.068e-02
[chk] L33 e185 pcie rel 2.104e-02
[chk] L33 e117 hit  rel 2.147e-02
ggml_backend_cuda_graph_compute: CUDA graph warmup complete
[chk] L34 e113 hit  rel 2.151e-02
[chk] L34 e135 hit  rel 2.142e-02
[chk] L34 e97 hit  rel 2.118e-02
[chk] L34 e53 hit  rel 2.279e-02
[chk] L34 e81 hit  rel 1.958e-02
[chk] L35 e143 hit  rel 2.346e-02
[chk] L35 e142 hit  rel 2.179e-02
[chk] L35 e247 hit  rel 2.224e-02
[chk] L35 e217 pcie rel 1.976e-02
[chk] L35 e103 pcie rel 2.372e-02
ggml_backend_cuda_graph_compute: CUDA graph warmup complete
[chk] L36 e20 hit  rel 2.199e-02
[chk] L36 e254 pcie rel 2.209e-02
[chk] L36 e5 hit  rel 2.122e-02
[chk] L36 e199 hit  rel 2.127e-02
[chk] L36 e248 hit  rel 2.176e-02
[chk] L37 e32 hit  rel 1.955e-02
[chk] L37 e170 pcie rel 2.026e-02
[chk] L37 e214 hit  rel 2.183e-02
ggml_backend_cuda_graph_compute: CUDA graph warmup complete
[chk] L38 e63 hit  rel 1.890e-02
[chk] L38 e162 hit  rel 2.258e-02
[chk] L38 e11 hit  rel 2.218e-02
[chk] L38 e187 pcie rel 2.368e-02
[chk] L38 e139 pcie rel 2.121e-02
[chk] L39 e139 hit  rel 1.742e-02
[chk] L39 e180 hit  rel 2.079e-02
[chk] L39 e182 hit  rel 1.432e-02
[chk] L39 e54 hit  rel 2.742e-02
[chk] L39 e235 hit  rel 1.634e-02
ggml_backend_cuda_graph_compute: CUDA graph warmup complete
[chk] L40 e22 hit  rel 1.988e-02
[chk] L40 e108 hit  rel 1.966e-02
[chk] L40 e47 pcie rel 2.213e-02
[chk] L40 e180 pcie rel 2.160e-02
[chk] L40 e145 hit  rel 1.514e-02
[chk] L41 e190 hit  rel 2.127e-02
[chk] L41 e29 pcie rel 1.797e-02
[chk] L41 e236 hit  rel 2.121e-02
[chk] L41 e192 hit  rel 1.696e-02
[chk] L41 e241 hit  rel 1.895e-02
ggml_backend_cuda_graph_compute: CUDA graph warmup complete
[chk] L42 e225 hit  rel 1.729e-02
[chk] L42 e236 pcie rel 2.064e-02
[chk] L42 e50 hit  rel 1.798e-02
[chk] L42 e67 hit  rel 1.955e-02
[chk] L0 e93 pcie rel 2.671e-02
[chk] L0 e50 hit  rel 2.103e-02
[chk] L0 e255 pcie rel 2.662e-02
[chk] L0 e51 hit  rel 2.520e-02
[chk] L0 e27 hit  rel 2.575e-02
[chk] L1 e107 pcie rel 2.393e-02
[chk] L1 e79 hit  rel 1.830e-02
[chk] L1 e149 hit  rel 2.007e-02
[chk] L1 e8 pcie rel 2.247e-02
[chk] L2 e1 hit  rel 2.211e-02
[chk] L2 e146 hit  rel 2.046e-02
[chk] L2 e65 hit  rel 1.976e-02
[chk] L2 e177 pcie rel 2.252e-02
[chk] L3 e103 pcie rel 2.378e-02
[chk] L3 e165 pcie rel 2.205e-02
[chk] L3 e233 pcie rel 2.333e-02
[chk] L3 e188 hit  rel 1.900e-02
[chk] L4 e170 hit  rel 1.767e-02
[chk] L4 e103 hit  rel 2.184e-02
[chk] L4 e139 hit  rel 1.848e-02
[chk] L4 e46 pcie rel 2.337e-02
[chk] L4 e34 hit  rel 2.300e-02
[chk] L5 e42 hit  rel 2.391e-02
[chk] L5 e112 hit  rel 2.121e-02
[chk] L5 e8 pcie rel 1.791e-02
[chk] L5 e1 pcie rel 1.877e-02
[chk] L6 e233 hit  rel 2.237e-02
[chk] L6 e224 hit  rel 2.628e-02
[chk] L6 e203 hit  rel 1.931e-02
[chk] L6 e108 hit  rel 2.163e-02
[chk] L6 e38 hit  rel 2.291e-02
[chk] L7 e170 hit  rel 2.936e-02
[chk] L7 e214 hit  rel 2.131e-02
[chk] L7 e160 hit  rel 2.522e-02
[chk] L7 e235 pcie rel 1.967e-02
[chk] L7 e223 hit  rel 1.968e-02
[chk] L8 e231 hit  rel 2.345e-02
[chk] L8 e128 hit  rel 1.970e-02
[chk] L8 e106 hit  rel 2.083e-02
[chk] L8 e79 pcie rel 2.151e-02
[chk] L8 e194 hit  rel 2.175e-02
[chk] L8 e105 hit  rel 2.125e-02
[chk] L9 e226 hit  rel 2.358e-02
[chk] L9 e149 hit  rel 2.004e-02
[chk] L9 e191 hit  rel 1.986e-02
[chk] L9 e186 hit  rel 2.357e-02
[chk] L9 e106 hit  rel 2.150e-02
[chk] L10 e15 hit  rel 2.006e-02
[chk] L10 e150 hit  rel 1.904e-02
[chk] L10 e92 hit  rel 2.211e-02
[chk] L10 e135 hit  rel 1.864e-02
[chk] L10 e251 pcie rel 1.830e-02
[chk] L11 e7 hit  rel 2.319e-02
[chk] L11 e122 hit  rel 2.053e-02
[chk] L11 e107 pcie rel 1.913e-02
[chk] L11 e207 hit  rel 1.922e-02
[chk] L11 e19 pcie rel 1.839e-02
[chk] L12 e127 hit  rel 1.775e-02
[chk] L12 e29 hit  rel 2.047e-02
[chk] L12 e229 hit  rel 2.124e-02
[chk] L12 e19 hit  rel 2.116e-02
[chk] L12 e177 hit  rel 2.056e-02
[chk] L13 e122 hit  rel 2.207e-02
[chk] L13 e165 hit  rel 1.866e-02
[chk] L13 e40 hit  rel 1.871e-02
[chk] L13 e145 hit  rel 2.022e-02
[chk] L13 e75 pcie rel 2.123e-02
[chk] L14 e56 hit  rel 2.057e-02
[chk] L14 e132 hit  rel 2.228e-02
[chk] L14 e118 hit  rel 1.770e-02
[chk] L14 e82 pcie rel 2.038e-02
[chk] L14 e187 hit  rel 1.811e-02
[chk] L15 e207 hit  rel 2.242e-02
[chk] L15 e53 hit  rel 1.904e-02
[chk] L15 e39 hit  rel 1.948e-02
[chk] L15 e65 pcie rel 1.970e-02
[chk] L15 e240 hit  rel 2.007e-02
[chk] L16 e12 hit  rel 2.148e-02
[chk] L16 e2 hit  rel 1.965e-02
[chk] L16 e46 pcie rel 1.767e-02
[chk] L16 e178 pcie rel 1.951e-02
[chk] L16 e128 hit  rel 2.171e-02
[chk] L17 e5 hit  rel 1.983e-02
[chk] L17 e187 hit  rel 1.901e-02
[chk] L17 e25 hit  rel 2.124e-02
[chk] L17 e236 pcie rel 1.956e-02
[chk] L18 e100 hit  rel 2.043e-02
[chk] L18 e71 pcie rel 2.278e-02
[chk] L18 e233 pcie rel 2.081e-02
[chk] L19 e114 pcie rel 1.936e-02
[chk] L19 e13 hit  rel 1.972e-02
[chk] L19 e46 hit  rel 2.250e-02
[chk] L19 e71 pcie rel 1.815e-02
[chk] L20 e199 hit  rel 1.970e-02
[chk] L20 e220 hit  rel 1.911e-02
[chk] L20 e206 pcie rel 1.889e-02
[chk] L20 e27 hit  rel 1.991e-02
[chk] L20 e223 pcie rel 1.909e-02
[chk] L21 e59 hit  rel 1.731e-02
[chk] L21 e190 pcie rel 1.828e-02
[chk] L21 e155 pcie rel 1.847e-02
[chk] L21 e26 hit  rel 2.362e-02
[chk] L22 e182 pcie rel 1.851e-02
[chk] L22 e254 pcie rel 1.947e-02
[chk] L22 e83 pcie rel 1.864e-02
[chk] L23 e134 hit  rel 1.992e-02
[chk] L23 e57 hit  rel 2.194e-02
[chk] L23 e132 hit  rel 1.911e-02
[chk] L23 e54 hit  rel 2.059e-02
[chk] L23 e194 pcie rel 2.080e-02
[chk] L24 e36 hit  rel 2.231e-02
[chk] L24 e176 hit  rel 1.865e-02
[chk] L24 e132 hit  rel 1.776e-02
[chk] L24 e162 hit  rel 1.890e-02
[chk] L25 e43 hit  rel 2.011e-02
[chk] L25 e174 pcie rel 2.074e-02
[chk] L25 e216 pcie rel 2.039e-02
[chk] L25 e129 pcie rel 2.051e-02
[chk] L26 e88 hit  rel 2.010e-02
[chk] L26 e177 hit  rel 1.917e-02
[chk] L26 e202 hit  rel 2.278e-02
[chk] L26 e214 pcie rel 2.236e-02
[chk] L27 e10 hit  rel 1.990e-02
[chk] L27 e76 hit  rel 2.147e-02
[chk] L27 e53 pcie rel 2.109e-02
[chk] L27 e234 pcie rel 2.059e-02
[chk] L28 e126 hit  rel 2.083e-02
[chk] L28 e209 hit  rel 1.983e-02
[chk] L28 e243 hit  rel 2.006e-02
[chk] L28 e118 pcie rel 1.909e-02
[chk] L28 e85 hit  rel 2.025e-02
[chk] L29 e105 hit  rel 2.155e-02
[chk] L29 e247 pcie rel 2.179e-02
[chk] L29 e57 hit  rel 2.038e-02
[chk] L29 e143 pcie rel 2.353e-02
[chk] L30 e36 hit  rel 1.883e-02
[chk] L30 e238 hit  rel 2.145e-02
[chk] L30 e109 pcie rel 2.122e-02
[chk] L30 e213 pcie rel 2.151e-02
[chk] L31 e27 hit  rel 2.271e-02
[chk] L31 e208 hit  rel 2.133e-02
[chk] L31 e89 hit  rel 2.285e-02
[chk] L31 e242 pcie rel 2.018e-02
[chk] L32 e164 hit  rel 1.906e-02
[chk] L32 e121 pcie rel 2.223e-02
[chk] L32 e172 pcie rel 2.191e-02
[chk] L32 e1 hit  rel 2.033e-02
[chk] L32 e140 hit  rel 2.116e-02
[chk] L33 e247 hit  rel 2.311e-02
[chk] L33 e185 pcie rel 2.298e-02
[chk] L33 e136 pcie rel 2.110e-02
[chk] L34 e113 hit  rel 2.198e-02
[chk] L34 e135 hit  rel 2.128e-02
[chk] L34 e81 hit  rel 1.970e-02
[chk] L34 e59 pcie rel 1.995e-02
[chk] L34 e97 hit  rel 2.155e-02
[chk] L35 e143 hit  rel 2.127e-02
[chk] L35 e142 hit  rel 2.404e-02
[chk] L35 e247 hit  rel 2.251e-02
[chk] L35 e178 hit  rel 2.230e-02
[chk] L35 e103 pcie rel 2.073e-02
[chk] L36 e20 hit  rel 2.240e-02
[chk] L36 e5 hit  rel 2.190e-02
[chk] L36 e248 hit  rel 2.110e-02
[chk] L36 e199 hit  rel 2.112e-02
[chk] L36 e123 pcie rel 2.304e-02
[chk] L37 e32 hit  rel 2.174e-02
[chk] L37 e147 pcie rel 2.094e-02
[chk] L37 e170 pcie rel 1.946e-02
[chk] L37 e214 hit  rel 2.084e-02
[chk] L38 e63 hit  rel 2.316e-02
[chk] L38 e162 hit  rel 2.191e-02
[chk] L38 e11 hit  rel 2.012e-02
[chk] L38 e148 pcie rel 2.242e-02
[chk] L38 e67 hit  rel 2.212e-02
[chk] L39 e139 hit  rel 1.913e-02
[chk] L39 e223 hit  rel 1.794e-02
[chk] L39 e70 hit  rel 2.059e-02
[chk] L39 e73 pcie rel 2.013e-02
[chk] L39 e54 hit  rel 2.366e-02
[chk] L40 e47 pcie rel 2.181e-02
[chk] L40 e22 hit  rel 1.924e-02
[chk] L40 e108 hit  rel 2.224e-02
[chk] L40 e87 hit  rel 2.775e-02
[chk] L40 e24 hit  rel 1.467e-02
[chk] L41 e190 hit  rel 2.064e-02
[chk] L41 e236 hit  rel 2.420e-02
[chk] L41 e65 pcie rel 2.149e-02
[chk] L41 e192 hit  rel 1.600e-02
[chk] L41 e12 hit  rel 1.952e-02
[chk] L42 e225 hit  rel 1.736e-02
[chk] L42 e15 hit  rel 1.782e-02
[chk] L42 e67 hit  rel 2.373e-02
[chk] L42 e193 pcie rel 2.583e-02
[chk] L42 e33 hit  rel 1.893e-02
[chk] L0 e169 pcie rel 1.930e-02
[chk] L0 e114 pcie rel 1.899e-02
[chk] L0 e243 pcie rel 2.239e-02
[chk] L1 e15 hit  rel 2.006e-02
[chk] L1 e237 hit  rel 1.858e-02
[chk] L1 e247 pcie rel 1.853e-02
[chk] L1 e217 pcie rel 1.990e-02
[chk] L2 e98 pcie rel 2.020e-02
[chk] L2 e212 pcie rel 2.055e-02
[chk] L2 e128 hit  rel 2.003e-02
[chk] L2 e1 hit  rel 1.821e-02
[chk] L3 e237 hit  rel 2.207e-02
[chk] L3 e188 hit  rel 2.690e-02
[chk] L3 e173 hit  rel 1.549e-02
[chk] L3 e233 pcie rel 2.156e-02
[chk] L4 e32 hit  rel 2.362e-02
[chk] L4 e139 hit  rel 1.862e-02
[chk] L4 e170 hit  rel 1.976e-02
[chk] L4 e184 hit  rel 2.056e-02
[chk] L4 e63 pcie rel 2.289e-02
[chk] L5 e42 hit  rel 2.675e-02
[chk] L5 e112 hit  rel 2.689e-02
[chk] L5 e215 pcie rel 2.151e-02
[chk] L5 e10 hit  rel 1.943e-02
[chk] L5 e237 pcie rel 1.890e-02
[chk] L6 e203 hit  rel 2.106e-02
[chk] L6 e233 hit  rel 1.995e-02
[chk] L6 e11 pcie rel 1.823e-02
[chk] L6 e243 pcie rel 1.907e-02
[chk] L7 e160 hit  rel 2.933e-02
[chk] L7 e214 hit  rel 2.180e-02
[chk] L7 e61 pcie rel 2.036e-02
[chk] L7 e170 hit  rel 2.767e-02
[chk] L7 e223 hit  rel 2.683e-02
[chk] L8 e106 hit  rel 2.295e-02
[chk] L8 e168 hit  rel 2.626e-02
[chk] L8 e128 hit  rel 2.290e-02
[chk] L8 e80 pcie rel 2.199e-02
[chk] L8 e231 hit  rel 2.141e-02
[chk] L9 e195 hit  rel 2.259e-02
[chk] L9 e149 hit  rel 1.974e-02
[chk] L9 e226 hit  rel 1.831e-02
[chk] L9 e253 hit  rel 2.186e-02
[chk] L9 e32 hit  rel 2.225e-02
[chk] L10 e150 hit  rel 1.933e-02
[chk] L10 e24 pcie rel 2.549e-02
[chk] L10 e210 pcie rel 1.786e-02
[chk] L10 e140 hit  rel 2.143e-02
[chk] L11 e7 hit  rel 2.099e-02
[chk] L11 e122 hit  rel 2.100e-02
[chk] L11 e2 pcie rel 2.084e-02
[chk] L11 e23 pcie rel 1.979e-02
[chk] L11 e202 hit  rel 2.051e-02
[chk] L12 e29 hit  rel 2.278e-02
[chk] L12 e127 hit  rel 2.202e-02
[chk] L12 e229 hit  rel 1.977e-02
[chk] L12 e26 pcie rel 2.194e-02
[chk] L13 e122 hit  rel 2.686e-02
[chk] L13 e157 hit  rel 2.058e-02
[chk] L13 e111 pcie rel 2.236e-02
[chk] L13 e57 hit  rel 2.314e-02
[chk] L14 e56 hit  rel 2.104e-02
[chk] L14 e132 hit  rel 2.344e-02
[chk] L14 e187 hit  rel 2.147e-02
[chk] L14 e21 hit  rel 1.937e-02
[chk] L14 e136 pcie rel 2.142e-02
[chk] L15 e53 hit  rel 2.340e-02
[chk] L15 e250 pcie rel 1.957e-02
[chk] L15 e139 hit  rel 1.963e-02
[chk] L15 e174 pcie rel 1.984e-02
[chk] L15 e39 hit  rel 2.086e-02
[chk] L16 e0 hit  rel 2.117e-02
[chk] L16 e43 pcie rel 1.959e-02
[chk] L16 e129 hit  rel 2.129e-02
[chk] L16 e13 pcie rel 1.758e-02
[chk] L17 e187 hit  rel 2.144e-02
[chk] L17 e252 pcie rel 2.137e-02
[chk] L17 e138 pcie rel 2.196e-02
[chk] L18 e100 hit  rel 1.888e-02
[chk] L18 e234 hit  rel 2.033e-02
[chk] L18 e233 pcie rel 1.994e-02
[chk] L18 e182 pcie rel 2.028e-02
[chk] L19 e160 hit  rel 2.162e-02
[chk] L19 e44 hit  rel 2.120e-02
[chk] L19 e29 pcie rel 2.174e-02
[chk] L19 e249 hit  rel 1.934e-02
[chk] L19 e254 hit  rel 1.846e-02
[chk] L20 e242 pcie rel 1.874e-02
[chk] L20 e206 pcie rel 2.161e-02
[chk] L20 e3 hit  rel 2.096e-02
[chk] L21 e59 hit  rel 2.100e-02
[chk] L21 e155 pcie rel 1.978e-02
[chk] L21 e15 pcie rel 2.193e-02
[chk] L21 e26 hit  rel 2.520e-02
[chk] L22 e144 pcie rel 1.358e-02
[chk] L22 e241 pcie rel 1.799e-02
[chk] L22 e176 pcie rel 1.909e-02
[chk] L23 e134 hit  rel 1.872e-02
[chk] L23 e57 hit  rel 1.896e-02
[chk] L23 e52 pcie rel 1.959e-02
[chk] L23 e253 pcie rel 2.170e-02
[chk] L23 e132 hit  rel 2.087e-02
[chk] L24 e36 hit  rel 2.447e-02
[chk] L24 e176 hit  rel 1.938e-02
[chk] L24 e132 hit  rel 1.894e-02
[chk] L24 e84 hit  rel 2.038e-02
[chk] L25 e69 hit  rel 2.249e-02
[chk] L25 e137 pcie rel 1.839e-02
[chk] L25 e43 hit  rel 2.097e-02
[chk] L25 e174 pcie rel 2.007e-02
[chk] L26 e88 hit  rel 1.967e-02
[chk] L26 e177 hit  rel 1.979e-02
[chk] L26 e245 pcie rel 2.040e-02
[chk] L26 e154 pcie rel 1.932e-02
[chk] L27 e10 hit  rel 2.038e-02
[chk] L27 e76 hit  rel 1.964e-02
[chk] L27 e53 pcie rel 1.894e-02
[chk] L27 e7 pcie rel 2.041e-02
[chk] L28 e126 hit  rel 2.057e-02
[chk] L28 e243 hit  rel 2.037e-02
[chk] L28 e209 hit  rel 2.450e-02
[chk] L28 e26 pcie rel 1.966e-02
[chk] L28 e21 pcie rel 2.009e-02
[chk] L29 e57 hit  rel 2.317e-02
[chk] L29 e105 hit  rel 2.165e-02
[chk] L29 e163 pcie rel 2.157e-02
[chk] L29 e196 pcie rel 2.075e-02
[chk] L30 e36 hit  rel 1.991e-02
[chk] L30 e238 hit  rel 2.205e-02
[chk] L30 e213 pcie rel 2.176e-02
[chk] L30 e118 hit  rel 2.220e-02
[chk] L31 e27 hit  rel 2.103e-02
[chk] L31 e208 hit  rel 2.081e-02
[chk] L31 e161 pcie rel 1.941e-02
[chk] L31 e89 hit  rel 2.288e-02
[chk] L31 e92 pcie rel 2.207e-02
[chk] L32 e164 hit  rel 2.099e-02
[chk] L32 e140 hit  rel 2.097e-02
[chk] L32 e92 pcie rel 2.310e-02
[chk] L33 e247 hit  rel 2.071e-02
[chk] L33 e38 pcie rel 2.226e-02
[chk] L33 e102 pcie rel 2.217e-02
[chk] L33 e147 hit  rel 2.222e-02
[chk] L34 e113 hit  rel 2.473e-02
[chk] L34 e135 hit  rel 2.242e-02
[chk] L34 e53 hit  rel 1.932e-02
[chk] L34 e127 pcie rel 2.046e-02
[chk] L34 e189 pcie rel 2.063e-02
[chk] L35 e142 hit  rel 2.033e-02
[chk] L35 e0 hit  rel 2.339e-02
[chk] L35 e129 pcie rel 2.136e-02
[chk] L35 e146 hit  rel 2.255e-02
[chk] L36 e20 hit  rel 2.143e-02
[chk] L36 e199 hit  rel 1.864e-02
[chk] L36 e248 hit  rel 2.095e-02
[chk] L36 e76 hit  rel 2.020e-02
[chk] L36 e160 pcie rel 2.120e-02
[chk] L36 e5 hit  rel 2.149e-02
[chk] L37 e32 hit  rel 2.138e-02
[chk] L37 e100 hit  rel 2.194e-02
[chk] L37 e170 pcie rel 2.172e-02
[chk] L38 e63 hit  rel 2.173e-02
[chk] L38 e139 pcie rel 2.204e-02
[chk] L38 e162 hit  rel 2.188e-02
[chk] L38 e148 pcie rel 2.133e-02
[chk] L38 e16 hit  rel 2.126e-02
[chk] L39 e139 hit  rel 2.012e-02
[chk] L39 e60 hit  rel 1.956e-02
[chk] L39 e70 hit  rel 2.128e-02
[chk] L39 e85 hit  rel 1.912e-02
[chk] L39 e235 hit  rel 2.118e-02
[chk] L40 e108 hit  rel 2.100e-02
[chk] L40 e109 hit  rel 1.978e-02
[chk] L40 e211 pcie rel 2.085e-02
[chk] L40 e180 pcie rel 2.135e-02
[chk] L41 e190 hit  rel 2.080e-02
[chk] L41 e95 hit  rel 1.993e-02
[chk] L41 e29 pcie rel 1.907e-02
[chk] L41 e241 hit  rel 2.369e-02
[chk] L41 e66 hit  rel 2.559e-02
[chk] L42 e233 hit  rel 1.565e-02
[chk] L42 e50 hit  rel 2.226e-02
[chk] L42 e78 pcie rel 1.787e-02
[chk] L42 e225 hit  rel 1.807e-02
[chk] L42 e34 pcie rel 2.207e-02
[chk] L0 e115 hit  rel 1.861e-02
[chk] L0 e0 hit  rel 2.049e-02
[chk] L0 e62 hit  rel 1.947e-02
[chk] L0 e2 pcie rel 1.999e-02
[chk] L1 e163 hit  rel 1.879e-02
[chk] L1 e52 pcie rel 1.787e-02
[chk] L1 e123 pcie rel 1.861e-02
[chk] L1 e249 pcie rel 2.045e-02
[chk] L2 e45 pcie rel 1.893e-02
[chk] L2 e6 pcie rel 2.040e-02
[chk] L2 e13 hit  rel 1.915e-02
[chk] L3 e237 hit  rel 2.487e-02
[chk] L3 e174 pcie rel 1.849e-02
[chk] L3 e173 hit  rel 1.467e-02
[chk] L3 e93 pcie rel 1.855e-02
[chk] L4 e32 hit  rel 2.238e-02
[chk] L4 e139 hit  rel 2.045e-02
[chk] L4 e26 pcie rel 2.477e-02
[chk] L4 e174 pcie rel 2.281e-02
[chk] L4 e170 hit  rel 1.803e-02
[chk] L5 e42 hit  rel 2.212e-02
[chk] L5 e112 hit  rel 2.146e-02
[chk] L5 e149 hit  rel 2.264e-02
[chk] L5 e155 hit  rel 2.631e-02
[chk] L5 e126 pcie rel 1.891e-02
[chk] L6 e162 pcie rel 2.608e-02
[chk] L6 e50 hit  rel 2.545e-02
[chk] L6 e233 hit  rel 2.333e-02
[chk] L6 e166 hit  rel 1.954e-02
[chk] L6 e224 hit  rel 2.269e-02
[chk] L7 e160 hit  rel 2.568e-02
[chk] L7 e214 hit  rel 2.250e-02
[chk] L7 e170 hit  rel 2.174e-02
[chk] L7 e223 hit  rel 2.723e-02
[chk] L7 e93 hit  rel 2.320e-02
[chk] L8 e239 hit  rel 2.069e-02
[chk] L8 e106 hit  rel 2.218e-02
[chk] L8 e231 hit  rel 2.046e-02
[chk] L8 e168 hit  rel 2.177e-02
[chk] L8 e189 hit  rel 2.162e-02
[chk] L8 e105 hit  rel 2.303e-02
[chk] L9 e253 hit  rel 2.237e-02
[chk] L9 e122 pcie rel 2.298e-02
[chk] L9 e226 hit  rel 2.008e-02
[chk] L9 e251 pcie rel 2.079e-02
[chk] L10 e51 pcie rel 1.925e-02
[chk] L10 e15 hit  rel 2.046e-02
[chk] L10 e252 pcie rel 2.030e-02
[chk] L10 e30 hit  rel 2.117e-02
[chk] L10 e19 hit  rel 1.743e-02
[chk] L11 e7 hit  rel 2.437e-02
[chk] L11 e129 hit  rel 1.998e-02
[chk] L11 e33 hit  rel 1.932e-02
[chk] L11 e203 pcie rel 2.093e-02
[chk] L11 e202 hit  rel 2.114e-02
[chk] L12 e127 hit  rel 2.338e-02
[chk] L12 e229 hit  rel 1.672e-02
[chk] L12 e29 hit  rel 2.142e-02
[chk] L12 e128 pcie rel 1.912e-02
[chk] L13 e122 hit  rel 1.993e-02
[chk] L13 e145 hit  rel 1.803e-02
[chk] L13 e57 hit  rel 2.068e-02
[chk] L13 e175 pcie rel 1.948e-02
[chk] L13 e40 hit  rel 2.122e-02
[chk] L14 e132 hit  rel 2.305e-02
[chk] L14 e50 hit  rel 2.066e-02
[chk] L14 e82 pcie rel 1.800e-02
[chk] L14 e21 hit  rel 2.279e-02
[chk] L14 e10 hit  rel 2.101e-02
[chk] L15 e53 hit  rel 2.253e-02
[chk] L15 e97 hit  rel 1.918e-02
[chk] L15 e173 pcie rel 1.877e-02
[chk] L15 e39 hit  rel 2.065e-02
[chk] L15 e207 hit  rel 2.038e-02
[chk] L16 e14 hit  rel 1.893e-02
[chk] L16 e185 hit  rel 2.391e-02
[chk] L16 e2 hit  rel 1.978e-02
[chk] L16 e209 hit  rel 1.893e-02
[chk] L16 e48 pcie rel 1.888e-02
[chk] L17 e187 hit  rel 2.115e-02
[chk] L17 e42 pcie rel 1.794e-02
[chk] L17 e5 hit  rel 1.766e-02
[chk] L17 e77 pcie rel 1.932e-02
[chk] L18 e234 hit  rel 2.197e-02
[chk] L18 e100 hit  rel 1.942e-02
[chk] L18 e103 pcie rel 1.813e-02
[chk] L18 e3 pcie rel 2.156e-02
[chk] L19 e249 hit  rel 2.284e-02
[chk] L19 e44 hit  rel 2.388e-02
[chk] L19 e254 hit  rel 2.083e-02
[chk] L19 e174 pcie rel 2.044e-02
[chk] L19 e46 hit  rel 2.056e-02
[chk] L20 e27 hit  rel 2.001e-02
[chk] L20 e137 hit  rel 2.013e-02
[chk] L20 e3 hit  rel 2.038e-02
[chk] L20 e96 pcie rel 1.866e-02
[chk] L21 e59 hit  rel 2.018e-02
[chk] L21 e115 pcie rel 2.106e-02
[chk] L21 e65 hit  rel 2.266e-02
[chk] L21 e18 pcie rel 1.796e-02
[chk] L22 e244 pcie rel 1.802e-02
[chk] L22 e23 pcie rel 1.879e-02
[chk] L22 e223 hit  rel 2.026e-02
[chk] L22 e175 pcie rel 1.968e-02
[chk] L23 e134 hit  rel 2.097e-02
[chk] L23 e190 hit  rel 2.273e-02
[chk] L23 e97 pcie rel 1.954e-02
[chk] L23 e208 pcie rel 2.002e-02
[chk] L24 e36 hit  rel 2.061e-02
[chk] L24 e176 hit  rel 2.041e-02
[chk] L24 e84 hit  rel 1.977e-02
[chk] L24 e59 pcie rel 1.951e-02
[chk] L24 e167 hit  rel 2.075e-02
[chk] L25 e69 hit  rel 2.290e-02
[chk] L25 e43 hit  rel 2.155e-02
[chk] L25 e103 hit  rel 2.043e-02
[chk] L25 e222 pcie rel 2.134e-02
[chk] L26 e88 hit  rel 1.979e-02
[chk] L26 e177 hit  rel 2.030e-02
[chk] L26 e117 pcie rel 2.042e-02
[chk] L26 e162 hit  rel 2.180e-02
[chk] L26 e217 hit  rel 1.942e-02
[chk] L27 e10 hit  rel 2.069e-02
[chk] L27 e53 pcie rel 2.442e-02
[chk] L27 e248 pcie rel 2.019e-02
[chk] L27 e242 hit  rel 2.290e-02
[chk] L27 e76 hit  rel 2.119e-02
[chk] L28 e243 hit  rel 2.086e-02
[chk] L28 e126 hit  rel 2.188e-02
[chk] L28 e209 hit  rel 2.123e-02
[chk] L28 e40 pcie rel 2.167e-02
[chk] L29 e57 hit  rel 2.084e-02
[chk] L29 e105 hit  rel 2.012e-02
[chk] L29 e43 pcie rel 2.264e-02
[chk] L29 e143 pcie rel 2.382e-02
[chk] L30 e118 hit  rel 2.295e-02
[chk] L30 e162 hit  rel 1.952e-02
[chk] L30 e101 hit  rel 2.112e-02
[chk] L30 e238 hit  rel 2.074e-02
[chk] L30 e87 pcie rel 2.290e-02
[chk] L31 e27 hit  rel 2.004e-02
[chk] L31 e208 hit  rel 2.076e-02
[chk] L31 e193 hit  rel 2.245e-02
[chk] L31 e6 pcie rel 2.003e-02
[chk] L31 e89 hit  rel 2.150e-02
[chk] L32 e164 hit  rel 2.233e-02
[chk] L32 e140 hit  rel 2.208e-02
[chk] L32 e124 pcie rel 2.315e-02
[chk] L32 e180 pcie rel 2.079e-02
[chk] L33 e247 hit  rel 2.011e-02
[chk] L33 e132 hit  rel 2.044e-02
[chk] L33 e236 pcie rel 2.104e-02
[chk] L33 e38 pcie rel 2.195e-02
[chk] L34 e113 hit  rel 2.023e-02
[chk] L34 e135 hit  rel 1.989e-02
[chk] L34 e176 hit  rel 2.091e-02
[chk] L34 e98 hit  rel 2.163e-02
[chk] L34 e68 pcie rel 2.185e-02
[chk] L35 e142 hit  rel 2.320e-02
[chk] L35 e105 pcie rel 2.034e-02
[chk] L35 e143 hit  rel 2.178e-02
[chk] L35 e51 hit  rel 1.939e-02
[chk] L35 e79 pcie rel 2.301e-02
[chk] L36 e20 hit  rel 2.067e-02
[chk] L36 e248 hit  rel 2.144e-02
[chk] L36 e115 pcie rel 2.045e-02
[chk] L36 e254 pcie rel 2.027e-02
[chk] L37 e32 hit  rel 2.098e-02
[chk] L37 e214 hit  rel 1.993e-02
[chk] L37 e6 pcie rel 2.039e-02
[chk] L37 e7 pcie rel 1.999e-02
[chk] L38 e63 hit  rel 1.988e-02
[chk] L38 e162 hit  rel 2.273e-02
[chk] L38 e0 pcie rel 2.261e-02
[chk] L38 e133 hit  rel 2.039e-02
[chk] L39 e139 hit  rel 2.214e-02
[chk] L39 e229 pcie rel 2.320e-02
[chk] L39 e223 hit  rel 2.010e-02
[chk] L39 e54 hit  rel 2.252e-02
[chk] L39 e106 pcie rel 2.459e-02
[chk] L40 e109 hit  rel 1.898e-02
[chk] L40 e108 hit  rel 1.865e-02
[chk] L40 e10 pcie rel 2.096e-02
[chk] L40 e180 pcie rel 2.097e-02
[chk] L41 e190 hit  rel 2.047e-02
[chk] L41 e192 hit  rel 1.478e-02
[chk] L41 e36 pcie rel 1.877e-02
[chk] L41 e253 hit  rel 1.952e-02
[chk] L42 e225 hit  rel 1.831e-02
[chk] L42 e18 hit  rel 1.791e-02
[chk] L42 e15 hit  rel 1.794e-02
[chk] L42 e67 hit  rel 2.105e-02
[chk] L42 e101 pcie rel 2.242e-02
[chk] L0 e95 pcie rel 1.920e-02
[chk] L0 e20 pcie rel 2.196e-02
[chk] L0 e226 pcie rel 2.191e-02
[chk] L1 e232 hit  rel 1.748e-02
[chk] L1 e189 pcie rel 2.063e-02
[chk] L1 e38 hit  rel 1.901e-02
[chk] L1 e67 pcie rel 1.896e-02
[chk] L2 e67 pcie rel 2.074e-02
[chk] L2 e84 hit  rel 1.908e-02
[chk] L2 e173 pcie rel 2.007e-02
[chk] L2 e131 pcie rel 2.093e-02
[chk] L3 e188 hit  rel 2.406e-02
[chk] L3 e237 hit  rel 1.974e-02
[chk] L3 e50 hit  rel 2.660e-02
[chk] L3 e203 hit  rel 2.470e-02
[chk] L3 e244 hit  rel 1.999e-02
[chk] L4 e139 hit  rel 2.905e-02
[chk] L4 e184 hit  rel 2.153e-02
[chk] L4 e63 pcie rel 1.991e-02
[chk] L4 e201 hit  rel 1.789e-02
[chk] L4 e91 hit  rel 2.036e-02
[chk] L4 e32 hit  rel 2.072e-02
[chk] L5 e42 hit  rel 2.449e-02
[chk] L5 e112 hit  rel 1.821e-02
[chk] L5 e79 hit  rel 2.062e-02
[chk] L5 e126 pcie rel 2.044e-02
[chk] L6 e128 pcie rel 2.228e-02
[chk] L6 e233 hit  rel 2.496e-02
[chk] L6 e85 hit  rel 2.200e-02
[chk] L6 e203 hit  rel 2.061e-02
[chk] L6 e149 pcie rel 1.962e-02
[chk] L7 e170 hit  rel 2.316e-02
[chk] L7 e214 hit  rel 2.494e-02
[chk] L7 e223 hit  rel 2.920e-02
[chk] L7 e90 pcie rel 2.307e-02
[chk] L7 e160 hit  rel 2.471e-02
[chk] L8 e168 hit  rel 2.609e-02
[chk] L8 e105 hit  rel 1.926e-02
[chk] L8 e106 hit  rel 1.996e-02
[chk] L8 e239 hit  rel 2.317e-02
[chk] L8 e231 hit  rel 2.042e-02
[chk] L8 e128 hit  rel 1.961e-02
[chk] L9 e149 hit  rel 2.170e-02
[chk] L9 e186 hit  rel 1.982e-02
[chk] L9 e28 hit  rel 1.938e-02
[chk] L9 e12 hit  rel 2.114e-02
[chk] L9 e226 hit  rel 2.001e-02
[chk] L10 e156 hit  rel 2.105e-02
[chk] L10 e203 pcie rel 1.997e-02
[chk] L10 e229 pcie rel 1.990e-02
[chk] L10 e3 hit  rel 2.176e-02
[chk] L11 e7 hit  rel 2.055e-02
[chk] L11 e113 hit  rel 2.127e-02
[chk] L11 e33 hit  rel 1.984e-02
[chk] L11 e236 hit  rel 1.943e-02
[chk] L11 e46 pcie rel 2.131e-02
[chk] L12 e229 hit  rel 2.278e-02
[chk] L12 e248 pcie rel 1.967e-02
[chk] L12 e26 pcie rel 1.882e-02
[chk] L12 e127 hit  rel 2.196e-02
[chk] L12 e199 hit  rel 1.885e-02
[chk] L13 e122 hit  rel 2.453e-02
[chk] L13 e57 hit  rel 2.206e-02
[chk] L13 e93 hit  rel 1.893e-02
[chk] L13 e144 pcie rel 1.910e-02
[chk] L14 e56 hit  rel 2.113e-02
[chk] L14 e132 hit  rel 2.273e-02
[chk] L14 e21 hit  rel 1.924e-02
[chk] L14 e134 hit  rel 1.732e-02
[chk] L14 e124 pcie rel 2.090e-02
[chk] L15 e53 hit  rel 1.982e-02
[chk] L15 e217 hit  rel 1.926e-02
[chk] L15 e250 pcie rel 1.780e-02
[chk] L15 e173 pcie rel 2.058e-02
[chk] L15 e97 hit  rel 2.133e-02
[chk] L16 e0 hit  rel 1.918e-02
[chk] L16 e185 hit  rel 2.040e-02
[chk] L16 e137 hit  rel 2.015e-02
[chk] L16 e74 pcie rel 1.705e-02
[chk] L17 e87 pcie rel 2.223e-02
[chk] L17 e219 pcie rel 1.747e-02
[chk] L17 e70 pcie rel 1.852e-02
[chk] L18 e100 hit  rel 2.391e-02
[chk] L18 e254 hit  rel 2.112e-02
[chk] L18 e234 hit  rel 1.847e-02
[chk] L18 e253 hit  rel 1.963e-02
[chk] L18 e222 pcie rel 1.958e-02
[chk] L19 e249 hit  rel 2.029e-02
[chk] L19 e44 hit  rel 1.759e-02
[chk] L19 e25 pcie rel 2.128e-02
[chk] L19 e29 pcie rel 1.792e-02
[chk] L19 e12 hit  rel 1.989e-02
[chk] L20 e207 hit  rel 2.086e-02
[chk] L20 e104 hit  rel 1.842e-02
[chk] L20 e206 pcie rel 1.957e-02
[chk] L20 e137 hit  rel 1.929e-02
[chk] L21 e59 hit  rel 2.222e-02
[chk] L21 e170 hit  rel 1.817e-02
[chk] L21 e16 pcie rel 2.042e-02
[chk] L21 e151 hit  rel 2.023e-02
[chk] L21 e124 hit  rel 2.216e-02
[chk] L22 e189 hit  rel 2.120e-02
[chk] L22 e197 hit  rel 1.898e-02
[chk] L22 e81 pcie rel 2.026e-02
[chk] L22 e182 pcie rel 2.028e-02
[chk] L23 e134 hit  rel 2.005e-02
[chk] L23 e237 pcie rel 2.117e-02
[chk] L23 e142 hit  rel 2.086e-02
[chk] L23 e172 pcie rel 2.016e-02
[chk] L24 e176 hit  rel 2.094e-02
[chk] L24 e36 hit  rel 1.934e-02
[chk] L24 e93 hit  rel 2.138e-02
[chk] L24 e84 hit  rel 2.099e-02
[chk] L24 e167 hit  rel 2.103e-02
[chk] L24 e48 pcie rel 2.122e-02
[chk] L25 e69 hit  rel 1.988e-02
[chk] L25 e54 pcie rel 2.207e-02
[chk] L25 e174 pcie rel 2.096e-02
[chk] L26 e88 hit  rel 2.102e-02
[chk] L26 e177 hit  rel 1.833e-02
[chk] L26 e162 hit  rel 2.066e-02
[chk] L26 e148 hit  rel 1.947e-02
[chk] L26 e125 pcie rel 1.925e-02
[chk] L27 e32 hit  rel 1.932e-02
[chk] L27 e10 hit  rel 2.113e-02
[chk] L27 e63 pcie rel 2.102e-02
[chk] L27 e104 hit  rel 1.949e-02
[chk] L27 e31 pcie rel 2.193e-02
[chk] L28 e243 hit  rel 2.130e-02
[chk] L28 e118 pcie rel 2.060e-02
[chk] L28 e126 hit  rel 2.393e-02
[chk] L28 e133 pcie rel 1.959e-02
[chk] L29 e76 hit  rel 2.135e-02
[chk] L29 e57 hit  rel 2.078e-02
[chk] L29 e39 hit  rel 2.132e-02
[chk] L29 e43 pcie rel 2.259e-02
[chk] L29 e217 hit  rel 2.189e-02
[chk] L30 e118 hit  rel 1.986e-02
[chk] L30 e12 pcie rel 2.160e-02
[chk] L30 e162 hit  rel 2.045e-02
[chk] L30 e163 pcie rel 2.136e-02
[chk] L31 e27 hit  rel 2.017e-02
[chk] L31 e208 hit  rel 2.073e-02
[chk] L31 e193 hit  rel 2.015e-02
[chk] L31 e22 hit  rel 2.087e-02
[chk] L31 e63 pcie rel 2.457e-02
[chk] L32 e164 hit  rel 2.173e-02
[chk] L32 e120 pcie rel 2.230e-02
[chk] L32 e160 pcie rel 2.114e-02
[chk] L33 e247 hit  rel 2.152e-02
[chk] L33 e77 pcie rel 1.871e-02
[chk] L33 e152 pcie rel 2.218e-02
[chk] L33 e132 hit  rel 2.166e-02
[chk] L34 e113 hit  rel 1.993e-02
[chk] L34 e135 hit  rel 2.133e-02
[chk] L34 e204 pcie rel 2.241e-02
[chk] L34 e179 pcie rel 2.267e-02
[chk] L35 e142 hit  rel 2.084e-02
[chk] L35 e143 hit  rel 2.082e-02
[chk] L35 e186 pcie rel 2.158e-02
[chk] L35 e79 pcie rel 2.240e-02
[chk] L35 e162 hit  rel 2.112e-02
[chk] L36 e20 hit  rel 2.096e-02
[chk] L36 e81 hit  rel 2.032e-02
[chk] L36 e248 hit  rel 2.060e-02
[chk] L36 e117 pcie rel 2.053e-02
[chk] L36 e5 hit  rel 2.207e-02
[chk] L37 e32 hit  rel 2.046e-02
[chk] L37 e112 pcie rel 2.243e-02
[chk] L37 e147 pcie rel 2.058e-02
[chk] L37 e225 hit  rel 2.048e-02
[chk] L38 e63 hit  rel 1.966e-02
[chk] L38 e162 hit  rel 2.000e-02
[chk] L38 e11 hit  rel 2.258e-02
[chk] L38 e139 pcie rel 2.164e-02
[chk] L39 e139 hit  rel 2.003e-02
[chk] L39 e170 hit  rel 2.028e-02
[chk] L39 e204 hit  rel 2.507e-02
[chk] L39 e25 pcie rel 2.375e-02
[chk] L39 e54 hit  rel 2.511e-02
[chk] L40 e109 hit  rel 1.813e-02
[chk] L40 e136 pcie rel 2.323e-02
[chk] L40 e108 hit  rel 1.923e-02
[chk] L40 e180 pcie rel 2.401e-02
[chk] L41 e190 hit  rel 2.009e-02
[chk] L41 e63 pcie rel 2.183e-02
[chk] L41 e160 hit  rel 2.177e-02
[chk] L41 e233 pcie rel 2.275e-02
[chk] L42 e244 hit  rel 1.913e-02
[chk] L42 e15 hit  rel 1.549e-02
[chk] L42 e154 hit  rel 2.248e-02
[chk] L42 e200 pcie rel 1.800e-02
[chk] L42 e125 pcie rel 1.869e-02
[chk] L0 e107 hit  rel 2.290e-02
[chk] L0 e132 hit  rel 1.671e-02
[chk] L0 e29 hit  rel 2.974e-02
[chk] L0 e62 hit  rel 2.791e-02
[chk] L0 e106 hit  rel 2.162e-02
[chk] L0 e74 hit  rel 2.820e-02
[chk] L1 e210 hit  rel 2.055e-02
[chk] L1 e155 hit  rel 2.089e-02
[chk] L1 e229 hit  rel 2.143e-02
[chk] L1 e86 hit  rel 2.332e-02
[chk] L1 e114 hit  rel 2.066e-02
[chk] L2 e20 hit  rel 2.090e-02
[chk] L2 e174 hit  rel 2.602e-02
[chk] L2 e74 hit  rel 2.152e-02
[chk] L2 e125 pcie rel 2.825e-02
[chk] L2 e141 hit  rel 2.317e-02
[chk] L3 e23 pcie rel 2.252e-02
[chk] L3 e205 pcie rel 1.998e-02
[chk] L3 e188 hit  rel 2.018e-02
[chk] L3 e237 hit  rel 1.904e-02
[chk] L3 e160 hit  rel 1.931e-02
[chk] L4 e249 hit  rel 1.893e-02
[chk] L4 e170 hit  rel 2.211e-02
[chk] L4 e97 hit  rel 2.037e-02
[chk] L4 e26 pcie rel 2.042e-02
[chk] L5 e149 hit  rel 2.422e-02
[chk] L5 e42 hit  rel 2.504e-02
[chk] L5 e148 pcie rel 2.142e-02
[chk] L5 e22 pcie rel 2.069e-02
[chk] L6 e166 hit  rel 1.865e-02
[chk] L6 e90 pcie rel 2.210e-02
[chk] L6 e62 pcie rel 2.122e-02
[chk] L7 e43 hit  rel 2.232e-02
[chk] L7 e235 pcie rel 2.221e-02
[chk] L7 e53 hit  rel 2.310e-02
[chk] L7 e214 hit  rel 2.070e-02
[chk] L7 e170 hit  rel 2.026e-02
[chk] L7 e223 hit  rel 2.433e-02
[chk] L8 e168 hit  rel 2.156e-02
[chk] L8 e248 pcie rel 2.432e-02
[chk] L8 e239 hit  rel 2.030e-02
[chk] L8 e141 hit  rel 2.091e-02
[chk] L8 e189 hit  rel 2.093e-02
[chk] L9 e28 hit  rel 2.237e-02
[chk] L9 e253 hit  rel 2.014e-02
[chk] L9 e31 pcie rel 1.896e-02
[chk] L9 e176 pcie rel 1.880e-02
[chk] L10 e30 hit  rel 2.119e-02
[chk] L10 e135 hit  rel 2.052e-02
[chk] L10 e24 pcie rel 2.097e-02
[chk] L11 e129 hit  rel 2.032e-02
[chk] L11 e7 hit  rel 2.151e-02
[chk] L11 e33 hit  rel 2.213e-02
[chk] L11 e20 pcie rel 2.057e-02
[chk] L11 e91 pcie rel 1.947e-02
[chk] L12 e127 hit  rel 2.143e-02
[chk] L12 e229 hit  rel 2.604e-02
[chk] L12 e235 pcie rel 2.316e-02
[chk] L12 e248 pcie rel 2.026e-02
[chk] L13 e122 hit  rel 1.922e-02
[chk] L13 e57 hit  rel 2.014e-02
[chk] L13 e93 hit  rel 2.165e-02
[chk] L13 e24 pcie rel 1.886e-02
[chk] L14 e132 hit  rel 2.104e-02
[chk] L14 e56 hit  rel 2.171e-02
[chk] L14 e21 hit  rel 2.106e-02
[chk] L14 e184 hit  rel 1.998e-02
[chk] L14 e187 hit  rel 1.985e-02
[chk] L14 e70 hit  rel 1.838e-02
[chk] L15 e53 hit  rel 2.200e-02
[chk] L15 e97 hit  rel 2.199e-02
[chk] L15 e65 pcie rel 2.030e-02
[chk] L15 e165 pcie rel 1.655e-02
[chk] L15 e43 hit  rel 2.149e-02
[chk] L16 e185 hit  rel 2.294e-02
[chk] L16 e14 hit  rel 1.938e-02
[chk] L16 e64 pcie rel 1.981e-02
[chk] L16 e2 hit  rel 1.793e-02
[chk] L17 e43 pcie rel 1.981e-02
[chk] L17 e4 pcie rel 1.971e-02
[chk] L17 e187 hit  rel 1.933e-02
[chk] L18 e234 hit  rel 1.888e-02
[chk] L18 e100 hit  rel 1.893e-02
[chk] L18 e3 pcie rel 1.949e-02
[chk] L18 e153 pcie rel 2.033e-02
[chk] L19 e249 hit  rel 2.011e-02
[chk] L19 e46 hit  rel 2.136e-02
[chk] L19 e60 hit  rel 1.894e-02
[chk] L19 e107 pcie rel 2.298e-02
[chk] L20 e220 hit  rel 2.048e-02
[chk] L20 e158 pcie rel 1.878e-02
[chk] L20 e27 hit  rel 2.148e-02
[chk] L20 e206 pcie rel 2.122e-02
[chk] L21 e59 hit  rel 1.959e-02
[chk] L21 e91 pcie rel 1.625e-02
[chk] L21 e70 hit  rel 2.016e-02
[chk] L21 e26 hit  rel 2.170e-02
[chk] L22 e81 pcie rel 2.213e-02
[chk] L22 e182 pcie rel 2.022e-02
[chk] L22 e175 pcie rel 1.840e-02
[chk] L23 e134 hit  rel 2.108e-02
[chk] L23 e132 hit  rel 2.061e-02
[chk] L23 e237 pcie rel 2.182e-02
[chk] L23 e57 hit  rel 2.270e-02
[chk] L24 e176 hit  rel 1.891e-02
[chk] L24 e36 hit  rel 2.051e-02
[chk] L24 e84 hit  rel 1.956e-02
[chk] L24 e31 pcie rel 1.909e-02
[chk] L24 e93 hit  rel 2.299e-02
[chk] L24 e167 hit  rel 2.029e-02
[chk] L25 e69 hit  rel 2.052e-02
[chk] L25 e190 pcie rel 2.193e-02
[chk] L25 e43 hit  rel 2.122e-02
[chk] L25 e103 hit  rel 1.981e-02
[chk] L26 e88 hit  rel 1.895e-02
[chk] L26 e177 hit  rel 1.978e-02
[chk] L26 e62 hit  rel 2.153e-02
[chk] L26 e6 hit  rel 2.011e-02
[chk] L26 e162 hit  rel 1.999e-02
[chk] L26 e117 pcie rel 1.913e-02
[chk] L27 e10 hit  rel 1.962e-02
[chk] L27 e232 hit  rel 1.989e-02
[chk] L27 e76 hit  rel 2.086e-02
[chk] L27 e7 pcie rel 2.137e-02
[chk] L27 e242 hit  rel 2.248e-02
[chk] L28 e126 hit  rel 2.171e-02
[chk] L28 e243 hit  rel 1.976e-02
[chk] L28 e80 hit  rel 2.007e-02
[chk] L28 e209 hit  rel 2.139e-02
[chk] L29 e43 pcie rel 2.144e-02
[chk] L29 e196 pcie rel 2.227e-02
[chk] L29 e57 hit  rel 1.998e-02
[chk] L29 e105 hit  rel 2.036e-02
[chk] L29 e101 hit  rel 1.992e-02
[chk] L30 e155 hit  rel 1.705e-02
[chk] L30 e118 hit  rel 2.060e-02
[chk] L30 e238 hit  rel 1.908e-02
[chk] L30 e213 pcie rel 2.251e-02
[chk] L31 e76 hit  rel 1.953e-02
[chk] L31 e27 hit  rel 2.386e-02
[chk] L31 e208 hit  rel 2.043e-02
[chk] L31 e84 pcie rel 2.016e-02
[chk] L31 e113 hit  rel 2.420e-02
[chk] L32 e164 hit  rel 2.099e-02
[chk] L32 e92 pcie rel 2.029e-02
[chk] L32 e43 hit  rel 1.999e-02
[chk] L32 e124 pcie rel 2.520e-02
[chk] L33 e86 hit  rel 1.772e-02
[chk] L33 e247 hit  rel 1.978e-02
[chk] L33 e147 hit  rel 1.918e-02
[chk] L33 e40 pcie rel 2.011e-02
[chk] L33 e117 hit  rel 1.996e-02
[chk] L34 e113 hit  rel 2.238e-02
[chk] L34 e135 hit  rel 2.103e-02
[chk] L34 e53 hit  rel 2.202e-02
[chk] L34 e15 pcie rel 2.164e-02
[chk] L34 e179 pcie rel 2.110e-02
[chk] L35 e56 pcie rel 2.292e-02
[chk] L35 e142 hit  rel 2.135e-02
[chk] L35 e116 pcie rel 1.646e-02
[chk] L35 e210 hit  rel 2.127e-02
[chk] L36 e20 hit  rel 2.119e-02
[chk] L36 e199 hit  rel 1.833e-02
[chk] L36 e5 hit  rel 2.165e-02
[chk] L36 e248 hit  rel 1.960e-02
[chk] L36 e81 hit  rel 2.070e-02
[chk] L36 e92 hit  rel 1.926e-02
[chk] L37 e32 hit  rel 1.899e-02
[chk] L37 e100 hit  rel 2.091e-02
[chk] L37 e122 pcie rel 1.870e-02
[chk] L37 e147 pcie rel 2.111e-02
[chk] L38 e63 hit  rel 1.825e-02
[chk] L38 e162 hit  rel 2.174e-02
[chk] L38 e11 hit  rel 2.172e-02
[chk] L38 e47 hit  rel 1.379e-02
[chk] L38 e148 pcie rel 2.249e-02
[chk] L39 e139 hit  rel 1.997e-02
[chk] L39 e60 hit  rel 2.011e-02
[chk] L39 e180 hit  rel 2.229e-02
[chk] L39 e182 hit  rel 1.691e-02
[chk] L39 e70 hit  rel 2.084e-02
[chk] L40 e180 pcie rel 2.180e-02
[chk] L40 e145 hit  rel 1.436e-02
[chk] L40 e146 pcie rel 2.247e-02
[chk] L40 e109 hit  rel 1.936e-02
[chk] L40 e108 hit  rel 2.059e-02
[chk] L41 e241 hit  rel 2.084e-02
[chk] L41 e95 hit  rel 2.074e-02
[chk] L41 e190 hit  rel 2.138e-02
[chk] L41 e205 hit  rel 2.295e-02
[chk] L41 e192 hit  rel 1.904e-02
[chk] L42 e233 hit  rel 1.679e-02
[chk] L42 e50 hit  rel 2.171e-02
[chk] L42 e225 hit  rel 1.783e-02
[chk] L42 e152 pcie rel 2.060e-02
[chk] L42 e202 pcie rel 1.809e-02
[chk] L0 e146 pcie rel 2.752e-02
[chk] L0 e1 pcie rel 2.342e-02
[chk] L0 e190 pcie rel 2.346e-02
[chk] L1 e59 pcie rel 2.110e-02
[chk] L1 e55 pcie rel 2.233e-02
[chk] L1 e74 pcie rel 2.145e-02
[chk] L2 e1 hit  rel 2.291e-02
[chk] L2 e0 pcie rel 2.252e-02
[chk] L2 e11 hit  rel 2.023e-02
[chk] L2 e22 pcie rel 2.117e-02
[chk] L3 e103 pcie rel 2.000e-02
[chk] L3 e227 pcie rel 2.258e-02
[chk] L3 e105 pcie rel 1.653e-02
[chk] L4 e249 hit  rel 2.005e-02
[chk] L4 e237 hit  rel 2.295e-02
[chk] L4 e170 hit  rel 2.181e-02
[chk] L4 e29 pcie rel 1.869e-02
[chk] L4 e32 hit  rel 1.968e-02
[chk] L5 e155 hit  rel 1.799e-02
[chk] L5 e149 hit  rel 1.905e-02
[chk] L5 e107 pcie rel 2.063e-02
[chk] L5 e222 pcie rel 1.758e-02
[chk] L6 e166 hit  rel 2.073e-02
[chk] L6 e138 hit  rel 2.040e-02
[chk] L6 e50 hit  rel 2.116e-02
[chk] L6 e165 pcie rel 1.981e-02
[chk] L7 e235 pcie rel 2.408e-02
[chk] L7 e170 hit  rel 1.943e-02
[chk] L7 e106 pcie rel 1.846e-02
[chk] L7 e160 hit  rel 2.037e-02
[chk] L8 e2 pcie rel 2.169e-02
[chk] L8 e168 hit  rel 2.267e-02
[chk] L8 e141 hit  rel 1.915e-02
[chk] L8 e239 hit  rel 2.010e-02
[chk] L8 e106 hit  rel 2.143e-02
[chk] L9 e166 pcie rel 2.035e-02
[chk] L9 e253 hit  rel 2.071e-02
[chk] L9 e162 pcie rel 1.887e-02
[chk] L9 e31 pcie rel 2.126e-02
[chk] L10 e30 hit  rel 1.826e-02
[chk] L10 e234 pcie rel 2.266e-02
[chk] L10 e140 hit  rel 2.166e-02
[chk] L10 e147 pcie rel 1.975e-02
[chk] L11 e129 hit  rel 2.111e-02
[chk] L11 e7 hit  rel 2.029e-02
[chk] L11 e0 pcie rel 2.177e-02
[chk] L11 e202 hit  rel 2.130e-02
[chk] L11 e236 hit  rel 2.011e-02
[chk] L12 e229 hit  rel 2.463e-02
[chk] L12 e213 pcie rel 1.727e-02
[chk] L12 e239 pcie rel 2.342e-02
[chk] L13 e122 hit  rel 2.095e-02
[chk] L13 e93 hit  rel 2.096e-02
[chk] L13 e75 pcie rel 2.121e-02
[chk] L13 e144 pcie rel 1.779e-02
[chk] L14 e132 hit  rel 2.004e-02
[chk] L14 e21 hit  rel 2.435e-02
[chk] L14 e56 hit  rel 2.107e-02
[chk] L14 e187 hit  rel 1.854e-02
[chk] L14 e162 pcie rel 1.822e-02
[chk] L15 e53 hit  rel 2.068e-02
[chk] L15 e165 pcie rel 1.928e-02
[chk] L15 e97 hit  rel 2.177e-02
[chk] L15 e114 pcie rel 2.040e-02
[chk] L16 e185 hit  rel 2.031e-02
[chk] L16 e120 pcie rel 1.950e-02
[chk] L16 e229 pcie rel 2.173e-02
[chk] L16 e2 hit  rel 1.883e-02
[chk] L17 e127 pcie rel 2.335e-02
[chk] L17 e126 pcie rel 1.924e-02
[chk] L17 e215 pcie rel 1.836e-02
[chk] L18 e100 hit  rel 1.777e-02
[chk] L18 e234 hit  rel 1.886e-02
[chk] L18 e47 pcie rel 2.002e-02
[chk] L18 e148 pcie rel 2.011e-02
[chk] L19 e249 hit  rel 2.061e-02
[chk] L19 e98 pcie rel 2.341e-02
[chk] L19 e46 hit  rel 1.825e-02
[chk] L19 e31 hit  rel 1.746e-02
[chk] L19 e122 hit  rel 1.988e-02
[chk] L20 e55 pcie rel 1.980e-02
[chk] L20 e27 hit  rel 2.166e-02
[chk] L20 e63 hit  rel 2.146e-02
[chk] L20 e34 pcie rel 1.940e-02
[chk] L21 e59 hit  rel 1.757e-02
[chk] L21 e70 hit  rel 1.798e-02
[chk] L21 e18 pcie rel 2.004e-02
[chk] L21 e26 hit  rel 2.103e-02
[chk] L21 e11 pcie rel 2.043e-02
[chk] L22 e210 hit  rel 1.871e-02
[chk] L22 e182 pcie rel 2.010e-02
[chk] L22 e175 pcie rel 2.127e-02
[chk] L23 e134 hit  rel 2.158e-02
[chk] L23 e132 hit  rel 2.070e-02
[chk] L23 e82 pcie rel 2.041e-02
[chk] L23 e190 hit  rel 1.919e-02
[chk] L24 e84 hit  rel 2.099e-02
[chk] L24 e176 hit  rel 1.982e-02
[chk] L24 e36 hit  rel 2.000e-02
[chk] L24 e93 hit  rel 2.158e-02
[chk] L24 e141 pcie rel 1.882e-02
[chk] L25 e174 pcie rel 2.018e-02
[chk] L25 e16 pcie rel 2.042e-02
[chk] L25 e103 hit  rel 1.970e-02
[chk] L25 e43 hit  rel 2.129e-02
[chk] L25 e69 hit  rel 2.030e-02
[chk] L26 e88 hit  rel 1.899e-02
[chk] L26 e6 hit  rel 2.063e-02
[chk] L26 e177 hit  rel 1.988e-02
[chk] L26 e162 hit  rel 2.153e-02
[chk] L26 e117 pcie rel 2.065e-02
[chk] L27 e10 hit  rel 2.156e-02
[chk] L27 e76 hit  rel 2.012e-02
[chk] L27 e92 pcie rel 2.030e-02
[chk] L27 e33 pcie rel 2.153e-02
[chk] L28 e126 hit  rel 1.962e-02
[chk] L28 e243 hit  rel 1.960e-02
[chk] L28 e209 hit  rel 1.877e-02
[chk] L28 e41 pcie rel 2.130e-02
[chk] L29 e43 pcie rel 2.178e-02
[chk] L29 e105 hit  rel 2.032e-02
[chk] L29 e57 hit  rel 2.336e-02
[chk] L29 e40 pcie rel 2.042e-02
[chk] L30 e238 hit  rel 1.874e-02
[chk] L30 e155 hit  rel 1.647e-02
[chk] L30 e213 pcie rel 2.070e-02
[chk] L30 e62 hit  rel 2.188e-02
[chk] L31 e27 hit  rel 1.992e-02
[chk] L31 e208 hit  rel 2.203e-02
[chk] L31 e181 pcie rel 2.200e-02
[chk] L31 e7 pcie rel 2.083e-02
[chk] L31 e93 hit  rel 1.948e-02
[chk] L32 e164 hit  rel 1.908e-02
[chk] L32 e92 pcie rel 1.908e-02
[chk] L32 e140 hit  rel 2.192e-02
[chk] L32 e109 hit  rel 2.069e-02
[chk] L33 e247 hit  rel 2.117e-02
[chk] L33 e238 pcie rel 2.349e-02
[chk] L33 e117 hit  rel 2.197e-02
[chk] L33 e185 pcie rel 2.081e-02
[chk] L34 e113 hit  rel 1.939e-02
[chk] L34 e135 hit  rel 1.958e-02
[chk] L34 e53 hit  rel 2.076e-02
[chk] L34 e12 pcie rel 2.176e-02
[chk] L35 e142 hit  rel 2.074e-02
[chk] L35 e56 pcie rel 2.160e-02
[chk] L35 e147 pcie rel 2.179e-02
[chk] L35 e178 hit  rel 2.227e-02
[chk] L36 e199 hit  rel 1.711e-02
[chk] L36 e20 hit  rel 2.008e-02
[chk] L36 e74 pcie rel 2.130e-02
[chk] L36 e5 hit  rel 2.137e-02
[chk] L36 e130 hit  rel 2.136e-02
[chk] L36 e178 hit  rel 1.945e-02
[chk] L37 e100 hit  rel 2.010e-02
[chk] L37 e32 hit  rel 2.071e-02
[chk] L37 e147 pcie rel 2.181e-02
[chk] L38 e63 hit  rel 1.882e-02
[chk] L38 e11 hit  rel 2.097e-02
[chk] L38 e148 pcie rel 2.164e-02
[chk] L38 e162 hit  rel 2.289e-02
[chk] L38 e16 hit  rel 2.108e-02
[chk] L39 e139 hit  rel 1.968e-02
[chk] L39 e60 hit  rel 1.959e-02
[chk] L39 e70 hit  rel 2.176e-02
[chk] L39 e182 hit  rel 1.503e-02
[chk] L39 e235 hit  rel 1.857e-02
[chk] L39 e143 pcie rel 1.950e-02
[chk] L40 e109 hit  rel 1.920e-02
[chk] L40 e108 hit  rel 1.982e-02
[chk] L40 e22 hit  rel 2.142e-02
[chk] L40 e47 pcie rel 2.097e-02
[chk] L41 e190 hit  rel 2.069e-02
[chk] L41 e95 hit  rel 1.983e-02
[chk] L41 e241 hit  rel 2.014e-02
[chk] L41 e29 pcie rel 2.222e-02
[chk] L41 e192 hit  rel 1.601e-02
[chk] L42 e50 hit  rel 2.126e-02
[chk] L42 e233 hit  rel 1.838e-02
[chk] L42 e225 hit  rel 1.780e-02
[chk] L42 e78 pcie rel 1.833e-02
[chk] L42 e190 pcie rel 2.290e-02
[chk] L0 e105 pcie rel 1.778e-02
[chk] L0 e236 pcie rel 1.893e-02
[chk] L0 e248 pcie rel 1.978e-02
[chk] L1 e27 hit  rel 1.802e-02
[chk] L1 e133 hit  rel 1.935e-02
[chk] L1 e37 pcie rel 1.988e-02
[chk] L1 e40 pcie rel 1.848e-02
[chk] L2 e13 hit  rel 1.831e-02
[chk] L2 e159 pcie rel 2.005e-02
[chk] L2 e176 pcie rel 1.989e-02
[chk] L3 e237 hit  rel 2.363e-02
[chk] L3 e203 hit  rel 2.474e-02
[chk] L3 e188 hit  rel 1.891e-02
[chk] L3 e173 hit  rel 1.483e-02
[chk] L3 e174 pcie rel 1.582e-02
[chk] L3 e27 hit  rel 1.612e-02
[chk] L4 e32 hit  rel 2.265e-02
[chk] L4 e139 hit  rel 1.823e-02
[chk] L4 e184 hit  rel 2.099e-02
[chk] L4 e63 pcie rel 2.081e-02
[chk] L5 e42 hit  rel 2.128e-02
[chk] L5 e112 hit  rel 1.959e-02
[chk] L5 e79 hit  rel 1.992e-02
[chk] L5 e179 pcie rel 2.033e-02
[chk] L5 e148 pcie rel 1.993e-02
[chk] L6 e142 hit  rel 2.412e-02
[chk] L6 e203 hit  rel 1.947e-02
[chk] L6 e233 hit  rel 1.929e-02
[chk] L6 e224 hit  rel 2.262e-02
[chk] L6 e108 hit  rel 1.991e-02
[chk] L7 e160 hit  rel 2.594e-02
[chk] L7 e235 pcie rel 2.560e-02
[chk] L7 e214 hit  rel 2.332e-02
[chk] L7 e170 hit  rel 2.353e-02
[chk] L7 e93 hit  rel 2.244e-02
[chk] L7 e223 hit  rel 2.386e-02
[chk] L8 e106 hit  rel 2.459e-02
[chk] L8 e239 hit  rel 2.413e-02
[chk] L8 e105 hit  rel 2.013e-02
[chk] L8 e168 hit  rel 2.654e-02
[chk] L8 e231 hit  rel 1.957e-02
[chk] L9 e32 hit  rel 2.192e-02
[chk] L9 e253 hit  rel 1.836e-02
[chk] L9 e149 hit  rel 2.758e-02
[chk] L9 e226 hit  rel 2.173e-02
[chk] L9 e122 pcie rel 2.270e-02
[chk] L10 e30 hit  rel 2.142e-02
[chk] L10 e88 pcie rel 2.078e-02
[chk] L10 e15 hit  rel 1.999e-02
[chk] L10 e199 hit  rel 2.061e-02
[chk] L10 e150 hit  rel 1.961e-02
[chk] L11 e202 hit  rel 2.191e-02
[chk] L11 e7 hit  rel 1.936e-02
[chk] L11 e169 pcie rel 2.092e-02
[chk] L11 e129 hit  rel 2.109e-02
[chk] L11 e168 pcie rel 2.401e-02
[chk] L12 e127 hit  rel 2.590e-02
[chk] L12 e29 hit  rel 2.039e-02
[chk] L12 e229 hit  rel 2.691e-02
[chk] L12 e39 hit  rel 2.103e-02
[chk] L12 e248 pcie rel 1.963e-02
[chk] L13 e122 hit  rel 2.074e-02
[chk] L13 e165 hit  rel 2.287e-02
[chk] L13 e175 pcie rel 2.099e-02
[chk] L13 e164 pcie rel 1.964e-02
[chk] L14 e132 hit  rel 2.550e-02
[chk] L14 e56 hit  rel 2.189e-02
[chk] L14 e21 hit  rel 2.269e-02
[chk] L14 e187 hit  rel 2.309e-02
[chk] L14 e184 hit  rel 1.909e-02
[chk] L15 e53 hit  rel 1.947e-02
[chk] L15 e153 hit  rel 1.776e-02
[chk] L15 e39 hit  rel 1.938e-02
[chk] L15 e89 pcie rel 2.014e-02
[chk] L15 e167 pcie rel 1.898e-02
[chk] L16 e13 pcie rel 1.939e-02
[chk] L16 e2 hit  rel 2.060e-02
[chk] L16 e48 pcie rel 1.967e-02
[chk] L17 e187 hit  rel 1.973e-02
[chk] L17 e43 pcie rel 2.194e-02
[chk] L17 e4 pcie rel 1.938e-02
[chk] L18 e234 hit  rel 2.397e-02
[chk] L18 e100 hit  rel 1.946e-02
[chk] L18 e47 pcie rel 1.954e-02
[chk] L18 e213 hit  rel 1.951e-02
[chk] L18 e232 pcie rel 1.728e-02
[chk] L19 e249 hit  rel 1.936e-02
[chk] L19 e84 hit  rel 2.368e-02
[chk] L19 e44 hit  rel 2.630e-02
[chk] L19 e254 hit  rel 2.254e-02
[chk] L19 e31 hit  rel 2.122e-02
[chk] L20 e3 hit  rel 2.006e-02
[chk] L20 e206 pcie rel 2.040e-02
[chk] L20 e184 hit  rel 2.093e-02
[chk] L20 e122 pcie rel 1.974e-02
[chk] L21 e59 hit  rel 2.038e-02
[chk] L21 e65 hit  rel 1.970e-02
[chk] L21 e18 pcie rel 1.910e-02
[chk] L21 e115 pcie rel 1.976e-02
[chk] L22 e137 pcie rel 1.927e-02
[chk] L22 e182 pcie rel 1.956e-02
[chk] L22 e223 hit  rel 2.344e-02
[chk] L22 e23 pcie rel 1.905e-02
[chk] L23 e134 hit  rel 2.066e-02
[chk] L23 e132 hit  rel 2.220e-02
[chk] L23 e190 hit  rel 2.491e-02
[chk] L23 e126 pcie rel 2.018e-02
[chk] L24 e176 hit  rel 2.160e-02
[chk] L24 e84 hit  rel 2.034e-02
[chk] L24 e36 hit  rel 2.102e-02
[chk] L24 e93 hit  rel 2.234e-02
[chk] L24 e77 pcie rel 1.900e-02
[chk] L24 e167 hit  rel 2.052e-02
[chk] L25 e43 hit  rel 1.999e-02
[chk] L25 e69 hit  rel 2.019e-02
[chk] L25 e103 hit  rel 1.890e-02
[chk] L25 e195 pcie rel 2.007e-02
[chk] L26 e88 hit  rel 2.082e-02
[chk] L26 e177 hit  rel 2.165e-02
[chk] L26 e162 hit  rel 2.132e-02
[chk] L26 e23 pcie rel 2.008e-02
[chk] L26 e6 hit  rel 2.054e-02
[chk] L27 e77 pcie rel 1.997e-02
[chk] L27 e76 hit  rel 2.138e-02
[chk] L27 e248 pcie rel 2.155e-02
[chk] L27 e10 hit  rel 2.129e-02
[chk] L28 e243 hit  rel 2.104e-02
[chk] L28 e126 hit  rel 2.218e-02
[chk] L28 e209 hit  rel 2.232e-02
[chk] L28 e9 pcie rel 2.278e-02
[chk] L29 e57 hit  rel 1.935e-02
[chk] L29 e43 pcie rel 2.577e-02
[chk] L29 e105 hit  rel 2.143e-02
[chk] L29 e32 pcie rel 2.269e-02
[chk] L30 e101 hit  rel 2.047e-02
[chk] L30 e145 hit  rel 2.287e-02
[chk] L30 e31 hit  rel 2.028e-02
[chk] L30 e118 hit  rel 1.980e-02
[chk] L30 e40 pcie rel 2.188e-02
[chk] L31 e27 hit  rel 2.035e-02
[chk] L31 e208 hit  rel 2.087e-02
[chk] L31 e35 pcie rel 1.994e-02
[chk] L31 e137 pcie rel 2.079e-02
[chk] L31 e89 hit  rel 2.005e-02
[chk] L32 e164 hit  rel 2.145e-02
[chk] L32 e92 pcie rel 2.103e-02
[chk] L32 e43 hit  rel 1.982e-02
[chk] L32 e5 hit  rel 2.218e-02
[chk] L33 e247 hit  rel 2.467e-02
[chk] L33 e185 pcie rel 2.105e-02
[chk] L33 e147 hit  rel 1.958e-02
[chk] L33 e166 pcie rel 2.383e-02
[chk] L34 e113 hit  rel 2.203e-02
[chk] L34 e135 hit  rel 2.115e-02
[chk] L34 e176 hit  rel 2.317e-02
[chk] L34 e15 pcie rel 2.195e-02
[chk] L34 e31 pcie rel 2.313e-02
[chk] L35 e142 hit  rel 2.517e-02
[chk] L35 e178 hit  rel 2.158e-02
[chk] L35 e50 pcie rel 2.141e-02
[chk] L35 e143 hit  rel 2.230e-02
[chk] L36 e20 hit  rel 2.287e-02
[chk] L36 e117 pcie rel 2.063e-02
[chk] L36 e199 hit  rel 1.970e-02
[chk] L36 e248 hit  rel 2.055e-02
[chk] L36 e74 pcie rel 1.959e-02
[chk] L37 e32 hit  rel 1.976e-02
[chk] L37 e6 pcie rel 2.435e-02
[chk] L37 e1 pcie rel 2.057e-02
[chk] L37 e100 hit  rel 2.021e-02
[chk] L38 e63 hit  rel 2.246e-02
[chk] L38 e11 hit  rel 2.207e-02
[chk] L38 e162 hit  rel 2.063e-02
[chk] L38 e41 hit  rel 2.045e-02
[chk] L38 e67 hit  rel 2.105e-02
[chk] L39 e139 hit  rel 1.897e-02
[chk] L39 e70 hit  rel 2.306e-02
[chk] L39 e225 pcie rel 1.982e-02
[chk] L39 e54 hit  rel 2.257e-02
[chk] L39 e223 hit  rel 1.809e-02
[chk] L40 e109 hit  rel 1.851e-02
[chk] L40 e189 pcie rel 2.419e-02
[chk] L40 e108 hit  rel 2.071e-02
[chk] L40 e146 pcie rel 2.387e-02
[chk] L41 e190 hit  rel 2.268e-02
[chk] L41 e205 hit  rel 1.908e-02
[chk] L41 e36 pcie rel 1.891e-02
[chk] L41 e29 pcie rel 1.740e-02
[chk] L41 e42 hit  rel 2.189e-02
[chk] L42 e18 hit  rel 1.773e-02
[chk] L42 e225 hit  rel 1.733e-02
[chk] L42 e152 pcie rel 2.153e-02
[chk] L42 e15 hit  rel 1.811e-02
[chk] L0 e95 pcie rel 2.186e-02
[chk] L0 e20 pcie rel 1.935e-02
[chk] L0 e226 pcie rel 2.276e-02
[chk] L1 e232 hit  rel 1.917e-02
[chk] L1 e189 pcie rel 2.110e-02
[chk] L1 e38 hit  rel 1.936e-02
[chk] L1 e67 pcie rel 1.775e-02
[chk] L2 e67 pcie rel 1.990e-02
[chk] L2 e84 hit  rel 2.054e-02
[chk] L2 e173 pcie rel 2.029e-02
[chk] L2 e131 pcie rel 1.967e-02
[chk] L3 e188 hit  rel 2.191e-02
[chk] L3 e237 hit  rel 1.902e-02
[chk] L3 e50 hit  rel 2.267e-02
[chk] L3 e203 hit  rel 2.356e-02
[chk] L3 e241 hit  rel 2.347e-02
[chk] L4 e201 hit  rel 1.890e-02
[chk] L4 e184 hit  rel 1.998e-02
[chk] L4 e139 hit  rel 2.761e-02
[chk] L4 e50 pcie rel 2.529e-02
[chk] L4 e196 pcie rel 2.645e-02
[chk] L5 e42 hit  rel 2.524e-02
[chk] L5 e112 hit  rel 1.882e-02
[chk] L5 e79 hit  rel 2.155e-02
[chk] L5 e148 pcie rel 1.994e-02
[chk] L5 e56 hit  rel 2.078e-02
[chk] L6 e149 pcie rel 1.852e-02
[chk] L6 e233 hit  rel 2.400e-02
[chk] L6 e85 hit  rel 2.215e-02
[chk] L6 e25 pcie rel 1.853e-02
[chk] L7 e170 hit  rel 2.543e-02
[chk] L7 e214 hit  rel 2.179e-02
[chk] L7 e53 hit  rel 1.830e-02
[chk] L7 e205 pcie rel 1.971e-02
[chk] L8 e168 hit  rel 2.725e-02
[chk] L8 e106 hit  rel 1.977e-02
[chk] L8 e105 hit  rel 1.827e-02
[chk] L8 e147 hit  rel 1.871e-02
[chk] L8 e239 hit  rel 2.180e-02
[chk] L8 e231 hit  rel 1.989e-02
[chk] L9 e149 hit  rel 2.229e-02
[chk] L9 e28 hit  rel 1.896e-02
[chk] L9 e186 hit  rel 1.844e-02
[chk] L9 e226 hit  rel 2.104e-02
[chk] L9 e36 pcie rel 1.862e-02
[chk] L10 e156 hit  rel 1.895e-02
[chk] L10 e3 hit  rel 1.847e-02
[chk] L10 e229 pcie rel 1.939e-02
[chk] L10 e203 pcie rel 1.855e-02
[chk] L11 e113 hit  rel 2.311e-02
[chk] L11 e202 hit  rel 2.308e-02
[chk] L11 e169 pcie rel 2.074e-02
[chk] L11 e7 hit  rel 1.857e-02
[chk] L11 e129 hit  rel 1.881e-02
[chk] L12 e229 hit  rel 2.566e-02
[chk] L12 e67 hit  rel 2.105e-02
[chk] L12 e100 hit  rel 2.268e-02
[chk] L12 e199 hit  rel 1.874e-02
[chk] L12 e90 pcie rel 2.495e-02
[chk] L13 e111 pcie rel 2.309e-02
[chk] L13 e122 hit  rel 2.357e-02
[chk] L13 e93 hit  rel 2.076e-02
[chk] L13 e214 hit  rel 1.978e-02
[chk] L13 e104 pcie rel 2.017e-02
[chk] L14 e56 hit  rel 2.293e-02
[chk] L14 e132 hit  rel 2.177e-02
[chk] L14 e21 hit  rel 2.341e-02
[chk] L14 e134 hit  rel 2.070e-02
[chk] L14 e225 pcie rel 1.977e-02
[chk] L15 e53 hit  rel 1.962e-02
[chk] L15 e217 hit  rel 1.856e-02
[chk] L15 e173 pcie rel 2.008e-02
[chk] L15 e157 pcie rel 1.890e-02
[chk] L16 e228 pcie rel 1.749e-02
[chk] L16 e233 pcie rel 1.933e-02
[chk] L16 e137 hit  rel 1.902e-02
[chk] L17 e168 hit  rel 2.226e-02
[chk] L17 e101 pcie rel 1.852e-02
[chk] L17 e246 pcie rel 2.121e-02
[chk] L18 e253 hit  rel 2.135e-02
[chk] L18 e254 hit  rel 2.091e-02
[chk] L18 e172 pcie rel 2.201e-02
[chk] L18 e119 pcie rel 1.706e-02
[chk] L18 e234 hit  rel 2.178e-02
[chk] L19 e249 hit  rel 1.964e-02
[chk] L19 e12 hit  rel 2.015e-02
[chk] L19 e151 hit  rel 2.303e-02
[chk] L19 e234 pcie rel 1.818e-02
[chk] L20 e207 hit  rel 1.802e-02
[chk] L20 e217 hit  rel 2.026e-02
[chk] L20 e184 hit  rel 1.853e-02
[chk] L20 e137 hit  rel 1.968e-02
[chk] L20 e122 pcie rel 1.972e-02
[chk] L21 e59 hit  rel 2.120e-02
[chk] L21 e124 hit  rel 2.284e-02
[chk] L21 e165 hit  rel 1.816e-02
[chk] L21 e174 pcie rel 2.316e-02
[chk] L21 e183 pcie rel 1.830e-02
[chk] L22 e189 hit  rel 2.040e-02
[chk] L22 e197 hit  rel 1.826e-02
[chk] L22 e241 pcie rel 1.985e-02
[chk] L22 e156 hit  rel 1.940e-02
[chk] L23 e134 hit  rel 2.175e-02
[chk] L23 e180 pcie rel 2.037e-02
[chk] L23 e184 pcie rel 1.965e-02
[chk] L23 e132 hit  rel 2.002e-02
[chk] L24 e176 hit  rel 2.219e-02
[chk] L24 e93 hit  rel 2.324e-02
[chk] L24 e84 hit  rel 2.203e-02
[chk] L24 e36 hit  rel 2.052e-02
[chk] L24 e167 hit  rel 2.284e-02
[chk] L24 e56 pcie rel 2.071e-02
[chk] L25 e54 pcie rel 1.991e-02
[chk] L25 e43 hit  rel 2.043e-02
[chk] L25 e146 pcie rel 2.079e-02
[chk] L25 e204 hit  rel 2.012e-02
[chk] L26 e88 hit  rel 1.973e-02
[chk] L26 e117 pcie rel 2.095e-02
[chk] L26 e77 pcie rel 2.037e-02
[chk] L26 e162 hit  rel 2.043e-02
[chk] L27 e32 hit  rel 2.050e-02
[chk] L27 e76 hit  rel 2.268e-02
[chk] L27 e10 hit  rel 2.221e-02
[chk] L27 e210 pcie rel 2.271e-02
[chk] L28 e243 hit  rel 2.207e-02
[chk] L28 e133 pcie rel 2.148e-02
[chk] L28 e126 hit  rel 2.045e-02
[chk] L28 e209 hit  rel 1.976e-02
[chk] L28 e160 pcie rel 2.048e-02
[chk] L29 e217 hit  rel 2.474e-02
[chk] L29 e57 hit  rel 2.132e-02
[chk] L29 e76 hit  rel 2.137e-02
[chk] L29 e17 pcie rel 2.366e-02
[chk] L30 e243 pcie rel 2.037e-02
[chk] L30 e87 pcie rel 2.158e-02
[chk] L30 e31 hit  rel 2.233e-02
[chk] L30 e238 hit  rel 2.387e-02
[chk] L31 e27 hit  rel 2.070e-02
[chk] L31 e208 hit  rel 1.990e-02
[chk] L31 e191 pcie rel 2.082e-02
[chk] L31 e102 hit  rel 2.205e-02
[chk] L31 e153 hit  rel 2.213e-02
[chk] L31 e185 hit  rel 1.880e-02
[chk] L32 e164 hit  rel 2.121e-02
[chk] L32 e146 pcie rel 2.216e-02
[chk] L32 e92 pcie rel 2.314e-02
[chk] L33 e247 hit  rel 2.131e-02
[chk] L33 e147 hit  rel 1.739e-02
[chk] L33 e38 pcie rel 2.191e-02
[chk] L33 e164 hit  rel 2.169e-02
[chk] L34 e113 hit  rel 2.249e-02
[chk] L34 e135 hit  rel 2.252e-02
[chk] L34 e179 pcie rel 2.132e-02
[chk] L34 e109 pcie rel 2.333e-02
[chk] L35 e142 hit  rel 2.173e-02
[chk] L35 e0 hit  rel 1.846e-02
[chk] L35 e188 pcie rel 2.170e-02
[chk] L35 e30 pcie rel 2.208e-02
[chk] L36 e20 hit  rel 2.307e-02
[chk] L36 e199 hit  rel 2.090e-02
[chk] L36 e117 pcie rel 2.042e-02
[chk] L36 e81 hit  rel 2.016e-02
[chk] L36 e76 hit  rel 2.159e-02
[chk] L37 e32 hit  rel 2.244e-02
[chk] L37 e147 pcie rel 2.050e-02
[chk] L37 e102 pcie rel 2.196e-02
[chk] L37 e145 pcie rel 2.276e-02
[chk] L38 e63 hit  rel 2.113e-02
[chk] L38 e17 hit  rel 2.420e-02
[chk] L38 e11 hit  rel 2.251e-02
[chk] L38 e162 hit  rel 2.167e-02
[chk] L38 e107 pcie rel 2.117e-02
[chk] L39 e139 hit  rel 2.023e-02
[chk] L39 e170 hit  rel 2.005e-02
[chk] L39 e204 hit  rel 2.243e-02
[chk] L39 e70 hit  rel 2.429e-02
[chk] L39 e135 hit  rel 2.239e-02
[chk] L39 e99 hit  rel 2.198e-02
[chk] L40 e109 hit  rel 1.919e-02
[chk] L40 e46 pcie rel 2.738e-02
[chk] L40 e207 pcie rel 2.250e-02
[chk] L40 e108 hit  rel 1.880e-02
[chk] L41 e183 hit  rel 1.976e-02
[chk] L41 e47 hit  rel 2.687e-02
[chk] L41 e190 hit  rel 2.184e-02
[chk] L41 e29 pcie rel 1.743e-02
[chk] L42 e154 hit  rel 1.938e-02
[chk] L42 e15 hit  rel 1.797e-02
[chk] L42 e244 hit  rel 1.938e-02
[chk] L42 e55 pcie rel 2.471e-02
[chk] L42 e80 pcie rel 2.304e-02
[chk] L0 e183 hit  rel 2.390e-02
[chk] L0 e54 pcie rel 2.125e-02
[chk] L0 e120 pcie rel 2.139e-02
[chk] L1 e244 pcie rel 2.223e-02
[chk] L1 e9 pcie rel 1.938e-02
[chk] L1 e56 pcie rel 2.227e-02
[chk] L2 e6 pcie rel 2.743e-02
[chk] L2 e59 pcie rel 2.261e-02
[chk] L2 e8 pcie rel 1.997e-02
[chk] L3 e235 hit  rel 2.524e-02
[chk] L3 e244 hit  rel 2.430e-02
[chk] L3 e188 hit  rel 2.039e-02
[chk] L3 e50 hit  rel 2.553e-02
[chk] L3 e187 pcie rel 1.887e-02
[chk] L4 e194 hit  rel 2.418e-02
[chk] L4 e26 pcie rel 1.912e-02
[chk] L4 e184 hit  rel 2.297e-02
[chk] L4 e201 hit  rel 1.892e-02
[chk] L4 e55 pcie rel 2.212e-02
[chk] L5 e28 hit  rel 2.133e-02
[chk] L5 e42 hit  rel 2.209e-02
[chk] L5 e148 pcie rel 2.148e-02
[chk] L5 e14 hit  rel 2.144e-02
[chk] L6 e218 hit  rel 1.828e-02
[chk] L6 e162 pcie rel 2.200e-02
[chk] L6 e112 pcie rel 2.246e-02
[chk] L6 e233 hit  rel 1.996e-02
[chk] L7 e248 pcie rel 1.874e-02
[chk] L7 e223 hit  rel 2.076e-02
[chk] L7 e170 hit  rel 2.202e-02
[chk] L7 e214 hit  rel 1.971e-02
[chk] L7 e114 pcie rel 2.037e-02
[chk] L8 e168 hit  rel 2.245e-02
[chk] L8 e82 hit  rel 2.152e-02
[chk] L8 e106 hit  rel 2.081e-02
[chk] L8 e239 hit  rel 2.065e-02
[chk] L8 e105 hit  rel 1.946e-02
[chk] L9 e149 hit  rel 2.215e-02
[chk] L9 e28 hit  rel 2.088e-02
[chk] L9 e186 hit  rel 2.219e-02
[chk] L9 e73 pcie rel 1.907e-02
[chk] L9 e1 pcie rel 2.484e-02
[chk] L10 e156 hit  rel 2.175e-02
[chk] L10 e110 hit  rel 2.108e-02
[chk] L10 e30 hit  rel 2.057e-02
[chk] L10 e184 pcie rel 1.825e-02
[chk] L11 e236 hit  rel 1.797e-02
[chk] L11 e129 hit  rel 1.985e-02
[chk] L11 e7 hit  rel 1.931e-02
[chk] L11 e202 hit  rel 2.110e-02
[chk] L11 e123 pcie rel 2.072e-02
[chk] L11 e113 hit  rel 1.941e-02
[chk] L12 e229 hit  rel 2.534e-02
[chk] L12 e239 pcie rel 1.844e-02
[chk] L12 e127 hit  rel 1.999e-02
[chk] L12 e100 hit  rel 2.113e-02
[chk] L12 e215 hit  rel 1.935e-02
[chk] L13 e93 hit  rel 2.057e-02
[chk] L13 e122 hit  rel 1.983e-02
[chk] L13 e75 pcie rel 1.984e-02
[chk] L13 e139 pcie rel 1.737e-02
[chk] L14 e21 hit  rel 2.458e-02
[chk] L14 e56 hit  rel 2.239e-02
[chk] L14 e227 hit  rel 1.935e-02
[chk] L14 e35 pcie rel 2.019e-02
[chk] L14 e132 hit  rel 1.897e-02
[chk] L15 e53 hit  rel 1.873e-02
[chk] L15 e108 pcie rel 2.019e-02
[chk] L15 e165 pcie rel 1.953e-02
[chk] L15 e39 hit  rel 1.860e-02
[chk] L16 e185 hit  rel 2.347e-02
[chk] L16 e43 pcie rel 2.089e-02
[chk] L16 e2 hit  rel 2.071e-02
[chk] L16 e64 pcie rel 1.728e-02
[chk] L17 e168 hit  rel 2.072e-02
[chk] L17 e32 pcie rel 2.121e-02
[chk] L17 e43 pcie rel 1.878e-02
[chk] L18 e234 hit  rel 2.102e-02
[chk] L18 e254 hit  rel 1.889e-02
[chk] L18 e91 pcie rel 2.552e-02
[chk] L18 e165 pcie rel 1.966e-02
[chk] L19 e249 hit  rel 2.239e-02
[chk] L19 e47 hit  rel 1.956e-02
[chk] L19 e14 hit  rel 1.900e-02
[chk] L19 e75 pcie rel 1.922e-02
[chk] L19 e241 pcie rel 1.914e-02
[chk] L20 e207 hit  rel 1.812e-02
[chk] L20 e104 hit  rel 2.314e-02
[chk] L20 e205 pcie rel 2.261e-02
[chk] L20 e25 hit  rel 2.024e-02
[chk] L21 e59 hit  rel 1.934e-02
[chk] L21 e7 pcie rel 2.163e-02
[chk] L21 e33 pcie rel 2.006e-02
[chk] L21 e162 pcie rel 2.280e-02
[chk] L22 e189 hit  rel 1.992e-02
[chk] L22 e156 hit  rel 1.861e-02
[chk] L22 e197 hit  rel 2.054e-02
[chk] L22 e100 pcie rel 1.951e-02
[chk] L23 e184 pcie rel 2.007e-02
[chk] L23 e134 hit  rel 2.347e-02
[chk] L23 e225 pcie rel 1.874e-02
[chk] L23 e61 hit  rel 1.969e-02
[chk] L23 e132 hit  rel 2.005e-02
[chk] L24 e93 hit  rel 2.323e-02
[chk] L24 e176 hit  rel 1.919e-02
[chk] L24 e84 hit  rel 2.029e-02
[chk] L24 e36 hit  rel 2.061e-02
[chk] L24 e120 pcie rel 2.163e-02
[chk] L25 e204 hit  rel 1.819e-02
[chk] L25 e241 hit  rel 2.012e-02
[chk] L25 e190 pcie rel 2.501e-02
[chk] L25 e74 pcie rel 2.514e-02
[chk] L26 e169 hit  rel 2.093e-02
[chk] L26 e88 hit  rel 1.980e-02
[chk] L26 e215 hit  rel 1.894e-02
[chk] L26 e67 hit  rel 2.119e-02
[chk] L26 e194 pcie rel 1.930e-02
[chk] L27 e32 hit  rel 2.039e-02
[chk] L27 e76 hit  rel 2.314e-02
[chk] L27 e44 pcie rel 1.980e-02
[chk] L27 e210 pcie rel 2.074e-02
[chk] L28 e209 hit  rel 1.949e-02
[chk] L28 e243 hit  rel 2.165e-02
[chk] L28 e126 hit  rel 2.194e-02
[chk] L28 e227 hit  rel 2.101e-02
[chk] L28 e108 pcie rel 2.100e-02
[chk] L29 e217 hit  rel 2.012e-02
[chk] L29 e247 pcie rel 2.186e-02
[chk] L29 e43 pcie rel 2.292e-02
[chk] L29 e226 hit  rel 2.161e-02
[chk] L30 e192 hit  rel 2.088e-02
[chk] L30 e181 pcie rel 1.981e-02
[chk] L30 e52 pcie rel 2.083e-02
[chk] L31 e27 hit  rel 2.241e-02
[chk] L31 e208 hit  rel 2.148e-02
[chk] L31 e34 pcie rel 2.174e-02
[chk] L31 e166 hit  rel 2.018e-02
[chk] L31 e238 hit  rel 2.091e-02
[chk] L32 e164 hit  rel 1.888e-02
[chk] L32 e118 hit  rel 2.160e-02
[chk] L32 e121 pcie rel 2.201e-02
[chk] L32 e242 pcie rel 2.232e-02
[chk] L33 e247 hit  rel 2.202e-02
[chk] L33 e4 pcie rel 2.079e-02
[chk] L33 e117 hit  rel 2.392e-02
[chk] L33 e185 pcie rel 2.216e-02
[chk] L33 e147 hit  rel 2.184e-02
[chk] L34 e113 hit  rel 1.948e-02
[chk] L34 e135 hit  rel 1.953e-02
[chk] L34 e70 hit  rel 1.936e-02
[chk] L34 e14 pcie rel 2.364e-02
[chk] L35 e32 hit  rel 2.191e-02
[chk] L35 e53 hit  rel 2.149e-02
[chk] L35 e142 hit  rel 2.277e-02
[chk] L35 e186 pcie rel 2.222e-02
[chk] L35 e81 pcie rel 2.251e-02
[chk] L36 e20 hit  rel 2.136e-02
[chk] L36 e69 hit  rel 2.020e-02
[chk] L36 e81 hit  rel 1.997e-02
[chk] L36 e65 hit  rel 2.253e-02
[chk] L36 e248 hit  rel 2.134e-02
[chk] L37 e32 hit  rel 2.257e-02
[chk] L37 e160 hit  rel 2.250e-02
[chk] L37 e12 pcie rel 2.184e-02
[chk] L37 e202 pcie rel 2.013e-02
[chk] L38 e63 hit  rel 1.948e-02
[chk] L38 e162 hit  rel 1.909e-02
[chk] L38 e62 hit  rel 1.849e-02
[chk] L38 e11 hit  rel 2.159e-02
[chk] L38 e137 pcie rel 2.263e-02
[chk] L39 e1 hit  rel 2.247e-02
[chk] L39 e139 hit  rel 2.041e-02
[chk] L39 e70 hit  rel 2.003e-02
[chk] L39 e204 hit  rel 2.264e-02
[chk] L39 e229 pcie rel 2.338e-02
[chk] L40 e15 hit  rel 2.262e-02
[chk] L40 e109 hit  rel 1.973e-02
[chk] L40 e146 pcie rel 2.152e-02
[chk] L40 e136 pcie rel 2.103e-02
[chk] L40 e108 hit  rel 1.946e-02
[chk] L41 e3 hit  rel 1.890e-02
[chk] L41 e190 hit  rel 2.083e-02
[chk] L41 e192 hit  rel 1.910e-02
[chk] L41 e75 pcie rel 1.766e-02
[chk] L42 e218 hit  rel 2.561e-02
[chk] L42 e227 hit  rel 1.827e-02
[chk] L42 e140 pcie rel 2.401e-02
[chk] L42 e217 hit  rel 2.205e-02
[chk] L42 e145 hit  rel 2.576e-02
[chk] L0 e148 pcie rel 2.195e-02
[chk] L0 e52 pcie rel 2.277e-02
[chk] L0 e88 pcie rel 2.385e-02
[chk] L1 e183 hit  rel 1.885e-02
[chk] L1 e61 pcie rel 2.006e-02
[chk] L1 e69 hit  rel 2.538e-02
[chk] L1 e45 pcie rel 2.698e-02
[chk] L2 e221 hit  rel 2.236e-02
[chk] L2 e7 hit  rel 2.005e-02
[chk] L2 e30 pcie rel 2.013e-02
[chk] L2 e91 pcie rel 2.395e-02
[chk] L3 e245 hit  rel 2.393e-02
[chk] L3 e50 hit  rel 2.225e-02
[chk] L3 e127 hit  rel 2.050e-02
[chk] L3 e188 hit  rel 2.250e-02
[chk] L3 e39 hit  rel 1.898e-02
[chk] L3 e176 hit  rel 1.819e-02
[chk] L4 e194 hit  rel 2.748e-02
[chk] L4 e222 hit  rel 1.878e-02
[chk] L4 e153 pcie rel 1.974e-02
[chk] L4 e201 hit  rel 1.874e-02
[chk] L4 e26 pcie rel 2.012e-02
[chk] L5 e28 hit  rel 1.978e-02
[chk] L5 e42 hit  rel 2.092e-02
[chk] L5 e85 hit  rel 2.161e-02
[chk] L5 e148 pcie rel 2.146e-02
[chk] L5 e14 hit  rel 1.876e-02
[chk] L6 e218 hit  rel 2.133e-02
[chk] L6 e29 hit  rel 1.963e-02
[chk] L6 e20 pcie rel 2.199e-02
[chk] L6 e178 pcie rel 2.026e-02
[chk] L7 e170 hit  rel 2.105e-02
[chk] L7 e223 hit  rel 2.191e-02
[chk] L7 e128 pcie rel 2.289e-02
[chk] L7 e21 pcie rel 1.868e-02
[chk] L8 e168 hit  rel 2.553e-02
[chk] L8 e106 hit  rel 1.900e-02
[chk] L8 e105 hit  rel 1.908e-02
[chk] L8 e82 hit  rel 2.159e-02
[chk] L8 e239 hit  rel 2.247e-02
[chk] L9 e149 hit  rel 2.222e-02
[chk] L9 e186 hit  rel 2.152e-02
[chk] L9 e12 hit  rel 2.073e-02
[chk] L9 e28 hit  rel 1.749e-02
[chk] L9 e73 pcie rel 2.191e-02
[chk] L10 e156 hit  rel 2.100e-02
[chk] L10 e24 pcie rel 2.199e-02
[chk] L10 e110 hit  rel 1.813e-02
[chk] L10 e30 hit  rel 2.079e-02
[chk] L10 e230 pcie rel 1.890e-02
[chk] L11 e236 hit  rel 2.091e-02
[chk] L11 e202 hit  rel 2.084e-02
[chk] L11 e7 hit  rel 2.113e-02
[chk] L11 e113 hit  rel 2.257e-02
[chk] L11 e221 pcie rel 1.889e-02
[chk] L12 e229 hit  rel 2.598e-02
[chk] L12 e127 hit  rel 2.284e-02
[chk] L12 e215 hit  rel 2.192e-02
[chk] L12 e199 hit  rel 2.074e-02
[chk] L12 e26 pcie rel 2.113e-02
[chk] L13 e75 pcie rel 2.066e-02
[chk] L13 e93 hit  rel 2.281e-02
[chk] L13 e122 hit  rel 2.050e-02
[chk] L13 e247 pcie rel 2.071e-02
[chk] L14 e56 hit  rel 2.106e-02
[chk] L14 e21 hit  rel 2.235e-02
[chk] L14 e227 hit  rel 2.087e-02
[chk] L14 e132 hit  rel 1.982e-02
[chk] L14 e187 hit  rel 2.163e-02
[chk] L15 e53 hit  rel 2.021e-02
[chk] L15 e114 pcie rel 1.803e-02
[chk] L15 e143 pcie rel 1.930e-02
[chk] L15 e173 pcie rel 2.113e-02
[chk] L16 e185 hit  rel 2.489e-02
[chk] L16 e156 pcie rel 1.947e-02
[chk] L16 e2 hit  rel 1.784e-02
[chk] L16 e42 hit  rel 2.368e-02
[chk] L17 e168 hit  rel 2.122e-02
[chk] L17 e111 pcie rel 2.073e-02
[chk] L17 e186 hit  rel 1.952e-02
[chk] L17 e43 pcie rel 1.932e-02
[chk] L18 e234 hit  rel 2.409e-02
[chk] L18 e91 pcie rel 2.357e-02
[chk] L18 e254 hit  rel 2.086e-02
[chk] L18 e100 hit  rel 1.972e-02
[chk] L18 e116 hit  rel 2.091e-02
[chk] L19 e249 hit  rel 2.075e-02
[chk] L19 e12 hit  rel 1.816e-02
[chk] L19 e20 pcie rel 1.791e-02
[chk] L19 e1 pcie rel 1.840e-02
[chk] L20 e207 hit  rel 1.968e-02
[chk] L20 e163 pcie rel 2.119e-02
[chk] L20 e137 hit  rel 1.945e-02
[chk] L20 e206 pcie rel 2.057e-02
[chk] L21 e59 hit  rel 1.842e-02
[chk] L21 e63 pcie rel 2.194e-02
[chk] L21 e110 pcie rel 1.917e-02
[chk] L22 e189 hit  rel 1.837e-02
[chk] L22 e197 hit  rel 1.967e-02
[chk] L22 e81 pcie rel 1.917e-02
[chk] L22 e191 pcie rel 1.962e-02
[chk] L23 e61 hit  rel 2.056e-02
[chk] L23 e134 hit  rel 2.028e-02
[chk] L23 e132 hit  rel 2.101e-02
[chk] L23 e56 hit  rel 2.005e-02
[chk] L23 e225 pcie rel 1.901e-02
[chk] L24 e176 hit  rel 2.111e-02
[chk] L24 e84 hit  rel 1.965e-02
[chk] L24 e36 hit  rel 2.149e-02
[chk] L24 e132 hit  rel 2.103e-02
[chk] L24 e216 pcie rel 1.755e-02
[chk] L25 e54 pcie rel 1.977e-02
[chk] L25 e43 hit  rel 2.153e-02
[chk] L25 e16 pcie rel 2.076e-02
[chk] L25 e74 pcie rel 2.090e-02
[chk] L26 e88 hit  rel 1.913e-02
[chk] L26 e177 hit  rel 2.169e-02
[chk] L26 e179 pcie rel 2.087e-02
[chk] L26 e122 hit  rel 2.181e-02
[chk] L27 e10 hit  rel 2.110e-02
[chk] L27 e137 pcie rel 2.153e-02
[chk] L27 e76 hit  rel 2.097e-02
[chk] L27 e156 pcie rel 2.252e-02
[chk] L28 e126 hit  rel 2.127e-02
[chk] L28 e209 hit  rel 2.177e-02
[chk] L28 e243 hit  rel 1.958e-02
[chk] L28 e234 pcie rel 2.008e-02
[chk] L29 e57 hit  rel 2.094e-02
[chk] L29 e43 pcie rel 2.250e-02
[chk] L29 e217 hit  rel 2.184e-02
[chk] L29 e213 pcie rel 2.088e-02
[chk] L29 e105 hit  rel 1.937e-02
[chk] L30 e12 pcie rel 2.177e-02
[chk] L30 e101 hit  rel 2.154e-02
[chk] L30 e31 hit  rel 2.103e-02
[chk] L30 e238 hit  rel 1.995e-02
[chk] L31 e208 hit  rel 2.024e-02
[chk] L31 e27 hit  rel 2.085e-02
[chk] L31 e35 pcie rel 2.128e-02
[chk] L31 e7 pcie rel 2.185e-02
[chk] L31 e153 hit  rel 2.055e-02
[chk] L32 e164 hit  rel 2.036e-02
[chk] L32 e56 pcie rel 2.455e-02
[chk] L32 e25 pcie rel 2.104e-02
[chk] L33 e28 pcie rel 2.120e-02
[chk] L33 e247 hit  rel 2.110e-02
[chk] L33 e147 hit  rel 1.950e-02
[chk] L33 e74 pcie rel 2.113e-02
[chk] L33 e117 hit  rel 2.274e-02
[chk] L34 e113 hit  rel 2.058e-02
[chk] L34 e135 hit  rel 2.270e-02
[chk] L34 e33 pcie rel 2.268e-02
[chk] L34 e91 pcie rel 2.161e-02
[chk] L35 e0 hit  rel 1.924e-02
[chk] L35 e207 hit  rel 2.030e-02
[chk] L35 e211 pcie rel 2.369e-02
[chk] L35 e136 pcie rel 2.257e-02
[chk] L36 e20 hit  rel 2.370e-02
[chk] L36 e199 hit  rel 2.113e-02
[chk] L36 e5 hit  rel 2.219e-02
[chk] L36 e76 hit  rel 1.771e-02
[chk] L36 e138 pcie rel 2.023e-02
[chk] L37 e32 hit  rel 2.315e-02
[chk] L37 e102 pcie rel 2.049e-02
[chk] L37 e100 hit  rel 2.277e-02
[chk] L37 e231 pcie rel 2.296e-02
[chk] L38 e63 hit  rel 1.934e-02
[chk] L38 e11 hit  rel 1.996e-02
[chk] L38 e47 hit  rel 1.496e-02
[chk] L38 e17 hit  rel 2.147e-02
[chk] L38 e162 hit  rel 2.038e-02
[chk] L38 e41 hit  rel 2.053e-02
[chk] L39 e139 hit  rel 2.008e-02
[chk] L39 e170 hit  rel 1.760e-02
[chk] L39 e75 pcie rel 2.213e-02
[chk] L39 e204 hit  rel 2.049e-02
[chk] L39 e208 hit  rel 2.298e-02
[chk] L40 e109 hit  rel 1.734e-02
[chk] L40 e108 hit  rel 2.210e-02
[chk] L40 e180 pcie rel 2.052e-02
[chk] L40 e153 pcie rel 2.315e-02
[chk] L41 e190 hit  rel 2.077e-02
[chk] L41 e46 pcie rel 2.177e-02
[chk] L41 e42 hit  rel 2.142e-02
[chk] L41 e192 hit  rel 1.889e-02
[chk] L42 e14 pcie rel 1.669e-02
[chk] L42 e154 hit  rel 2.414e-02
[chk] L42 e15 hit  rel 1.754e-02
[chk] L42 e240 pcie rel 2.310e-02
[chk] L42 e178 hit  rel 1.867e-02
[chk] L0 e106 hit  rel 2.322e-02
[chk] L0 e26 pcie rel 2.683e-02
[chk] L0 e31 pcie rel 2.234e-02
[chk] L1 e78 pcie rel 2.126e-02
[chk] L1 e182 pcie rel 1.824e-02
[chk] L1 e79 hit  rel 2.293e-02
[chk] L1 e204 pcie rel 2.418e-02
[chk] L2 e64 pcie rel 2.217e-02
[chk] L2 e44 pcie rel 2.089e-02
[chk] L2 e90 pcie rel 2.297e-02
[chk] L3 e244 hit  rel 2.212e-02
[chk] L3 e50 hit  rel 1.947e-02
[chk] L3 e237 hit  rel 2.055e-02
[chk] L3 e148 pcie rel 2.283e-02
[chk] L3 e27 hit  rel 1.778e-02
[chk] L4 e242 pcie rel 2.238e-02
[chk] L4 e32 hit  rel 2.109e-02
[chk] L4 e170 hit  rel 1.869e-02
[chk] L4 e26 pcie rel 2.000e-02
[chk] L5 e149 hit  rel 1.892e-02
[chk] L5 e42 hit  rel 2.114e-02
[chk] L5 e245 hit  rel 2.342e-02
[chk] L5 e221 pcie rel 2.115e-02
[chk] L5 e28 hit  rel 2.092e-02
[chk] L6 e166 hit  rel 2.194e-02
[chk] L6 e91 pcie rel 2.158e-02
[chk] L6 e142 hit  rel 2.506e-02
[chk] L7 e223 hit  rel 2.371e-02
[chk] L7 e170 hit  rel 2.243e-02
[chk] L7 e160 hit  rel 2.390e-02
[chk] L7 e235 pcie rel 2.358e-02
[chk] L7 e55 pcie rel 1.794e-02
[chk] L8 e106 hit  rel 2.429e-02
[chk] L8 e239 hit  rel 2.073e-02
[chk] L8 e168 hit  rel 2.314e-02
[chk] L8 e51 pcie rel 2.103e-02
[chk] L8 e189 hit  rel 1.926e-02
[chk] L9 e253 hit  rel 2.067e-02
[chk] L9 e32 hit  rel 2.035e-02
[chk] L9 e149 hit  rel 1.967e-02
[chk] L9 e28 hit  rel 1.903e-02
[chk] L9 e187 pcie rel 2.069e-02
[chk] L10 e30 hit  rel 1.998e-02
[chk] L10 e41 pcie rel 1.732e-02
[chk] L10 e38 pcie rel 1.901e-02
[chk] L10 e8 hit  rel 1.840e-02
[chk] L11 e129 hit  rel 2.126e-02
[chk] L11 e202 hit  rel 2.117e-02
[chk] L11 e20 pcie rel 1.920e-02
[chk] L11 e7 hit  rel 2.215e-02
[chk] L12 e229 hit  rel 2.775e-02
[chk] L12 e39 hit  rel 2.296e-02
[chk] L12 e127 hit  rel 2.354e-02
[chk] L12 e223 pcie rel 1.814e-02
[chk] L12 e29 hit  rel 2.366e-02
[chk] L13 e122 hit  rel 1.963e-02
[chk] L13 e40 hit  rel 2.080e-02
[chk] L13 e96 pcie rel 1.970e-02
[chk] L13 e24 pcie rel 2.505e-02
[chk] L14 e21 hit  rel 2.059e-02
[chk] L14 e132 hit  rel 1.948e-02
[chk] L14 e246 pcie rel 2.522e-02
[chk] L14 e187 hit  rel 1.883e-02
[chk] L14 e56 hit  rel 2.183e-02
[chk] L15 e53 hit  rel 2.002e-02
[chk] L15 e114 pcie rel 1.982e-02
[chk] L15 e39 hit  rel 1.986e-02
[chk] L15 e93 pcie rel 1.785e-02
[chk] L15 e43 hit  rel 2.191e-02
[chk] L16 e120 pcie rel 1.937e-02
[chk] L16 e185 hit  rel 2.072e-02
[chk] L16 e2 hit  rel 1.942e-02
[chk] L17 e187 hit  rel 2.073e-02
[chk] L17 e243 pcie rel 1.759e-02
[chk] L17 e5 hit  rel 1.938e-02
[chk] L17 e111 pcie rel 1.968e-02
[chk] L18 e234 hit  rel 2.074e-02
[chk] L18 e100 hit  rel 1.981e-02
[chk] L18 e128 hit  rel 2.019e-02
[chk] L18 e71 pcie rel 1.846e-02
[chk] L18 e151 pcie rel 1.718e-02
[chk] L19 e249 hit  rel 1.968e-02
[chk] L19 e31 hit  rel 2.047e-02
[chk] L19 e12 hit  rel 2.019e-02
[chk] L19 e189 pcie rel 1.864e-02
[chk] L20 e85 pcie rel 2.132e-02
[chk] L20 e197 pcie rel 2.208e-02
[chk] L20 e184 hit  rel 1.954e-02
[chk] L20 e67 pcie rel 2.242e-02
[chk] L21 e59 hit  rel 2.092e-02
[chk] L21 e1 pcie rel 2.036e-02
[chk] L21 e174 pcie rel 2.230e-02
[chk] L22 e137 pcie rel 1.934e-02
[chk] L22 e167 pcie rel 2.057e-02
[chk] L22 e244 pcie rel 1.975e-02
[chk] L23 e134 hit  rel 2.527e-02
[chk] L23 e56 hit  rel 2.105e-02
[chk] L23 e57 hit  rel 2.345e-02
[chk] L23 e132 hit  rel 2.067e-02
[chk] L23 e92 pcie rel 1.863e-02
[chk] L24 e176 hit  rel 2.175e-02
[chk] L24 e84 hit  rel 2.179e-02
[chk] L24 e36 hit  rel 2.082e-02
[chk] L24 e93 hit  rel 1.953e-02
[chk] L24 e120 pcie rel 2.188e-02
[chk] L25 e43 hit  rel 2.141e-02
[chk] L25 e174 pcie rel 2.002e-02
[chk] L25 e216 pcie rel 1.985e-02
[chk] L25 e5 hit  rel 2.398e-02
[chk] L26 e88 hit  rel 2.047e-02
[chk] L26 e6 hit  rel 2.556e-02
[chk] L26 e162 hit  rel 2.167e-02
[chk] L26 e177 hit  rel 2.078e-02
[chk] L26 e247 pcie rel 2.008e-02
[chk] L26 e202 hit  rel 2.243e-02
[chk] L27 e76 hit  rel 2.083e-02
[chk] L27 e67 hit  rel 2.133e-02
[chk] L27 e33 pcie rel 2.121e-02
[chk] L27 e10 hit  rel 2.081e-02
[chk] L28 e243 hit  rel 2.580e-02
[chk] L28 e126 hit  rel 1.918e-02
[chk] L28 e209 hit  rel 2.082e-02
[chk] L28 e77 pcie rel 2.314e-02
[chk] L28 e169 pcie rel 2.011e-02
[chk] L29 e57 hit  rel 2.231e-02
[chk] L29 e193 pcie rel 2.060e-02
[chk] L29 e20 pcie rel 2.176e-02
[chk] L30 e31 hit  rel 2.317e-02
[chk] L30 e238 hit  rel 2.110e-02
[chk] L30 e131 pcie rel 2.189e-02
[chk] L30 e62 hit  rel 2.048e-02
[chk] L30 e101 hit  rel 2.560e-02
[chk] L31 e208 hit  rel 1.968e-02
[chk] L31 e27 hit  rel 2.029e-02
[chk] L31 e114 hit  rel 2.279e-02
[chk] L31 e89 hit  rel 2.115e-02
[chk] L31 e38 pcie rel 2.093e-02
[chk] L32 e164 hit  rel 2.399e-02
[chk] L32 e121 pcie rel 2.077e-02
[chk] L32 e122 hit  rel 1.993e-02
[chk] L32 e140 hit  rel 2.324e-02
[chk] L33 e247 hit  rel 2.146e-02
[chk] L33 e147 hit  rel 1.989e-02
[chk] L33 e38 pcie rel 2.232e-02
[chk] L33 e185 pcie rel 2.063e-02
[chk] L34 e113 hit  rel 2.185e-02
[chk] L34 e135 hit  rel 2.107e-02
[chk] L34 e176 hit  rel 2.099e-02
[chk] L34 e136 hit  rel 2.182e-02
[chk] L35 e142 hit  rel 2.213e-02
[chk] L35 e143 hit  rel 2.328e-02
[chk] L35 e119 pcie rel 2.120e-02
[chk] L35 e48 pcie rel 2.028e-02
[chk] L36 e20 hit  rel 2.310e-02
[chk] L36 e130 hit  rel 2.122e-02
[chk] L36 e199 hit  rel 2.052e-02
[chk] L36 e5 hit  rel 2.297e-02
[chk] L36 e17 pcie rel 2.327e-02
[chk] L37 e100 hit  rel 1.990e-02
[chk] L37 e209 hit  rel 1.921e-02
[chk] L37 e32 hit  rel 1.931e-02
[chk] L37 e185 pcie rel 2.220e-02
[chk] L37 e84 pcie rel 1.985e-02
[chk] L38 e11 hit  rel 2.307e-02
[chk] L38 e63 hit  rel 2.117e-02
[chk] L38 e162 hit  rel 2.202e-02
[chk] L38 e133 hit  rel 1.772e-02
[chk] L38 e41 hit  rel 2.169e-02
[chk] L39 e70 hit  rel 2.180e-02
[chk] L39 e139 hit  rel 2.043e-02
[chk] L39 e54 hit  rel 2.125e-02
[chk] L39 e223 hit  rel 2.000e-02
[chk] L39 e86 pcie rel 2.037e-02
[chk] L39 e85 hit  rel 1.887e-02
[chk] L40 e30 hit  rel 1.935e-02
[chk] L40 e180 pcie rel 2.187e-02
[chk] L40 e22 hit  rel 2.023e-02
[chk] L40 e108 hit  rel 1.930e-02
[chk] L40 e24 hit  rel 1.651e-02
[chk] L41 e190 hit  rel 1.940e-02
[chk] L41 e23 hit  rel 2.480e-02
[chk] L41 e161 pcie rel 2.058e-02
[chk] L41 e36 pcie rel 1.926e-02
[chk] L42 e50 hit  rel 1.940e-02
[chk] L42 e216 hit  rel 2.044e-02
[chk] L42 e225 hit  rel 1.897e-02
[chk] L42 e255 pcie rel 2.027e-02
[chk] L42 e15 hit  rel 1.827e-02
[chk] L0 e120 pcie rel 2.542e-02
[chk] L0 e156 pcie rel 2.721e-02
[chk] L0 e29 hit  rel 1.983e-02
[chk] L1 e37 pcie rel 1.950e-02
[chk] L1 e195 pcie rel 1.840e-02
[chk] L1 e48 pcie rel 1.989e-02
[chk] L2 e210 pcie rel 2.252e-02
[chk] L2 e115 pcie rel 2.091e-02
[chk] L2 e26 pcie rel 2.616e-02
[chk] L3 e50 hit  rel 1.884e-02
[chk] L3 e188 hit  rel 1.935e-02
[chk] L3 e233 pcie rel 1.992e-02
[chk] L3 e237 hit  rel 1.933e-02
[chk] L3 e244 hit  rel 2.078e-02
[chk] L4 e170 hit  rel 1.977e-02
[chk] L4 e26 pcie rel 2.590e-02
[chk] L4 e32 hit  rel 2.097e-02
[chk] L4 e46 pcie rel 2.257e-02
[chk] L5 e42 hit  rel 2.585e-02
[chk] L5 e112 hit  rel 2.248e-02
[chk] L5 e49 pcie rel 1.934e-02
[chk] L5 e14 hit  rel 2.089e-02
[chk] L5 e1 pcie rel 2.146e-02
[chk] L6 e203 hit  rel 2.185e-02
[chk] L6 e233 hit  rel 2.214e-02
[chk] L6 e224 hit  rel 2.697e-02
[chk] L6 e50 hit  rel 2.119e-02
[chk] L6 e125 hit  rel 1.899e-02
[chk] L7 e160 hit  rel 2.293e-02
[chk] L7 e170 hit  rel 2.830e-02
[chk] L7 e214 hit  rel 2.283e-02
[chk] L7 e223 hit  rel 2.120e-02
[chk] L7 e233 hit  rel 2.318e-02
[chk] L7 e235 pcie rel 2.540e-02
[chk] L8 e231 hit  rel 2.347e-02
[chk] L8 e106 hit  rel 2.369e-02
[chk] L8 e128 hit  rel 2.034e-02
[chk] L8 e194 hit  rel 2.109e-02
[chk] L8 e105 hit  rel 1.896e-02
[chk] L8 e228 hit  rel 2.106e-02
[chk] L9 e226 hit  rel 2.054e-02
[chk] L9 e149 hit  rel 2.408e-02
[chk] L9 e191 hit  rel 2.079e-02
[chk] L9 e219 hit  rel 2.034e-02
[chk] L9 e32 hit  rel 1.867e-02
[chk] L9 e230 hit  rel 2.218e-02
[chk] L10 e15 hit  rel 2.289e-02
[chk] L10 e92 hit  rel 2.255e-02
[chk] L10 e150 hit  rel 1.809e-02
[chk] L10 e232 pcie rel 2.051e-02
[chk] L10 e161 hit  rel 1.919e-02
[chk] L11 e7 hit  rel 2.036e-02
[chk] L11 e185 hit  rel 2.023e-02
[chk] L11 e122 hit  rel 2.068e-02
[chk] L11 e207 hit  rel 1.808e-02
[chk] L11 e221 pcie rel 2.019e-02
[chk] L12 e127 hit  rel 2.311e-02
[chk] L12 e229 hit  rel 2.422e-02
[chk] L12 e19 hit  rel 2.015e-02
[chk] L12 e39 hit  rel 1.889e-02
[chk] L12 e120 pcie rel 1.955e-02
[chk] L13 e122 hit  rel 1.932e-02
[chk] L13 e165 hit  rel 2.125e-02
[chk] L13 e75 pcie rel 2.032e-02
[chk] L13 e93 hit  rel 1.969e-02
[chk] L14 e56 hit  rel 2.022e-02
[chk] L14 e118 hit  rel 1.842e-02
[chk] L14 e21 hit  rel 2.079e-02
[chk] L14 e132 hit  rel 1.972e-02
[chk] L14 e113 pcie rel 1.920e-02
[chk] L15 e53 hit  rel 2.091e-02
[chk] L15 e207 hit  rel 2.459e-02
[chk] L15 e39 hit  rel 1.760e-02
[chk] L15 e97 hit  rel 2.076e-02
[chk] L15 e1 pcie rel 2.076e-02
[chk] L16 e84 pcie rel 1.984e-02
[chk] L16 e2 hit  rel 1.941e-02
[chk] L16 e12 hit  rel 2.277e-02
[chk] L16 e128 hit  rel 2.096e-02
[chk] L17 e5 hit  rel 2.040e-02
[chk] L17 e187 hit  rel 1.968e-02
[chk] L17 e120 hit  rel 1.908e-02
[chk] L17 e234 pcie rel 1.935e-02
[chk] L17 e25 hit  rel 2.117e-02
[chk] L17 e241 hit  rel 1.964e-02
[chk] L18 e234 hit  rel 1.863e-02
[chk] L18 e86 pcie rel 2.210e-02
[chk] L18 e169 pcie rel 1.945e-02
[chk] L18 e100 hit  rel 2.053e-02
[chk] L19 e224 hit  rel 2.025e-02
[chk] L19 e249 hit  rel 2.099e-02
[chk] L19 e31 hit  rel 1.903e-02
[chk] L19 e13 hit  rel 2.013e-02
[chk] L19 e189 pcie rel 2.181e-02
[chk] L20 e0 pcie rel 2.029e-02
[chk] L20 e184 hit  rel 2.219e-02
[chk] L20 e169 hit  rel 1.888e-02
[chk] L20 e137 hit  rel 1.980e-02
[chk] L21 e59 hit  rel 2.229e-02
[chk] L21 e125 pcie rel 2.088e-02
[chk] L21 e26 hit  rel 1.913e-02
[chk] L21 e55 pcie rel 1.706e-02
[chk] L22 e206 pcie rel 2.086e-02
[chk] L22 e134 pcie rel 2.021e-02
[chk] L22 e226 pcie rel 2.149e-02
[chk] L23 e134 hit  rel 2.662e-02
[chk] L23 e57 hit  rel 2.279e-02
[chk] L23 e56 hit  rel 2.102e-02
[chk] L23 e132 hit  rel 1.959e-02
[chk] L23 e92 pcie rel 1.994e-02
[chk] L24 e176 hit  rel 2.138e-02
[chk] L24 e84 hit  rel 2.404e-02
[chk] L24 e36 hit  rel 2.090e-02
[chk] L24 e120 pcie rel 2.244e-02
[chk] L25 e43 hit  rel 1.999e-02
[chk] L25 e195 pcie rel 2.069e-02
[chk] L25 e18 pcie rel 2.053e-02
[chk] L25 e174 pcie rel 1.996e-02
[chk] L26 e88 hit  rel 1.980e-02
[chk] L26 e6 hit  rel 2.357e-02
[chk] L26 e177 hit  rel 2.085e-02
[chk] L26 e162 hit  rel 2.120e-02
[chk] L26 e130 hit  rel 1.933e-02
[chk] L26 e202 hit  rel 2.216e-02
[chk] L27 e76 hit  rel 2.090e-02
[chk] L27 e177 pcie rel 2.126e-02
[chk] L27 e137 pcie rel 2.307e-02
[chk] L27 e10 hit  rel 2.242e-02
[chk] L28 e243 hit  rel 2.402e-02
[chk] L28 e126 hit  rel 2.035e-02
[chk] L28 e209 hit  rel 2.072e-02
[chk] L28 e214 pcie rel 2.313e-02
[chk] L29 e247 pcie rel 1.990e-02
[chk] L29 e157 pcie rel 2.442e-02
[chk] L29 e57 hit  rel 1.971e-02
[chk] L29 e105 hit  rel 2.033e-02
[chk] L30 e31 hit  rel 2.505e-02
[chk] L30 e238 hit  rel 2.148e-02
[chk] L30 e87 pcie rel 2.128e-02
[chk] L30 e62 hit  rel 2.169e-02
[chk] L30 e30 pcie rel 2.230e-02
[chk] L31 e27 hit  rel 1.957e-02
[chk] L31 e208 hit  rel 2.190e-02
[chk] L31 e89 hit  rel 2.211e-02
[chk] L31 e134 pcie rel 2.092e-02
[chk] L32 e164 hit  rel 2.355e-02
[chk] L32 e121 pcie rel 2.120e-02
[chk] L32 e23 pcie rel 2.175e-02
[chk] L32 e140 hit  rel 2.333e-02
[chk] L33 e247 hit  rel 2.314e-02
[chk] L33 e185 pcie rel 2.016e-02
[chk] L33 e117 hit  rel 2.180e-02
[chk] L33 e38 pcie rel 2.081e-02
[chk] L34 e113 hit  rel 2.204e-02
[chk] L34 e135 hit  rel 2.115e-02
[chk] L34 e176 hit  rel 2.063e-02
[chk] L34 e85 hit  rel 2.263e-02
[chk] L35 e142 hit  rel 2.388e-02
[chk] L35 e143 hit  rel 2.143e-02
[chk] L35 e21 pcie rel 2.308e-02
[chk] L35 e168 pcie rel 2.133e-02
[chk] L35 e178 hit  rel 2.072e-02
[chk] L36 e20 hit  rel 2.148e-02
[chk] L36 e130 hit  rel 2.135e-02
[chk] L36 e199 hit  rel 2.005e-02
[chk] L36 e5 hit  rel 2.221e-02
[chk] L36 e234 hit  rel 1.901e-02
[chk] L37 e100 hit  rel 2.033e-02
[chk] L37 e32 hit  rel 2.077e-02
[chk] L37 e209 hit  rel 2.211e-02
[chk] L37 e185 pcie rel 2.301e-02
[chk] L37 e84 pcie rel 2.151e-02
[chk] L38 e11 hit  rel 2.373e-02
[chk] L38 e63 hit  rel 2.164e-02
[chk] L38 e133 hit  rel 1.893e-02
[chk] L38 e58 pcie rel 2.326e-02
[chk] L39 e70 hit  rel 2.318e-02
[chk] L39 e139 hit  rel 1.931e-02
[chk] L39 e54 hit  rel 2.353e-02
[chk] L39 e52 pcie rel 2.423e-02
[chk] L39 e223 hit  rel 1.781e-02
[chk] L39 e95 hit  rel 2.175e-02
[chk] L40 e30 hit  rel 2.233e-02
[chk] L40 e22 hit  rel 1.970e-02
[chk] L40 e112 pcie rel 2.072e-02
[chk] L40 e24 hit  rel 1.555e-02
[chk] L41 e164 hit  rel 2.264e-02
[chk] L41 e190 hit  rel 2.000e-02
[chk] L41 e23 hit  rel 2.168e-02
[chk] L41 e65 pcie rel 2.225e-02
[chk] L41 e233 pcie rel 2.259e-02
[chk] L42 e50 hit  rel 1.978e-02
[chk] L42 e255 pcie rel 2.090e-02
[chk] L42 e225 hit  rel 1.942e-02
[chk] L42 e216 hit  rel 2.102e-02
[chk] L42 e15 hit  rel 1.861e-02
[chk] L0 e192 pcie rel 2.178e-02
[chk] L0 e15 pcie rel 2.918e-02
[chk] L0 e121 pcie rel 1.834e-02
[chk] L1 e90 pcie rel 2.324e-02
[chk] L1 e131 pcie rel 1.878e-02
[chk] L1 e229 hit  rel 2.044e-02
[chk] L2 e92 pcie rel 1.943e-02
[chk] L2 e138 pcie rel 1.947e-02
[chk] L2 e59 pcie rel 2.030e-02
[chk] L3 e237 hit  rel 2.557e-02
[chk] L3 e188 hit  rel 2.795e-02
[chk] L3 e203 hit  rel 2.731e-02
[chk] L3 e49 pcie rel 2.128e-02
[chk] L3 e50 hit  rel 2.335e-02
[chk] L4 e139 hit  rel 2.333e-02
[chk] L4 e32 hit  rel 2.434e-02
[chk] L4 e26 pcie rel 2.836e-02
[chk] L4 e184 hit  rel 2.490e-02
[chk] L4 e50 pcie rel 2.198e-02
[chk] L5 e42 hit  rel 2.653e-02
[chk] L5 e112 hit  rel 2.046e-02
[chk] L5 e79 hit  rel 2.550e-02
[chk] L5 e126 pcie rel 2.717e-02
[chk] L6 e233 hit  rel 2.867e-02
[chk] L6 e131 pcie rel 2.434e-02
[chk] L6 e203 hit  rel 2.260e-02
[chk] L6 e224 hit  rel 2.915e-02
[chk] L6 e228 pcie rel 2.137e-02
[chk] L7 e160 hit  rel 2.630e-02
[chk] L7 e154 hit  rel 1.837e-02
[chk] L7 e170 hit  rel 2.247e-02
[chk] L7 e30 pcie rel 1.750e-02
[chk] L8 e239 hit  rel 2.445e-02
[chk] L8 e231 hit  rel 2.321e-02
[chk] L8 e106 hit  rel 2.225e-02
[chk] L8 e105 hit  rel 1.991e-02
[chk] L8 e242 hit  rel 2.235e-02
[chk] L8 e194 hit  rel 2.068e-02
[chk] L9 e32 hit  rel 2.900e-02
[chk] L9 e149 hit  rel 2.192e-02
[chk] L9 e230 hit  rel 2.063e-02
[chk] L9 e226 hit  rel 1.952e-02
[chk] L9 e203 pcie rel 2.325e-02
[chk] L10 e15 hit  rel 2.627e-02
[chk] L10 e187 pcie rel 2.113e-02
[chk] L10 e116 hit  rel 2.127e-02
[chk] L10 e92 hit  rel 2.043e-02
[chk] L10 e150 hit  rel 1.864e-02
[chk] L11 e202 hit  rel 2.339e-02
[chk] L11 e7 hit  rel 1.971e-02
[chk] L11 e234 pcie rel 2.093e-02
[chk] L11 e41 hit  rel 2.241e-02
[chk] L11 e122 hit  rel 2.095e-02
[chk] L12 e39 hit  rel 2.784e-02
[chk] L12 e229 hit  rel 2.774e-02
[chk] L12 e108 hit  rel 1.970e-02
[chk] L12 e29 hit  rel 1.880e-02
[chk] L12 e127 hit  rel 2.080e-02
[chk] L12 e198 pcie rel 2.132e-02
[chk] L13 e122 hit  rel 2.096e-02
[chk] L13 e111 pcie rel 2.599e-02
[chk] L13 e165 hit  rel 2.103e-02
[chk] L14 e21 hit  rel 2.316e-02
[chk] L14 e132 hit  rel 2.244e-02
[chk] L14 e240 pcie rel 2.106e-02
[chk] L14 e187 hit  rel 1.716e-02
[chk] L15 e53 hit  rel 2.057e-02
[chk] L15 e172 hit  rel 2.059e-02
[chk] L15 e93 pcie rel 2.326e-02
[chk] L15 e39 hit  rel 2.085e-02
[chk] L16 e185 hit  rel 2.265e-02
[chk] L16 e24 pcie rel 1.932e-02
[chk] L16 e84 pcie rel 2.194e-02
[chk] L16 e120 pcie rel 1.944e-02
[chk] L17 e29 hit  rel 2.019e-02
[chk] L17 e241 hit  rel 1.852e-02
[chk] L17 e123 hit  rel 1.945e-02
[chk] L17 e1 pcie rel 2.108e-02
[chk] L18 e253 hit  rel 1.950e-02
[chk] L18 e100 hit  rel 1.979e-02
[chk] L18 e234 hit  rel 2.062e-02
[chk] L18 e38 pcie rel 1.852e-02
[chk] L18 e130 pcie rel 2.268e-02
[chk] L19 e249 hit  rel 2.221e-02
[chk] L19 e254 hit  rel 2.457e-02
[chk] L19 e44 hit  rel 1.970e-02
[chk] L19 e251 pcie rel 2.223e-02
[chk] L19 e110 hit  rel 1.999e-02
[chk] L20 e207 hit  rel 1.899e-02
[chk] L20 e3 hit  rel 1.902e-02
[chk] L20 e137 hit  rel 2.172e-02
[chk] L20 e73 hit  rel 2.112e-02
[chk] L20 e27 hit  rel 1.996e-02
[chk] L21 e59 hit  rel 2.381e-02
[chk] L21 e65 hit  rel 1.740e-02
[chk] L21 e73 pcie rel 1.956e-02
[chk] L21 e208 pcie rel 1.989e-02
[chk] L22 e137 pcie rel 2.112e-02
[chk] L22 e223 hit  rel 2.302e-02
[chk] L22 e50 pcie rel 1.709e-02
[chk] L22 e2 pcie rel 2.130e-02
[chk] L23 e56 hit  rel 2.039e-02
[chk] L23 e134 hit  rel 2.313e-02
[chk] L23 e190 hit  rel 1.978e-02
[chk] L23 e132 hit  rel 1.941e-02
[chk] L23 e240 hit  rel 2.667e-02
[chk] L24 e176 hit  rel 1.951e-02
[chk] L24 e84 hit  rel 1.986e-02
[chk] L24 e24 pcie rel 1.885e-02
[chk] L24 e36 hit  rel 1.969e-02
[chk] L24 e155 pcie rel 1.909e-02
[chk] L25 e43 hit  rel 1.970e-02
[chk] L25 e195 pcie rel 2.086e-02
[chk] L25 e174 pcie rel 2.039e-02
[chk] L26 e88 hit  rel 2.114e-02
[chk] L26 e177 hit  rel 1.946e-02
[chk] L26 e132 pcie rel 2.140e-02
[chk] L26 e142 pcie rel 2.237e-02
[chk] L27 e76 hit  rel 2.191e-02
[chk] L27 e100 pcie rel 2.056e-02
[chk] L27 e67 hit  rel 2.102e-02
[chk] L27 e10 hit  rel 2.027e-02
[chk] L27 e156 pcie rel 1.903e-02
[chk] L28 e243 hit  rel 2.429e-02
[chk] L28 e126 hit  rel 2.134e-02
[chk] L28 e133 pcie rel 1.941e-02
[chk] L28 e18 hit  rel 2.051e-02
[chk] L28 e209 hit  rel 2.130e-02
[chk] L29 e247 pcie rel 2.017e-02
[chk] L29 e251 hit  rel 2.012e-02
[chk] L29 e253 hit  rel 2.099e-02
[chk] L29 e57 hit  rel 2.041e-02
[chk] L30 e31 hit  rel 2.269e-02
[chk] L30 e101 hit  rel 2.203e-02
[chk] L30 e238 hit  rel 2.127e-02
[chk] L30 e87 pcie rel 2.184e-02
[chk] L30 e8 pcie rel 2.021e-02
[chk] L31 e208 hit  rel 1.905e-02
[chk] L31 e27 hit  rel 2.027e-02
[chk] L31 e114 hit  rel 2.054e-02
[chk] L31 e153 hit  rel 2.199e-02
[chk] L31 e227 hit  rel 2.128e-02
[chk] L32 e164 hit  rel 2.121e-02
[chk] L32 e140 hit  rel 2.157e-02
[chk] L32 e121 pcie rel 2.298e-02
[chk] L32 e19 hit  rel 2.145e-02
[chk] L32 e243 pcie rel 2.237e-02
[chk] L33 e61 pcie rel 2.132e-02
[chk] L33 e247 hit  rel 2.246e-02
[chk] L33 e38 pcie rel 2.221e-02
[chk] L33 e51 hit  rel 2.133e-02
[chk] L34 e113 hit  rel 2.231e-02
[chk] L34 e135 hit  rel 2.082e-02
[chk] L34 e85 hit  rel 2.157e-02
[chk] L34 e189 pcie rel 2.146e-02
[chk] L34 e136 hit  rel 2.202e-02
[chk] L35 e142 hit  rel 2.200e-02
[chk] L35 e143 hit  rel 2.044e-02
[chk] L35 e178 hit  rel 2.167e-02
[chk] L35 e0 hit  rel 2.064e-02
[chk] L35 e136 pcie rel 2.245e-02
[chk] L36 e20 hit  rel 2.181e-02
[chk] L36 e76 hit  rel 1.967e-02
[chk] L36 e130 hit  rel 2.210e-02
[chk] L36 e248 hit  rel 2.170e-02
[chk] L36 e74 pcie rel 2.087e-02
[chk] L37 e147 pcie rel 2.082e-02
[chk] L37 e100 hit  rel 2.063e-02
[chk] L37 e32 hit  rel 2.154e-02
[chk] L37 e1 pcie rel 2.269e-02
[chk] L38 e63 hit  rel 2.053e-02
[chk] L38 e11 hit  rel 2.116e-02
[chk] L38 e0 pcie rel 2.111e-02
[chk] L38 e58 pcie rel 2.093e-02
[chk] L39 e70 hit  rel 2.408e-02
[chk] L39 e139 hit  rel 2.029e-02
[chk] L39 e54 hit  rel 2.208e-02
[chk] L39 e95 hit  rel 2.314e-02
[chk] L39 e230 pcie rel 1.768e-02
[chk] L40 e30 hit  rel 2.183e-02
[chk] L40 e54 pcie rel 2.057e-02
[chk] L40 e22 hit  rel 1.987e-02
[chk] L40 e24 hit  rel 1.426e-02
[chk] L41 e183 hit  rel 2.051e-02
[chk] L41 e23 hit  rel 2.232e-02
[chk] L41 e239 hit  rel 2.288e-02
[chk] L41 e89 pcie rel 2.371e-02
[chk] L41 e190 hit  rel 2.319e-02
[chk] L42 e15 hit  rel 1.710e-02
[chk] L42 e255 pcie rel 1.965e-02
[chk] L42 e216 hit  rel 2.220e-02
[chk] L42 e156 pcie rel 2.457e-02
[chk] L42 e222 hit  rel 2.015e-02
[chk] L0 e174 hit  rel 2.332e-02
[chk] L0 e58 pcie rel 1.770e-02
[chk] L0 e48 pcie rel 2.692e-02
[chk] L0 e60 hit  rel 2.121e-02
[chk] L1 e35 hit  rel 1.969e-02
[chk] L1 e27 hit  rel 2.281e-02
[chk] L1 e113 pcie rel 2.102e-02
[chk] L1 e12 pcie rel 2.471e-02
[chk] L2 e195 hit  rel 2.293e-02
[chk] L2 e96 pcie rel 2.780e-02
[chk] L2 e176 pcie rel 1.979e-02
[chk] L3 e240 hit  rel 2.066e-02
[chk] L3 e233 pcie rel 2.029e-02
[chk] L3 e45 pcie rel 2.283e-02
[chk] L3 e20 hit  rel 2.102e-02
[chk] L3 e71 hit  rel 2.187e-02
[chk] L4 e97 hit  rel 2.035e-02
[chk] L4 e183 hit  rel 2.339e-02
[chk] L4 e170 hit  rel 2.604e-02
[chk] L4 e26 pcie rel 2.115e-02
[chk] L4 e139 hit  rel 2.367e-02
[chk] L5 e230 pcie rel 2.045e-02
[chk] L5 e42 hit  rel 2.008e-02
[chk] L5 e110 hit  rel 2.355e-02
[chk] L5 e112 hit  rel 2.158e-02
[chk] L6 e162 pcie rel 2.138e-02
[chk] L6 e166 hit  rel 2.198e-02
[chk] L6 e233 hit  rel 1.978e-02
[chk] L6 e203 hit  rel 2.200e-02
[chk] L6 e16 hit  rel 2.159e-02
[chk] L6 e38 hit  rel 2.331e-02
[chk] L7 e214 hit  rel 2.002e-02
[chk] L7 e122 hit  rel 2.371e-02
[chk] L7 e160 hit  rel 2.149e-02
[chk] L7 e53 hit  rel 1.906e-02
[chk] L7 e223 hit  rel 1.879e-02
[chk] L8 e194 hit  rel 2.119e-02
[chk] L8 e213 pcie rel 2.068e-02
[chk] L8 e219 hit  rel 1.886e-02
[chk] L8 e141 hit  rel 1.687e-02
[chk] L8 e106 hit  rel 2.187e-02
[chk] L9 e3 hit  rel 2.350e-02
[chk] L9 e149 hit  rel 2.021e-02
[chk] L9 e252 pcie rel 2.116e-02
[chk] L9 e20 pcie rel 1.960e-02
[chk] L10 e92 hit  rel 2.296e-02
[chk] L10 e66 hit  rel 2.679e-02
[chk] L10 e11 hit  rel 2.127e-02
[chk] L10 e93 pcie rel 2.146e-02
[chk] L10 e0 pcie rel 1.657e-02
[chk] L11 e7 hit  rel 2.052e-02
[chk] L11 e226 hit  rel 2.160e-02
[chk] L11 e185 hit  rel 2.034e-02
[chk] L11 e136 hit  rel 2.214e-02
[chk] L11 e207 hit  rel 2.007e-02
[chk] L12 e66 pcie rel 2.144e-02
[chk] L12 e127 hit  rel 2.187e-02
[chk] L12 e19 hit  rel 2.283e-02
[chk] L12 e255 hit  rel 1.922e-02
[chk] L12 e111 hit  rel 2.014e-02
[chk] L12 e229 hit  rel 2.079e-02
[chk] L13 e122 hit  rel 2.176e-02
[chk] L13 e107 hit  rel 2.276e-02
[chk] L13 e252 hit  rel 1.867e-02
[chk] L13 e40 hit  rel 2.028e-02
[chk] L13 e198 hit  rel 2.165e-02
[chk] L13 e223 hit  rel 1.930e-02
[chk] L14 e242 hit  rel 2.147e-02
[chk] L14 e118 hit  rel 1.921e-02
[chk] L14 e132 hit  rel 1.904e-02
[chk] L14 e151 pcie rel 1.927e-02
[chk] L15 e9 hit  rel 2.005e-02
[chk] L15 e207 hit  rel 2.103e-02
[chk] L15 e53 hit  rel 2.108e-02
[chk] L15 e240 hit  rel 2.023e-02
[chk] L15 e188 hit  rel 2.470e-02
[chk] L15 e225 pcie rel 1.985e-02
[chk] L16 e248 hit  rel 2.230e-02
[chk] L16 e32 hit  rel 1.965e-02
[chk] L16 e2 hit  rel 1.998e-02
[chk] L16 e12 hit  rel 2.608e-02
[chk] L16 e189 hit  rel 2.163e-02
[chk] L17 e68 hit  rel 2.265e-02
[chk] L17 e5 hit  rel 1.908e-02
[chk] L17 e25 hit  rel 2.366e-02
[chk] L17 e81 hit  rel 2.070e-02
[chk] L17 e195 hit  rel 2.061e-02
[chk] L17 e108 pcie rel 2.029e-02
[chk] L18 e173 hit  rel 2.012e-02
[chk] L18 e183 pcie rel 2.659e-02
[chk] L18 e137 pcie rel 2.578e-02
[chk] L19 e254 hit  rel 2.538e-02
[chk] L19 e60 hit  rel 2.023e-02
[chk] L19 e108 hit  rel 1.882e-02
[chk] L19 e180 pcie rel 1.894e-02
[chk] L19 e249 hit  rel 2.109e-02
[chk] L20 e149 hit  rel 2.320e-02
[chk] L20 e109 hit  rel 2.035e-02
[chk] L20 e159 hit  rel 1.774e-02
[chk] L20 e130 pcie rel 2.046e-02
[chk] L20 e94 hit  rel 2.161e-02
[chk] L21 e59 hit  rel 2.161e-02
[chk] L21 e49 hit  rel 2.318e-02
[chk] L21 e127 hit  rel 2.047e-02
[chk] L21 e142 hit  rel 2.046e-02
[chk] L21 e93 hit  rel 1.934e-02
[chk] L21 e235 hit  rel 2.329e-02
[chk] L22 e16 hit  rel 2.196e-02
[chk] L22 e195 hit  rel 2.054e-02
[chk] L22 e61 pcie rel 2.130e-02
[chk] L22 e156 hit  rel 2.470e-02
[chk] L23 e57 hit  rel 2.126e-02
[chk] L23 e60 pcie rel 2.250e-02
[chk] L23 e134 hit  rel 1.885e-02
[chk] L23 e184 pcie rel 2.242e-02
[chk] L23 e175 hit  rel 2.091e-02
[chk] L24 e36 hit  rel 2.186e-02
[chk] L24 e162 hit  rel 1.995e-02
[chk] L24 e176 hit  rel 2.066e-02
[chk] L24 e172 pcie rel 1.773e-02
[chk] L24 e194 hit  rel 1.965e-02
[chk] L25 e5 hit  rel 2.899e-02
[chk] L25 e43 hit  rel 2.162e-02
[chk] L25 e90 hit  rel 2.562e-02
[chk] L25 e92 pcie rel 2.169e-02
[chk] L25 e84 hit  rel 1.855e-02
[chk] L26 e209 hit  rel 1.947e-02
[chk] L26 e177 hit  rel 2.285e-02
[chk] L26 e88 hit  rel 2.179e-02
[chk] L26 e188 pcie rel 2.343e-02
[chk] L26 e202 hit  rel 2.295e-02
[chk] L27 e76 hit  rel 2.131e-02
[chk] L27 e203 hit  rel 2.141e-02
[chk] L27 e67 hit  rel 2.122e-02
[chk] L27 e210 pcie rel 2.083e-02
[chk] L27 e140 hit  rel 2.109e-02
[chk] L28 e137 hit  rel 2.068e-02
[chk] L28 e243 hit  rel 2.010e-02
[chk] L28 e209 hit  rel 1.899e-02
[chk] L28 e191 hit  rel 2.066e-02
[chk] L28 e1 hit  rel 1.898e-02
[chk] L29 e70 hit  rel 2.501e-02
[chk] L29 e243 pcie rel 2.223e-02
[chk] L29 e251 hit  rel 2.308e-02
[chk] L29 e249 pcie rel 1.842e-02
[chk] L30 e183 pcie rel 2.234e-02
[chk] L30 e62 hit  rel 2.409e-02
[chk] L30 e125 hit  rel 2.453e-02
[chk] L30 e134 pcie rel 2.083e-02
[chk] L31 e113 hit  rel 2.601e-02
[chk] L31 e89 hit  rel 2.236e-02
[chk] L31 e208 hit  rel 1.980e-02
[chk] L31 e32 hit  rel 2.490e-02
[chk] L31 e143 hit  rel 1.938e-02
[chk] L31 e153 hit  rel 2.212e-02
[chk] L32 e164 hit  rel 1.969e-02
[chk] L32 e140 hit  rel 2.093e-02
[chk] L32 e250 pcie rel 1.907e-02
[chk] L32 e162 hit  rel 2.264e-02
[chk] L33 e147 hit  rel 1.707e-02
[chk] L33 e98 pcie rel 2.128e-02
[chk] L33 e4 pcie rel 2.181e-02
[chk] L33 e247 hit  rel 2.097e-02
[chk] L34 e113 hit  rel 2.152e-02
[chk] L34 e85 hit  rel 2.205e-02
[chk] L34 e127 pcie rel 2.382e-02
[chk] L34 e68 pcie rel 2.230e-02
[chk] L35 e142 hit  rel 2.074e-02
[chk] L35 e206 pcie rel 2.156e-02
[chk] L35 e16 pcie rel 2.483e-02
[chk] L36 e20 hit  rel 2.080e-02
[chk] L36 e76 hit  rel 1.884e-02
[chk] L36 e232 pcie rel 2.155e-02
[chk] L36 e5 hit  rel 2.032e-02
[chk] L36 e130 hit  rel 2.012e-02
[chk] L36 e101 hit  rel 2.075e-02
[chk] L37 e32 hit  rel 2.279e-02
[chk] L37 e100 hit  rel 2.060e-02
[chk] L37 e1 pcie rel 2.278e-02
[chk] L37 e102 pcie rel 2.158e-02
[chk] L38 e63 hit  rel 2.636e-02
[chk] L38 e11 hit  rel 2.297e-02
[chk] L38 e0 pcie rel 2.063e-02
[chk] L38 e253 pcie rel 2.400e-02
[chk] L39 e139 hit  rel 1.811e-02
[chk] L39 e70 hit  rel 2.380e-02
[chk] L39 e54 hit  rel 2.396e-02
[chk] L39 e95 hit  rel 2.267e-02
[chk] L39 e100 pcie rel 2.063e-02
[chk] L40 e30 hit  rel 2.113e-02
[chk] L40 e24 hit  rel 1.462e-02
[chk] L40 e22 hit  rel 1.980e-02
[chk] L40 e54 pcie rel 1.981e-02
[chk] L41 e3 hit  rel 1.671e-02
[chk] L41 e239 hit  rel 2.090e-02
[chk] L41 e54 pcie rel 2.254e-02
[chk] L41 e190 hit  rel 2.327e-02
[chk] L41 e23 hit  rel 2.192e-02
[chk] L41 e238 hit  rel 2.479e-02
[chk] L42 e227 hit  rel 1.732e-02
[chk] L42 e15 hit  rel 1.831e-02
[chk] L42 e255 pcie rel 2.106e-02
[chk] L42 e225 hit  rel 1.865e-02
[chk] L0 e109 pcie rel 2.328e-02
[chk] L0 e160 pcie rel 2.112e-02
[chk] L0 e145 pcie rel 2.019e-02
[chk] L1 e40 pcie rel 1.914e-02
[chk] L1 e223 hit  rel 1.893e-02
[chk] L1 e216 pcie rel 1.826e-02
[chk] L1 e81 pcie rel 1.854e-02
[chk] L2 e45 pcie rel 1.986e-02
[chk] L2 e100 hit  rel 2.096e-02
[chk] L2 e184 pcie rel 2.146e-02
[chk] L3 e108 hit  rel 2.544e-02
[chk] L3 e241 hit  rel 2.225e-02
[chk] L3 e237 hit  rel 2.019e-02
[chk] L3 e45 pcie rel 2.558e-02
[chk] L4 e32 hit  rel 2.009e-02
[chk] L4 e63 pcie rel 2.150e-02
[chk] L4 e139 hit  rel 2.117e-02
[chk] L4 e184 hit  rel 2.671e-02
[chk] L4 e91 hit  rel 1.942e-02
[chk] L5 e42 hit  rel 2.833e-02
[chk] L5 e112 hit  rel 1.950e-02
[chk] L5 e126 pcie rel 2.468e-02
[chk] L5 e79 hit  rel 2.132e-02
[chk] L5 e215 pcie rel 2.379e-02
[chk] L6 e233 hit  rel 2.722e-02
[chk] L6 e203 hit  rel 2.341e-02
[chk] L6 e149 pcie rel 1.903e-02
[chk] L6 e186 pcie rel 2.209e-02
[chk] L7 e160 hit  rel 2.646e-02
[chk] L7 e214 hit  rel 1.969e-02
[chk] L7 e154 hit  rel 1.907e-02
[chk] L7 e71 pcie rel 2.104e-02
[chk] L7 e93 hit  rel 1.767e-02
[chk] L8 e239 hit  rel 2.330e-02
[chk] L8 e219 hit  rel 2.211e-02
[chk] L8 e106 hit  rel 2.694e-02
[chk] L8 e231 hit  rel 2.069e-02
[chk] L8 e131 pcie rel 2.038e-02
[chk] L9 e32 hit  rel 2.721e-02
[chk] L9 e230 hit  rel 2.056e-02
[chk] L9 e78 hit  rel 2.062e-02
[chk] L9 e28 hit  rel 1.967e-02
[chk] L9 e252 pcie rel 2.036e-02
[chk] L10 e15 hit  rel 2.961e-02
[chk] L10 e150 hit  rel 2.008e-02
[chk] L10 e116 hit  rel 1.926e-02
[chk] L10 e88 pcie rel 2.060e-02
[chk] L10 e30 hit  rel 2.010e-02
[chk] L11 e202 hit  rel 2.334e-02
[chk] L11 e7 hit  rel 2.085e-02
[chk] L11 e168 pcie rel 2.582e-02
[chk] L11 e141 pcie rel 1.900e-02
[chk] L12 e39 hit  rel 2.475e-02
[chk] L12 e229 hit  rel 2.549e-02
[chk] L12 e127 hit  rel 2.074e-02
[chk] L12 e100 hit  rel 1.938e-02
[chk] L12 e108 hit  rel 1.832e-02
[chk] L13 e122 hit  rel 1.989e-02
[chk] L13 e40 hit  rel 2.130e-02
[chk] L13 e75 pcie rel 2.060e-02
[chk] L13 e224 pcie rel 2.386e-02
[chk] L14 e21 hit  rel 2.327e-02
[chk] L14 e132 hit  rel 2.309e-02
[chk] L14 e236 pcie rel 2.094e-02
[chk] L14 e131 pcie rel 1.876e-02
[chk] L15 e53 hit  rel 2.102e-02
[chk] L15 e39 hit  rel 2.094e-02
[chk] L15 e114 pcie rel 1.789e-02
[chk] L15 e132 pcie rel 1.982e-02
[chk] L16 e185 hit  rel 2.230e-02
[chk] L16 e230 pcie rel 1.846e-02
[chk] L16 e13 pcie rel 1.906e-02
[chk] L16 e2 hit  rel 2.068e-02
[chk] L17 e202 hit  rel 1.900e-02
[chk] L17 e111 pcie rel 2.067e-02
[chk] L17 e1 pcie rel 2.104e-02
[chk] L17 e25 hit  rel 2.091e-02
[chk] L18 e100 hit  rel 2.017e-02
[chk] L18 e253 hit  rel 1.983e-02
[chk] L18 e234 hit  rel 2.249e-02
[chk] L18 e182 pcie rel 1.911e-02
[chk] L19 e249 hit  rel 2.527e-02
[chk] L19 e254 hit  rel 2.162e-02
[chk] L19 e44 hit  rel 2.025e-02
[chk] L19 e168 pcie rel 2.256e-02
[chk] L19 e160 hit  rel 2.147e-02
[chk] L19 e12 hit  rel 1.966e-02
[chk] L20 e27 hit  rel 2.139e-02
[chk] L20 e149 hit  rel 2.298e-02
[chk] L20 e206 pcie rel 2.084e-02
[chk] L20 e63 hit  rel 2.284e-02
[chk] L21 e59 hit  rel 2.202e-02
[chk] L21 e65 hit  rel 1.904e-02
[chk] L21 e18 pcie rel 2.013e-02
[chk] L21 e177 pcie rel 2.287e-02
[chk] L22 e96 pcie rel 2.109e-02
[chk] L22 e22 pcie rel 1.987e-02
[chk] L22 e87 pcie rel 1.916e-02
[chk] L23 e190 hit  rel 2.158e-02
[chk] L23 e56 hit  rel 2.136e-02
[chk] L23 e134 hit  rel 1.927e-02
[chk] L23 e57 hit  rel 2.050e-02
[chk] L23 e132 hit  rel 2.124e-02
[chk] L24 e176 hit  rel 1.955e-02
[chk] L24 e84 hit  rel 1.938e-02
[chk] L24 e36 hit  rel 1.983e-02
[chk] L24 e216 pcie rel 1.950e-02
[chk] L24 e24 pcie rel 1.946e-02
[chk] L25 e43 hit  rel 2.033e-02
[chk] L25 e195 pcie rel 2.147e-02
[chk] L25 e174 pcie rel 2.159e-02
[chk] L26 e88 hit  rel 2.106e-02
[chk] L26 e6 hit  rel 1.989e-02
[chk] L26 e177 hit  rel 1.864e-02
[chk] L26 e162 hit  rel 2.190e-02
[chk] L26 e188 pcie rel 1.926e-02
[chk] L27 e10 hit  rel 2.058e-02
[chk] L27 e76 hit  rel 2.145e-02
[chk] L27 e67 hit  rel 2.196e-02
[chk] L27 e210 pcie rel 2.117e-02
[chk] L27 e176 pcie rel 2.051e-02
[chk] L28 e126 hit  rel 2.070e-02
[chk] L28 e243 hit  rel 2.014e-02
[chk] L28 e209 hit  rel 2.115e-02
[chk] L28 e32 pcie rel 2.156e-02
[chk] L29 e247 pcie rel 2.018e-02
[chk] L29 e161 pcie rel 1.985e-02
[chk] L29 e57 hit  rel 2.064e-02
[chk] L29 e240 hit  rel 1.992e-02
[chk] L29 e105 hit  rel 2.178e-02
[chk] L30 e31 hit  rel 2.119e-02
[chk] L30 e238 hit  rel 2.095e-02
[chk] L30 e101 hit  rel 1.927e-02
[chk] L30 e12 pcie rel 2.157e-02
[chk] L31 e208 hit  rel 2.147e-02
[chk] L31 e27 hit  rel 2.085e-02
[chk] L31 e18 pcie rel 2.090e-02
[chk] L31 e7 pcie rel 2.381e-02
[chk] L31 e89 hit  rel 2.254e-02
[chk] L32 e164 hit  rel 2.055e-02
[chk] L32 e140 hit  rel 2.066e-02
[chk] L32 e56 pcie rel 2.462e-02
[chk] L33 e38 pcie rel 2.206e-02
[chk] L33 e185 pcie rel 2.159e-02
[chk] L33 e247 hit  rel 2.058e-02
[chk] L33 e147 hit  rel 2.052e-02
[chk] L33 e113 hit  rel 2.175e-02
[chk] L34 e113 hit  rel 2.288e-02
[chk] L34 e135 hit  rel 2.325e-02
[chk] L34 e85 hit  rel 2.191e-02
[chk] L34 e59 pcie rel 2.251e-02
[chk] L35 e0 hit  rel 1.840e-02
[chk] L35 e142 hit  rel 2.158e-02
[chk] L35 e247 hit  rel 2.053e-02
[chk] L35 e25 pcie rel 2.106e-02
[chk] L36 e20 hit  rel 2.145e-02
[chk] L36 e199 hit  rel 1.946e-02
[chk] L36 e5 hit  rel 2.255e-02
[chk] L36 e76 hit  rel 2.185e-02
[chk] L36 e145 pcie rel 2.202e-02
[chk] L37 e33 pcie rel 2.133e-02
[chk] L37 e123 pcie rel 2.027e-02
[chk] L37 e32 hit  rel 2.102e-02
[chk] L37 e100 hit  rel 2.064e-02
[chk] L38 e63 hit  rel 1.944e-02
[chk] L38 e11 hit  rel 1.942e-02
[chk] L38 e165 pcie rel 2.032e-02
[chk] L38 e208 pcie rel 2.084e-02
[chk] L39 e139 hit  rel 1.889e-02
[chk] L39 e180 hit  rel 2.133e-02
[chk] L39 e108 pcie rel 2.036e-02
[chk] L39 e70 hit  rel 2.275e-02
[chk] L39 e170 hit  rel 1.958e-02
[chk] L39 e85 hit  rel 1.675e-02
[chk] L40 e30 hit  rel 2.028e-02
[chk] L40 e54 pcie rel 2.224e-02
[chk] L40 e108 hit  rel 2.067e-02
[chk] L40 e136 pcie rel 2.190e-02
[chk] L41 e190 hit  rel 2.084e-02
[chk] L41 e255 hit  rel 1.651e-02
[chk] L41 e236 hit  rel 1.939e-02
[chk] L41 e23 hit  rel 2.211e-02
[chk] L41 e42 hit  rel 2.060e-02
[chk] L42 e15 hit  rel 1.647e-02
[chk] L42 e178 hit  rel 1.916e-02
[chk] L42 e159 pcie rel 2.192e-02
[chk] L42 e240 pcie rel 2.279e-02
[chk] L0 e55 pcie rel 2.049e-02
[chk] L0 e174 hit  rel 2.296e-02
[chk] L0 e77 pcie rel 3.034e-02
[chk] L0 e213 hit  rel 2.010e-02
[chk] L1 e25 hit  rel 2.422e-02
[chk] L1 e82 hit  rel 2.257e-02
[chk] L1 e32 hit  rel 2.220e-02
[chk] L1 e0 pcie rel 2.498e-02
[chk] L1 e151 pcie rel 2.898e-02
ggml_backend_cuda_graph_compute: CUDA graph warmup complete
[chk] L2 e84 hit  rel 2.685e-02
[chk] L2 e128 hit  rel 2.260e-02
[chk] L2 e39 hit  rel 2.377e-02
[chk] L2 e195 hit  rel 2.533e-02
[chk] L2 e146 hit  rel 2.447e-02
[chk] L3 e240 hit  rel 2.098e-02
[chk] L3 e205 pcie rel 1.984e-02
[chk] L3 e68 pcie rel 2.065e-02
[chk] L3 e188 hit  rel 2.070e-02
[chk] L3 e71 hit  rel 1.922e-02
ggml_backend_cuda_graph_compute: CUDA graph warmup complete
[chk] L4 e230 hit  rel 1.901e-02
[chk] L4 e97 hit  rel 2.302e-02
[chk] L4 e170 hit  rel 2.106e-02
[chk] L4 e183 hit  rel 2.427e-02
[chk] L4 e26 pcie rel 2.074e-02
[chk] L5 e42 hit  rel 2.287e-02
[chk] L5 e149 hit  rel 1.754e-02
[chk] L5 e112 hit  rel 2.005e-02
[chk] L5 e150 pcie rel 1.745e-02
ggml_backend_cuda_graph_compute: CUDA graph warmup complete
[chk] L6 e233 hit  rel 2.175e-02
[chk] L6 e166 hit  rel 2.089e-02
[chk] L6 e1 hit  rel 1.913e-02
[chk] L6 e61 hit  rel 1.888e-02
[chk] L6 e203 hit  rel 2.551e-02
[chk] L7 e160 hit  rel 1.954e-02
[chk] L7 e214 hit  rel 2.009e-02
[chk] L7 e122 hit  rel 2.327e-02
[chk] L7 e71 pcie rel 1.954e-02
[chk] L7 e53 hit  rel 2.010e-02
[chk] L7 e170 hit  rel 1.857e-02
ggml_backend_cuda_graph_compute: CUDA graph warmup complete
[chk] L8 e141 hit  rel 1.954e-02
[chk] L8 e16 pcie rel 2.127e-02
[chk] L8 e248 pcie rel 1.897e-02
[chk] L8 e106 hit  rel 2.214e-02
[chk] L9 e87 hit  rel 1.820e-02
[chk] L9 e32 hit  rel 1.992e-02
[chk] L9 e128 hit  rel 2.212e-02
[chk] L9 e100 pcie rel 2.149e-02
ggml_backend_cuda_graph_compute: CUDA graph warmup complete
[chk] L10 e68 pcie rel 2.000e-02
[chk] L10 e30 hit  rel 1.958e-02
[chk] L10 e42 pcie rel 2.090e-02
[chk] L10 e15 hit  rel 1.846e-02
[chk] L10 e66 hit  rel 1.632e-02
[chk] L11 e129 hit  rel 1.887e-02
[chk] L11 e202 hit  rel 2.270e-02
[chk] L11 e101 pcie rel 1.896e-02
[chk] L11 e137 pcie rel 2.137e-02
ggml_backend_cuda_graph_compute: CUDA graph warmup complete
[chk] L12 e39 hit  rel 2.653e-02
[chk] L12 e127 hit  rel 2.514e-02
[chk] L12 e229 hit  rel 2.686e-02
[chk] L12 e29 hit  rel 1.809e-02
[chk] L12 e180 pcie rel 1.926e-02
[chk] L13 e122 hit  rel 2.053e-02
[chk] L13 e40 hit  rel 2.246e-02
[chk] L13 e75 pcie rel 2.164e-02
[chk] L13 e175 pcie rel 1.976e-02
ggml_backend_cuda_graph_compute: CUDA graph warmup complete
[chk] L14 e21 hit  rel 2.487e-02
[chk] L14 e118 hit  rel 2.095e-02
[chk] L14 e56 hit  rel 1.965e-02
[chk] L14 e132 hit  rel 2.205e-02
[chk] L14 e187 hit  rel 1.766e-02
[chk] L15 e53 hit  rel 1.943e-02
[chk] L15 e207 hit  rel 2.260e-02
[chk] L15 e39 hit  rel 2.010e-02
[chk] L15 e105 pcie rel 1.893e-02
[chk] L15 e139 hit  rel 2.124e-02
ggml_backend_cuda_graph_compute: CUDA graph warmup complete
[chk] L16 e84 pcie rel 1.923e-02
[chk] L16 e2 hit  rel 2.121e-02
[chk] L16 e189 hit  rel 2.027e-02
[chk] L16 e31 hit  rel 2.011e-02
[chk] L17 e25 hit  rel 1.926e-02
[chk] L17 e111 pcie rel 1.897e-02
[chk] L17 e5 hit  rel 1.913e-02
[chk] L17 e89 pcie rel 2.163e-02
[chk] L17 e187 hit  rel 1.950e-02
ggml_backend_cuda_graph_compute: CUDA graph warmup complete
[chk] L18 e100 hit  rel 1.942e-02
[chk] L18 e169 pcie rel 2.080e-02
[chk] L18 e23 pcie rel 2.031e-02
[chk] L19 e60 hit  rel 2.275e-02
[chk] L19 e107 pcie rel 2.173e-02
[chk] L19 e201 pcie rel 1.782e-02
[chk] L19 e249 hit  rel 2.034e-02
[chk] L19 e254 hit  rel 2.011e-02
ggml_backend_cuda_graph_compute: CUDA graph warmup complete
[chk] L20 e149 hit  rel 1.856e-02
[chk] L20 e27 hit  rel 2.009e-02
[chk] L20 e98 pcie rel 1.854e-02
[chk] L20 e244 pcie rel 2.270e-02
[chk] L21 e59 hit  rel 2.166e-02
[chk] L21 e49 hit  rel 1.922e-02
[chk] L21 e18 pcie rel 2.041e-02
[chk] L21 e70 hit  rel 1.807e-02
ggml_backend_cuda_graph_compute: CUDA graph warmup complete
[chk] L22 e22 pcie rel 2.270e-02
[chk] L22 e182 pcie rel 1.948e-02
[chk] L22 e19 hit  rel 1.908e-02
[chk] L23 e57 hit  rel 2.095e-02
[chk] L23 e134 hit  rel 2.342e-02
[chk] L23 e132 hit  rel 1.994e-02
[chk] L23 e165 hit  rel 2.072e-02
[chk] L23 e130 pcie rel 2.025e-02
ggml_backend_cuda_graph_compute: CUDA graph warmup complete
[chk] L24 e176 hit  rel 1.938e-02
[chk] L24 e36 hit  rel 2.057e-02
[chk] L24 e216 pcie rel 1.936e-02
[chk] L24 e162 hit  rel 2.162e-02
[chk] L24 e132 hit  rel 2.007e-02
[chk] L24 e84 hit  rel 1.949e-02
[chk] L25 e43 hit  rel 2.081e-02
[chk] L25 e234 pcie rel 2.005e-02
[chk] L25 e244 pcie rel 2.141e-02
ggml_backend_cuda_graph_compute: CUDA graph warmup complete
[chk] L26 e88 hit  rel 2.091e-02
[chk] L26 e188 pcie rel 1.939e-02
[chk] L26 e32 hit  rel 2.097e-02
[chk] L26 e209 hit  rel 1.974e-02
[chk] L26 e177 hit  rel 1.865e-02
[chk] L26 e202 hit  rel 2.226e-02
[chk] L27 e10 hit  rel 2.065e-02
[chk] L27 e76 hit  rel 2.191e-02
[chk] L27 e224 hit  rel 2.251e-02
[chk] L27 e26 pcie rel 2.110e-02
ggml_backend_cuda_graph_compute: CUDA graph warmup complete
[chk] L28 e126 hit  rel 1.870e-02
[chk] L28 e85 hit  rel 2.197e-02
[chk] L28 e209 hit  rel 1.939e-02
[chk] L28 e243 hit  rel 2.129e-02
[chk] L28 e32 pcie rel 2.324e-02
[chk] L29 e247 pcie rel 1.897e-02
[chk] L29 e240 hit  rel 2.079e-02
[chk] L29 e161 pcie rel 1.964e-02
[chk] L29 e105 hit  rel 2.201e-02
[chk] L29 e57 hit  rel 2.227e-02
ggml_backend_cuda_graph_compute: CUDA graph warmup complete
[chk] L30 e238 hit  rel 2.015e-02
[chk] L30 e82 hit  rel 1.953e-02
[chk] L30 e31 hit  rel 2.249e-02
[chk] L30 e37 pcie rel 2.169e-02
[chk] L31 e208 hit  rel 2.100e-02
[chk] L31 e27 hit  rel 2.130e-02
[chk] L31 e229 pcie rel 2.052e-02
[chk] L31 e181 pcie rel 2.301e-02
ggml_backend_cuda_graph_compute: CUDA graph warmup complete
[chk] L32 e164 hit  rel 2.085e-02
[chk] L32 e140 hit  rel 2.014e-02
[chk] L32 e1 hit  rel 2.091e-02
[chk] L32 e194 pcie rel 2.077e-02
[chk] L32 e121 pcie rel 2.197e-02
[chk] L33 e15 hit  rel 2.312e-02
[chk] L33 e28 pcie rel 1.986e-02
[chk] L33 e38 pcie rel 2.024e-02
ggml_backend_cuda_graph_compute: CUDA graph warmup complete
[chk] L34 e113 hit  rel 2.185e-02
[chk] L34 e80 pcie rel 2.263e-02
[chk] L34 e135 hit  rel 2.144e-02
[chk] L34 e201 hit  rel 2.117e-02
[chk] L34 e44 hit  rel 2.163e-02
[chk] L35 e190 pcie rel 2.269e-02
[chk] L35 e164 pcie rel 2.023e-02
[chk] L35 e84 hit  rel 1.910e-02
[chk] L35 e247 hit  rel 2.179e-02
ggml_backend_cuda_graph_compute: CUDA graph warmup complete
[chk] L36 e20 hit  rel 2.070e-02
[chk] L36 e5 hit  rel 1.985e-02
[chk] L36 e199 hit  rel 2.054e-02
[chk] L36 e254 pcie rel 2.011e-02
[chk] L36 e130 hit  rel 2.099e-02
[chk] L37 e32 hit  rel 2.074e-02
[chk] L37 e100 hit  rel 2.195e-02
[chk] L37 e170 pcie rel 2.043e-02
ggml_backend_cuda_graph_compute: CUDA graph warmup complete
[chk] L38 e63 hit  rel 1.818e-02
[chk] L38 e11 hit  rel 1.941e-02
[chk] L38 e10 hit  rel 2.395e-02
[chk] L38 e94 hit  rel 2.065e-02
[chk] L38 e34 pcie rel 2.064e-02
[chk] L39 e139 hit  rel 1.933e-02
[chk] L39 e180 hit  rel 1.985e-02
[chk] L39 e70 hit  rel 2.509e-02
[chk] L39 e182 hit  rel 1.586e-02
[chk] L39 e221 hit  rel 2.314e-02
ggml_backend_cuda_graph_compute: CUDA graph warmup complete
[chk] L40 e22 hit  rel 1.988e-02
[chk] L40 e30 hit  rel 2.001e-02
[chk] L40 e180 pcie rel 2.111e-02
[chk] L40 e108 hit  rel 2.180e-02
[chk] L40 e136 pcie rel 2.073e-02
[chk] L41 e190 hit  rel 1.994e-02
[chk] L41 e236 hit  rel 2.165e-02
[chk] L41 e23 hit  rel 2.152e-02
[chk] L41 e22 pcie rel 2.183e-02
ggml_backend_cuda_graph_compute: CUDA graph warmup complete
[chk] L42 e225 hit  rel 1.966e-02
[chk] L42 e159 pcie rel 1.925e-02
[chk] L42 e242 pcie rel 2.061e-02
[chk] L42 e50 hit  rel 2.001e-02
[chk] L0 e162 hit  rel 2.296e-02
[chk] L0 e3 pcie rel 2.423e-02
[chk] L0 e68 pcie rel 2.347e-02
[chk] L0 e163 pcie rel 2.299e-02
[chk] L1 e163 hit  rel 2.030e-02
[chk] L1 e108 pcie rel 1.992e-02
[chk] L1 e172 pcie rel 1.894e-02
[chk] L2 e4 pcie rel 2.025e-02
[chk] L2 e71 pcie rel 1.962e-02
[chk] L2 e166 pcie rel 1.974e-02
[chk] L3 e233 pcie rel 2.191e-02
[chk] L3 e148 pcie rel 2.157e-02
[chk] L3 e45 pcie rel 2.196e-02
[chk] L3 e20 hit  rel 1.754e-02
[chk] L4 e94 hit  rel 2.412e-02
[chk] L4 e32 hit  rel 1.875e-02
[chk] L4 e170 hit  rel 2.052e-02
[chk] L4 e26 pcie rel 2.196e-02
[chk] L5 e42 hit  rel 1.846e-02
[chk] L5 e149 hit  rel 1.857e-02
[chk] L5 e126 pcie rel 2.020e-02
[chk] L5 e175 pcie rel 1.818e-02
[chk] L6 e166 hit  rel 1.888e-02
[chk] L6 e121 pcie rel 2.235e-02
[chk] L6 e1 hit  rel 1.849e-02
[chk] L6 e233 hit  rel 2.012e-02
[chk] L7 e214 hit  rel 2.467e-02
[chk] L7 e160 hit  rel 2.097e-02
[chk] L7 e177 pcie rel 2.469e-02
[chk] L7 e221 pcie rel 2.189e-02
[chk] L7 e122 hit  rel 2.353e-02
[chk] L8 e141 hit  rel 2.164e-02
[chk] L8 e177 pcie rel 2.420e-02
[chk] L8 e16 pcie rel 2.518e-02
[chk] L8 e106 hit  rel 2.162e-02
[chk] L9 e87 hit  rel 2.398e-02
[chk] L9 e100 pcie rel 1.820e-02
[chk] L9 e187 pcie rel 1.893e-02
[chk] L9 e32 hit  rel 2.084e-02
[chk] L10 e135 hit  rel 1.828e-02
[chk] L10 e132 pcie rel 2.119e-02
[chk] L10 e30 hit  rel 1.749e-02
[chk] L10 e8 hit  rel 2.148e-02
[chk] L10 e66 hit  rel 1.863e-02
[chk] L11 e129 hit  rel 2.117e-02
[chk] L11 e229 pcie rel 1.713e-02
[chk] L11 e19 pcie rel 1.984e-02
[chk] L12 e39 hit  rel 2.458e-02
[chk] L12 e229 hit  rel 2.436e-02
[chk] L12 e127 hit  rel 2.489e-02
[chk] L12 e29 hit  rel 1.992e-02
[chk] L12 e185 pcie rel 2.058e-02
[chk] L13 e122 hit  rel 2.003e-02
[chk] L13 e172 pcie rel 1.815e-02
[chk] L13 e40 hit  rel 2.177e-02
[chk] L13 e168 pcie rel 2.193e-02
[chk] L14 e21 hit  rel 2.416e-02
[chk] L14 e187 hit  rel 1.959e-02
[chk] L14 e132 hit  rel 2.095e-02
[chk] L14 e56 hit  rel 2.092e-02
[chk] L14 e118 hit  rel 1.884e-02
[chk] L14 e16 pcie rel 1.860e-02
[chk] L15 e53 hit  rel 1.842e-02
[chk] L15 e87 hit  rel 2.233e-02
[chk] L15 e207 hit  rel 2.187e-02
[chk] L15 e39 hit  rel 2.069e-02
[chk] L15 e139 hit  rel 2.215e-02
[chk] L16 e16 hit  rel 1.930e-02
[chk] L16 e51 hit  rel 1.949e-02
[chk] L16 e173 pcie rel 1.882e-02
[chk] L16 e67 pcie rel 1.906e-02
[chk] L17 e25 hit  rel 2.112e-02
[chk] L17 e26 hit  rel 1.975e-02
[chk] L17 e5 hit  rel 2.044e-02
[chk] L17 e10 pcie rel 2.067e-02
[chk] L18 e100 hit  rel 2.030e-02
[chk] L18 e171 hit  rel 2.076e-02
[chk] L18 e71 pcie rel 1.962e-02
[chk] L18 e234 hit  rel 2.140e-02
[chk] L18 e50 pcie rel 2.050e-02
[chk] L19 e223 pcie rel 1.914e-02
[chk] L19 e249 hit  rel 2.005e-02
[chk] L19 e31 hit  rel 1.881e-02
[chk] L19 e60 hit  rel 2.142e-02
[chk] L19 e105 hit  rel 2.081e-02
[chk] L20 e27 hit  rel 1.986e-02
[chk] L20 e169 hit  rel 2.090e-02
[chk] L20 e115 pcie rel 1.920e-02
[chk] L21 e59 hit  rel 2.158e-02
[chk] L21 e70 hit  rel 1.719e-02
[chk] L21 e174 pcie rel 1.983e-02
[chk] L21 e18 pcie rel 1.962e-02
[chk] L21 e89 hit  rel 1.983e-02
[chk] L22 e102 hit  rel 1.748e-02
[chk] L22 e19 hit  rel 1.928e-02
[chk] L22 e87 pcie rel 1.832e-02
[chk] L22 e170 pcie rel 2.112e-02
[chk] L23 e134 hit  rel 2.272e-02
[chk] L23 e57 hit  rel 1.969e-02
[chk] L23 e56 hit  rel 2.025e-02
[chk] L23 e132 hit  rel 2.113e-02
[chk] L23 e175 hit  rel 2.113e-02
[chk] L24 e176 hit  rel 2.035e-02
[chk] L24 e134 hit  rel 1.710e-02
[chk] L24 e106 pcie rel 2.351e-02
[chk] L24 e36 hit  rel 2.060e-02
[chk] L24 e84 hit  rel 2.060e-02
[chk] L24 e162 hit  rel 2.310e-02
[chk] L25 e43 hit  rel 1.917e-02
[chk] L25 e195 pcie rel 2.191e-02
[chk] L25 e234 pcie rel 2.075e-02
[chk] L25 e241 hit  rel 1.941e-02
[chk] L26 e88 hit  rel 2.067e-02
[chk] L26 e177 hit  rel 1.843e-02
[chk] L26 e162 hit  rel 2.045e-02
[chk] L26 e111 pcie rel 1.978e-02
[chk] L27 e76 hit  rel 2.101e-02
[chk] L27 e10 hit  rel 1.991e-02
[chk] L27 e26 pcie rel 2.163e-02
[chk] L27 e53 pcie rel 2.261e-02
[chk] L28 e126 hit  rel 2.094e-02
[chk] L28 e209 hit  rel 2.164e-02
[chk] L28 e243 hit  rel 2.248e-02
[chk] L28 e137 hit  rel 2.004e-02
[chk] L28 e21 pcie rel 2.009e-02
[chk] L29 e83 pcie rel 2.143e-02
[chk] L29 e105 hit  rel 1.958e-02
[chk] L29 e109 pcie rel 2.110e-02
[chk] L30 e151 hit  rel 2.165e-02
[chk] L30 e87 pcie rel 2.266e-02
[chk] L30 e31 hit  rel 2.345e-02
[chk] L30 e238 hit  rel 2.078e-02
[chk] L30 e192 hit  rel 2.097e-02
[chk] L30 e101 hit  rel 2.159e-02
[chk] L31 e27 hit  rel 2.229e-02
[chk] L31 e99 hit  rel 2.141e-02
[chk] L31 e208 hit  rel 2.208e-02
[chk] L31 e181 pcie rel 2.149e-02
[chk] L31 e169 hit  rel 2.240e-02
[chk] L32 e164 hit  rel 2.260e-02
[chk] L32 e121 pcie rel 2.059e-02
[chk] L32 e163 pcie rel 2.411e-02
[chk] L32 e53 hit  rel 2.037e-02
[chk] L33 e247 hit  rel 2.012e-02
[chk] L33 e185 pcie rel 2.100e-02
[chk] L33 e38 pcie rel 2.332e-02
[chk] L33 e147 hit  rel 2.292e-02
[chk] L34 e113 hit  rel 2.036e-02
[chk] L34 e135 hit  rel 2.203e-02
[chk] L34 e182 pcie rel 1.894e-02
[chk] L34 e44 hit  rel 2.303e-02
[chk] L34 e6 hit  rel 2.056e-02
[chk] L35 e113 pcie rel 2.088e-02
[chk] L35 e142 hit  rel 2.280e-02
[chk] L35 e247 hit  rel 1.958e-02
[chk] L35 e211 pcie rel 2.323e-02
[chk] L36 e20 hit  rel 2.043e-02
[chk] L36 e74 pcie rel 2.032e-02
[chk] L36 e199 hit  rel 2.036e-02
[chk] L36 e5 hit  rel 2.219e-02
[chk] L36 e127 hit  rel 2.083e-02
[chk] L37 e32 hit  rel 2.072e-02
[chk] L37 e175 hit  rel 2.163e-02
[chk] L37 e171 pcie rel 2.426e-02
[chk] L38 e63 hit  rel 2.148e-02
[chk] L38 e11 hit  rel 2.065e-02
[chk] L38 e162 hit  rel 2.207e-02
[chk] L38 e43 pcie rel 2.182e-02
[chk] L38 e133 hit  rel 2.093e-02
[chk] L39 e139 hit  rel 1.890e-02
[chk] L39 e229 pcie rel 2.403e-02
[chk] L39 e54 hit  rel 2.113e-02
[chk] L39 e70 hit  rel 2.220e-02
[chk] L39 e235 hit  rel 1.762e-02
[chk] L40 e108 hit  rel 2.046e-02
[chk] L40 e109 hit  rel 2.168e-02
[chk] L40 e30 hit  rel 2.199e-02
[chk] L40 e22 hit  rel 2.009e-02
[chk] L40 e136 pcie rel 2.219e-02
[chk] L41 e190 hit  rel 2.104e-02
[chk] L41 e22 pcie rel 2.013e-02
[chk] L41 e205 hit  rel 2.042e-02
[chk] L41 e23 hit  rel 2.338e-02
[chk] L42 e190 pcie rel 2.559e-02
[chk] L42 e225 hit  rel 1.877e-02
[chk] L42 e67 hit  rel 1.922e-02
[chk] L42 e50 hit  rel 1.990e-02
[chk] L42 e33 hit  rel 1.856e-02
[chk] L42 e18 hit  rel 1.798e-02
[chk] L0 e95 pcie rel 2.275e-02
[chk] L0 e20 pcie rel 2.361e-02
[chk] L0 e226 pcie rel 2.145e-02
[chk] L1 e232 hit  rel 1.779e-02
[chk] L1 e189 pcie rel 2.050e-02
[chk] L1 e38 hit  rel 2.006e-02
[chk] L1 e67 pcie rel 1.689e-02
[chk] L2 e84 hit  rel 2.004e-02
[chk] L2 e173 pcie rel 1.909e-02
[chk] L2 e131 pcie rel 2.051e-02
[chk] L3 e188 hit  rel 2.326e-02
[chk] L3 e50 hit  rel 2.266e-02
[chk] L3 e203 hit  rel 2.175e-02
[chk] L3 e237 hit  rel 2.443e-02
[chk] L3 e241 hit  rel 2.135e-02
[chk] L3 e39 hit  rel 1.841e-02
[chk] L4 e184 hit  rel 1.998e-02
[chk] L4 e201 hit  rel 2.219e-02
[chk] L4 e193 hit  rel 1.913e-02
[chk] L4 e63 pcie rel 2.163e-02
[chk] L4 e52 hit  rel 1.924e-02
[chk] L4 e91 hit  rel 2.010e-02
[chk] L5 e42 hit  rel 2.494e-02
[chk] L5 e112 hit  rel 1.895e-02
[chk] L5 e145 pcie rel 1.997e-02
[chk] L5 e10 hit  rel 2.049e-02
[chk] L6 e233 hit  rel 2.201e-02
[chk] L6 e85 hit  rel 2.293e-02
[chk] L6 e121 pcie rel 1.964e-02
[chk] L6 e255 pcie rel 2.054e-02
[chk] L7 e214 hit  rel 2.326e-02
[chk] L7 e170 hit  rel 2.452e-02
[chk] L7 e160 hit  rel 2.483e-02
[chk] L7 e90 pcie rel 2.364e-02
[chk] L7 e15 pcie rel 1.926e-02
[chk] L8 e168 hit  rel 2.780e-02
[chk] L8 e105 hit  rel 1.942e-02
[chk] L8 e106 hit  rel 2.224e-02
[chk] L8 e239 hit  rel 2.352e-02
[chk] L8 e147 hit  rel 1.707e-02
[chk] L9 e149 hit  rel 2.157e-02
[chk] L9 e186 hit  rel 1.917e-02
[chk] L9 e28 hit  rel 1.906e-02
[chk] L9 e93 pcie rel 2.126e-02
[chk] L9 e114 pcie rel 2.101e-02
[chk] L10 e156 hit  rel 2.126e-02
[chk] L10 e2 pcie rel 1.853e-02
[chk] L10 e229 pcie rel 1.959e-02
[chk] L10 e15 hit  rel 2.027e-02
[chk] L11 e113 hit  rel 2.083e-02
[chk] L11 e7 hit  rel 2.097e-02
[chk] L11 e202 hit  rel 2.025e-02
[chk] L11 e169 pcie rel 2.015e-02
[chk] L12 e229 hit  rel 2.543e-02
[chk] L12 e67 hit  rel 1.746e-02
[chk] L12 e242 pcie rel 2.006e-02
[chk] L12 e199 hit  rel 2.008e-02
[chk] L12 e248 pcie rel 2.169e-02
[chk] L13 e122 hit  rel 2.448e-02
[chk] L13 e93 hit  rel 2.098e-02
[chk] L13 e172 pcie rel 1.876e-02
[chk] L13 e144 pcie rel 1.988e-02
[chk] L14 e56 hit  rel 2.062e-02
[chk] L14 e21 hit  rel 2.459e-02
[chk] L14 e132 hit  rel 2.026e-02
[chk] L14 e134 hit  rel 1.960e-02
[chk] L14 e187 hit  rel 2.056e-02
[chk] L14 e227 hit  rel 1.799e-02
[chk] L15 e53 hit  rel 2.066e-02
[chk] L15 e43 hit  rel 2.044e-02
[chk] L15 e217 hit  rel 1.957e-02
[chk] L15 e173 pcie rel 1.907e-02
[chk] L15 e139 hit  rel 1.989e-02
[chk] L16 e16 hit  rel 1.999e-02
[chk] L16 e0 hit  rel 1.785e-02
[chk] L16 e137 hit  rel 1.938e-02
[chk] L16 e129 hit  rel 2.072e-02
[chk] L16 e185 hit  rel 2.032e-02
[chk] L17 e26 hit  rel 1.934e-02
[chk] L17 e111 pcie rel 1.972e-02
[chk] L17 e86 pcie rel 2.077e-02
[chk] L17 e254 pcie rel 2.008e-02
[chk] L18 e171 hit  rel 2.017e-02
[chk] L18 e100 hit  rel 1.928e-02
[chk] L18 e56 pcie rel 1.874e-02
[chk] L18 e254 hit  rel 2.355e-02
[chk] L19 e249 hit  rel 2.155e-02
[chk] L19 e151 hit  rel 2.198e-02
[chk] L19 e41 pcie rel 1.908e-02
[chk] L19 e12 hit  rel 2.051e-02
[chk] L19 e234 pcie rel 2.006e-02
[chk] L20 e207 hit  rel 2.042e-02
[chk] L20 e104 hit  rel 2.137e-02
[chk] L20 e165 pcie rel 1.958e-02
[chk] L20 e242 pcie rel 1.960e-02
[chk] L21 e59 hit  rel 2.180e-02
[chk] L21 e165 hit  rel 1.817e-02
[chk] L21 e183 pcie rel 1.850e-02
[chk] L21 e174 pcie rel 2.269e-02
[chk] L22 e189 hit  rel 2.177e-02
[chk] L22 e102 hit  rel 1.795e-02
[chk] L22 e174 pcie rel 2.138e-02
[chk] L22 e197 hit  rel 2.002e-02
[chk] L23 e134 hit  rel 2.234e-02
[chk] L23 e35 pcie rel 1.826e-02
[chk] L23 e208 pcie rel 2.013e-02
[chk] L23 e57 hit  rel 1.951e-02
[chk] L23 e173 hit  rel 1.854e-02
[chk] L24 e176 hit  rel 1.985e-02
[chk] L24 e93 hit  rel 2.267e-02
[chk] L24 e134 hit  rel 1.823e-02
[chk] L24 e84 hit  rel 2.056e-02
[chk] L24 e132 hit  rel 2.026e-02
[chk] L24 e36 hit  rel 2.309e-02
[chk] L25 e241 hit  rel 2.215e-02
[chk] L25 e43 hit  rel 1.977e-02
[chk] L25 e204 hit  rel 1.962e-02
[chk] L25 e16 pcie rel 2.109e-02
[chk] L26 e88 hit  rel 1.906e-02
[chk] L26 e169 hit  rel 2.297e-02
[chk] L26 e23 pcie rel 2.212e-02
[chk] L26 e117 pcie rel 2.218e-02
[chk] L27 e32 hit  rel 2.085e-02
[chk] L27 e76 hit  rel 1.942e-02
[chk] L27 e10 hit  rel 1.914e-02
[chk] L27 e26 pcie rel 1.956e-02
[chk] L27 e146 pcie rel 1.963e-02
[chk] L28 e209 hit  rel 2.268e-02
[chk] L28 e243 hit  rel 1.956e-02
[chk] L28 e126 hit  rel 1.998e-02
[chk] L28 e149 pcie rel 2.013e-02
[chk] L29 e217 hit  rel 2.119e-02
[chk] L29 e201 hit  rel 2.285e-02
[chk] L29 e43 pcie rel 2.149e-02
[chk] L29 e247 pcie rel 2.020e-02
[chk] L29 e57 hit  rel 2.065e-02
[chk] L30 e151 hit  rel 2.124e-02
[chk] L30 e31 hit  rel 2.081e-02
[chk] L30 e77 pcie rel 2.050e-02
[chk] L30 e225 pcie rel 2.207e-02
[chk] L31 e99 hit  rel 2.156e-02
[chk] L31 e27 hit  rel 2.132e-02
[chk] L31 e208 hit  rel 2.513e-02
[chk] L31 e153 hit  rel 2.178e-02
[chk] L31 e102 hit  rel 2.180e-02
[chk] L32 e164 hit  rel 1.982e-02
[chk] L32 e43 hit  rel 2.124e-02
[chk] L32 e140 hit  rel 2.067e-02
[chk] L32 e121 pcie rel 2.247e-02
[chk] L32 e160 pcie rel 2.276e-02
[chk] L33 e247 hit  rel 2.275e-02
[chk] L33 e132 hit  rel 2.008e-02
[chk] L33 e147 hit  rel 1.990e-02
[chk] L33 e252 pcie rel 2.119e-02
[chk] L34 e113 hit  rel 2.124e-02
[chk] L34 e135 hit  rel 2.256e-02
[chk] L34 e94 pcie rel 2.003e-02
[chk] L34 e204 pcie rel 2.351e-02
[chk] L34 e85 hit  rel 2.105e-02
[chk] L35 e142 hit  rel 2.228e-02
[chk] L35 e86 pcie rel 2.260e-02
[chk] L35 e113 pcie rel 2.015e-02
[chk] L35 e146 hit  rel 2.103e-02
[chk] L36 e20 hit  rel 2.194e-02
[chk] L36 e81 hit  rel 2.086e-02
[chk] L36 e199 hit  rel 2.165e-02
[chk] L36 e76 hit  rel 2.177e-02
[chk] L36 e74 pcie rel 2.027e-02
[chk] L37 e175 hit  rel 2.287e-02
[chk] L37 e32 hit  rel 2.112e-02
[chk] L37 e192 pcie rel 2.144e-02
[chk] L37 e7 pcie rel 2.298e-02
[chk] L38 e63 hit  rel 2.103e-02
[chk] L38 e11 hit  rel 2.111e-02
[chk] L38 e61 hit  rel 2.517e-02
[chk] L38 e148 pcie rel 2.477e-02
[chk] L38 e33 hit  rel 1.980e-02
[chk] L39 e139 hit  rel 2.125e-02
[chk] L39 e60 hit  rel 2.190e-02
[chk] L39 e135 hit  rel 2.504e-02
[chk] L39 e85 hit  rel 1.893e-02
[chk] L39 e235 hit  rel 1.802e-02
[chk] L40 e109 hit  rel 2.094e-02
[chk] L40 e242 pcie rel 2.367e-02
[chk] L40 e49 hit  rel 2.511e-02
[chk] L40 e119 pcie rel 1.998e-02
[chk] L41 e95 hit  rel 1.919e-02
[chk] L41 e190 hit  rel 1.906e-02
[chk] L41 e47 hit  rel 2.598e-02
[chk] L41 e183 hit  rel 1.994e-02
[chk] L41 e233 pcie rel 2.075e-02
[chk] L42 e154 hit  rel 1.957e-02
[chk] L42 e233 hit  rel 1.833e-02
[chk] L42 e122 pcie rel 1.886e-02
[chk] L42 e111 hit  rel 1.951e-02
[chk] L42 e50 hit  rel 1.941e-02
[chk] L0 e97 hit  rel 2.281e-02
[chk] L0 e134 pcie rel 2.597e-02
[chk] L0 e223 pcie rel 3.017e-02
[chk] L1 e241 pcie rel 1.848e-02
[chk] L1 e184 pcie rel 1.790e-02
[chk] L1 e234 pcie rel 1.958e-02
[chk] L2 e234 pcie rel 2.010e-02
[chk] L2 e35 pcie rel 2.083e-02
[chk] L2 e118 pcie rel 1.994e-02
[chk] L3 e188 hit  rel 2.066e-02
[chk] L3 e50 hit  rel 2.016e-02
[chk] L3 e203 hit  rel 2.113e-02
[chk] L3 e237 hit  rel 1.916e-02
[chk] L3 e173 hit  rel 1.568e-02
[chk] L3 e108 hit  rel 2.475e-02
[chk] L4 e139 hit  rel 1.766e-02
[chk] L4 e32 hit  rel 1.825e-02
[chk] L4 e184 hit  rel 1.771e-02
[chk] L4 e210 pcie rel 1.775e-02
[chk] L4 e104 pcie rel 1.930e-02
[chk] L5 e42 hit  rel 1.922e-02
[chk] L5 e14 hit  rel 1.839e-02
[chk] L5 e220 pcie rel 2.186e-02
[chk] L5 e245 hit  rel 1.956e-02
[chk] L6 e121 pcie rel 2.131e-02
[chk] L6 e254 hit  rel 2.304e-02
[chk] L6 e168 hit  rel 1.870e-02
[chk] L6 e224 hit  rel 1.927e-02
[chk] L6 e164 pcie rel 2.284e-02
[chk] L7 e160 hit  rel 2.127e-02
[chk] L7 e170 hit  rel 2.011e-02
[chk] L7 e223 hit  rel 2.011e-02
[chk] L7 e96 pcie rel 2.512e-02
[chk] L8 e168 hit  rel 2.481e-02
[chk] L8 e189 hit  rel 2.590e-02
[chk] L8 e106 hit  rel 2.207e-02
[chk] L8 e239 hit  rel 2.080e-02
[chk] L8 e13 pcie rel 2.018e-02
[chk] L9 e149 hit  rel 2.006e-02
[chk] L9 e21 pcie rel 2.389e-02
[chk] L9 e122 pcie rel 1.931e-02
[chk] L9 e53 pcie rel 1.982e-02
[chk] L10 e30 hit  rel 1.839e-02
[chk] L10 e0 pcie rel 2.292e-02
[chk] L10 e24 pcie rel 2.299e-02
[chk] L11 e80 hit  rel 1.925e-02
[chk] L11 e205 pcie rel 1.849e-02
[chk] L11 e187 pcie rel 1.897e-02
[chk] L11 e138 pcie rel 2.031e-02
[chk] L12 e229 hit  rel 2.713e-02
[chk] L12 e39 hit  rel 2.246e-02
[chk] L12 e64 hit  rel 2.034e-02
[chk] L12 e21 pcie rel 1.806e-02
[chk] L12 e171 hit  rel 2.038e-02
[chk] L13 e93 hit  rel 2.500e-02
[chk] L13 e104 pcie rel 2.081e-02
[chk] L13 e102 pcie rel 1.952e-02
[chk] L14 e187 hit  rel 1.723e-02
[chk] L14 e21 hit  rel 2.350e-02
[chk] L14 e56 hit  rel 2.299e-02
[chk] L14 e144 pcie rel 1.818e-02
[chk] L14 e184 hit  rel 2.130e-02
[chk] L14 e132 hit  rel 2.043e-02
[chk] L15 e87 hit  rel 1.971e-02
[chk] L15 e50 pcie rel 1.747e-02
[chk] L15 e203 pcie rel 2.031e-02
[chk] L15 e139 hit  rel 1.942e-02
[chk] L16 e16 hit  rel 2.093e-02
[chk] L16 e51 hit  rel 2.115e-02
[chk] L16 e185 hit  rel 2.125e-02
[chk] L16 e109 hit  rel 1.811e-02
[chk] L16 e125 pcie rel 2.051e-02
[chk] L17 e26 hit  rel 2.008e-02
[chk] L17 e111 pcie rel 1.831e-02
[chk] L17 e25 hit  rel 2.010e-02
[chk] L17 e58 pcie rel 1.973e-02
[chk] L18 e234 hit  rel 2.086e-02
[chk] L18 e171 hit  rel 2.110e-02
[chk] L18 e151 pcie rel 1.848e-02
[chk] L18 e3 pcie rel 2.166e-02
[chk] L19 e210 hit  rel 2.277e-02
[chk] L19 e249 hit  rel 2.005e-02
[chk] L19 e31 hit  rel 1.884e-02
[chk] L19 e174 pcie rel 2.290e-02
[chk] L20 e160 pcie rel 2.025e-02
[chk] L20 e137 hit  rel 2.103e-02
[chk] L20 e27 hit  rel 1.945e-02
[chk] L20 e122 pcie rel 1.957e-02
[chk] L21 e59 hit  rel 2.084e-02
[chk] L21 e70 hit  rel 1.976e-02
[chk] L21 e65 hit  rel 1.958e-02
[chk] L21 e231 pcie rel 2.022e-02
[chk] L21 e174 pcie rel 1.992e-02
[chk] L22 e102 hit  rel 1.956e-02
[chk] L22 e189 hit  rel 2.007e-02
[chk] L22 e100 pcie rel 2.065e-02
[chk] L22 e107 hit  rel 1.989e-02
[chk] L23 e159 hit  rel 1.909e-02
[chk] L23 e240 hit  rel 2.078e-02
[chk] L23 e134 hit  rel 2.007e-02
[chk] L23 e2 hit  rel 2.002e-02
[chk] L23 e184 pcie rel 1.928e-02
[chk] L23 e142 hit  rel 1.956e-02
[chk] L24 e176 hit  rel 1.858e-02
[chk] L24 e93 hit  rel 2.153e-02
[chk] L24 e101 hit  rel 1.898e-02
[chk] L24 e132 hit  rel 1.941e-02
[chk] L24 e84 hit  rel 1.939e-02
[chk] L24 e134 hit  rel 1.881e-02
[chk] L25 e53 hit  rel 1.954e-02
[chk] L25 e43 hit  rel 1.916e-02
[chk] L25 e83 pcie rel 1.832e-02
[chk] L25 e241 hit  rel 2.605e-02
[chk] L26 e88 hit  rel 1.936e-02
[chk] L26 e214 pcie rel 2.201e-02
[chk] L26 e19 hit  rel 1.987e-02
[chk] L26 e142 pcie rel 2.073e-02
[chk] L27 e109 hit  rel 2.154e-02
[chk] L27 e32 hit  rel 2.016e-02
[chk] L27 e76 hit  rel 2.284e-02
[chk] L27 e26 pcie rel 2.316e-02
[chk] L27 e158 pcie rel 2.171e-02
[chk] L28 e209 hit  rel 2.171e-02
[chk] L28 e243 hit  rel 2.343e-02
[chk] L28 e29 pcie rel 2.297e-02
[chk] L28 e137 hit  rel 2.269e-02
[chk] L29 e201 hit  rel 2.068e-02
[chk] L29 e147 hit  rel 2.219e-02
[chk] L29 e255 pcie rel 2.143e-02
[chk] L29 e105 hit  rel 2.127e-02
[chk] L29 e57 hit  rel 1.919e-02
[chk] L30 e151 hit  rel 2.130e-02
[chk] L30 e206 pcie rel 2.168e-02
[chk] L30 e162 hit  rel 2.463e-02
[chk] L30 e87 pcie rel 2.106e-02
[chk] L31 e99 hit  rel 2.339e-02
[chk] L31 e27 hit  rel 2.119e-02
[chk] L31 e208 hit  rel 2.123e-02
[chk] L31 e156 pcie rel 2.533e-02
[chk] L31 e234 pcie rel 1.965e-02
[chk] L32 e164 hit  rel 1.956e-02
[chk] L32 e112 pcie rel 2.139e-02
[chk] L32 e147 hit  rel 2.162e-02
[chk] L32 e92 pcie rel 2.266e-02
[chk] L33 e247 hit  rel 2.162e-02
[chk] L33 e38 pcie rel 2.100e-02
[chk] L33 e68 pcie rel 2.230e-02
[chk] L34 e113 hit  rel 2.230e-02
[chk] L34 e135 hit  rel 2.243e-02
[chk] L34 e179 pcie rel 2.231e-02
[chk] L34 e235 pcie rel 2.237e-02
[chk] L35 e64 hit  rel 2.114e-02
[chk] L35 e247 hit  rel 2.131e-02
[chk] L35 e120 hit  rel 2.173e-02
[chk] L35 e162 hit  rel 2.161e-02
[chk] L35 e177 pcie rel 2.219e-02
[chk] L36 e20 hit  rel 2.243e-02
[chk] L36 e81 hit  rel 2.172e-02
[chk] L36 e211 pcie rel 2.285e-02
[chk] L36 e156 pcie rel 2.236e-02
[chk] L37 e147 pcie rel 2.267e-02
[chk] L37 e175 hit  rel 2.163e-02
[chk] L37 e32 hit  rel 2.174e-02
[chk] L37 e159 hit  rel 2.310e-02
[chk] L38 e63 hit  rel 2.241e-02
[chk] L38 e218 pcie rel 2.266e-02
[chk] L38 e162 hit  rel 2.218e-02
[chk] L38 e11 hit  rel 2.418e-02
[chk] L38 e62 hit  rel 2.105e-02
[chk] L39 e139 hit  rel 2.424e-02
[chk] L39 e220 hit  rel 2.470e-02
[chk] L39 e79 pcie rel 2.261e-02
[chk] L40 e109 hit  rel 1.972e-02
[chk] L40 e99 pcie rel 2.354e-02
[chk] L40 e237 hit  rel 2.360e-02
[chk] L40 e204 pcie rel 2.253e-02
[chk] L41 e160 hit  rel 2.153e-02
[chk] L41 e202 hit  rel 2.106e-02
[chk] L41 e138 pcie rel 2.192e-02
[chk] L41 e141 pcie rel 2.148e-02
[chk] L41 e95 hit  rel 1.819e-02
[chk] L42 e135 hit  rel 2.175e-02
[chk] L42 e50 hit  rel 1.949e-02
[chk] L42 e159 pcie rel 1.946e-02
[chk] L0 e27 hit  rel 2.326e-02
[chk] L0 e66 pcie rel 1.805e-02
[chk] L0 e1 pcie rel 1.921e-02
[chk] L0 e52 pcie rel 1.727e-02
[chk] L1 e255 pcie rel 1.813e-02
[chk] L1 e112 pcie rel 1.850e-02
[chk] L1 e57 pcie rel 1.798e-02
[chk] L2 e95 pcie rel 1.976e-02
[chk] L2 e137 pcie rel 2.057e-02
[chk] L2 e163 pcie rel 1.952e-02
[chk] L3 e108 hit  rel 2.875e-02
[chk] L3 e188 hit  rel 1.915e-02
[chk] L3 e123 pcie rel 1.986e-02
[chk] L3 e173 hit  rel 1.516e-02
[chk] L3 e237 hit  rel 1.789e-02
[chk] L4 e32 hit  rel 2.240e-02
[chk] L4 e63 pcie rel 1.837e-02
[chk] L4 e95 pcie rel 1.820e-02
[chk] L5 e42 hit  rel 2.097e-02
[chk] L5 e149 hit  rel 1.862e-02
[chk] L5 e14 hit  rel 1.985e-02
[chk] L5 e112 hit  rel 2.093e-02
[chk] L5 e220 pcie rel 2.103e-02
[chk] L6 e254 hit  rel 2.028e-02
[chk] L6 e233 hit  rel 1.970e-02
[chk] L6 e164 pcie rel 1.891e-02
[chk] L6 e80 pcie rel 2.475e-02
[chk] L7 e160 hit  rel 2.057e-02
[chk] L7 e170 hit  rel 2.099e-02
[chk] L7 e214 hit  rel 2.245e-02
[chk] L7 e254 pcie rel 2.417e-02
[chk] L7 e223 hit  rel 2.188e-02
[chk] L8 e168 hit  rel 2.839e-02
[chk] L8 e189 hit  rel 2.442e-02
[chk] L8 e13 pcie rel 2.148e-02
[chk] L8 e82 hit  rel 2.252e-02
[chk] L8 e239 hit  rel 2.292e-02
[chk] L8 e106 hit  rel 2.080e-02
[chk] L9 e149 hit  rel 1.967e-02
[chk] L9 e32 hit  rel 2.027e-02
[chk] L9 e21 pcie rel 2.233e-02
[chk] L9 e130 pcie rel 1.895e-02
[chk] L10 e30 hit  rel 1.747e-02
[chk] L10 e24 pcie rel 2.023e-02
[chk] L10 e51 pcie rel 1.865e-02
[chk] L10 e15 hit  rel 1.853e-02
[chk] L11 e80 hit  rel 1.995e-02
[chk] L11 e138 pcie rel 2.203e-02
[chk] L11 e221 pcie rel 2.207e-02
[chk] L12 e229 hit  rel 2.530e-02
[chk] L12 e64 hit  rel 2.045e-02
[chk] L12 e39 hit  rel 2.179e-02
[chk] L12 e213 pcie rel 2.240e-02
[chk] L12 e235 pcie rel 2.074e-02
[chk] L13 e93 hit  rel 2.377e-02
[chk] L13 e122 hit  rel 2.082e-02
[chk] L13 e104 pcie rel 1.863e-02
[chk] L13 e172 pcie rel 2.051e-02
[chk] L14 e56 hit  rel 2.614e-02
[chk] L14 e21 hit  rel 2.564e-02
[chk] L14 e187 hit  rel 2.035e-02
[chk] L14 e132 hit  rel 2.036e-02
[chk] L14 e196 hit  rel 1.785e-02
[chk] L15 e87 hit  rel 2.100e-02
[chk] L15 e53 hit  rel 1.936e-02
[chk] L15 e173 pcie rel 1.829e-02
[chk] L15 e139 hit  rel 2.003e-02
[chk] L16 e16 hit  rel 2.137e-02
[chk] L16 e51 hit  rel 1.900e-02
[chk] L16 e185 hit  rel 2.187e-02
[chk] L16 e120 pcie rel 1.740e-02
[chk] L16 e13 pcie rel 1.877e-02
[chk] L17 e26 hit  rel 2.002e-02
[chk] L17 e111 pcie rel 1.812e-02
[chk] L17 e252 pcie rel 2.093e-02
[chk] L18 e171 hit  rel 1.878e-02
[chk] L18 e234 hit  rel 2.002e-02
[chk] L18 e228 pcie rel 1.949e-02
[chk] L18 e232 pcie rel 2.030e-02
[chk] L19 e249 hit  rel 2.011e-02
[chk] L19 e31 hit  rel 1.936e-02
[chk] L19 e48 pcie rel 2.125e-02
[chk] L20 e29 pcie rel 1.981e-02
[chk] L20 e164 pcie rel 1.992e-02
[chk] L20 e34 pcie rel 2.082e-02
[chk] L21 e59 hit  rel 2.216e-02
[chk] L21 e65 hit  rel 1.857e-02
[chk] L21 e15 pcie rel 2.126e-02
[chk] L21 e70 hit  rel 1.807e-02
[chk] L22 e189 hit  rel 2.357e-02
[chk] L22 e102 hit  rel 1.899e-02
[chk] L22 e23 pcie rel 2.029e-02
[chk] L22 e91 pcie rel 1.997e-02
[chk] L23 e159 hit  rel 1.962e-02
[chk] L23 e134 hit  rel 2.031e-02
[chk] L23 e57 hit  rel 1.800e-02
[chk] L23 e200 pcie rel 1.901e-02
[chk] L23 e2 hit  rel 2.055e-02
[chk] L24 e176 hit  rel 1.758e-02
[chk] L24 e148 pcie rel 2.235e-02
[chk] L24 e84 hit  rel 1.925e-02
[chk] L24 e93 hit  rel 2.197e-02
[chk] L24 e36 hit  rel 2.279e-02
[chk] L24 e101 hit  rel 1.956e-02
[chk] L25 e43 hit  rel 2.067e-02
[chk] L25 e241 hit  rel 2.290e-02
[chk] L25 e65 pcie rel 2.103e-02
[chk] L25 e5 hit  rel 1.981e-02
[chk] L26 e88 hit  rel 2.008e-02
[chk] L26 e214 pcie rel 2.311e-02
[chk] L26 e133 pcie rel 2.254e-02
[chk] L26 e177 hit  rel 1.825e-02
[chk] L27 e32 hit  rel 2.069e-02
[chk] L27 e76 hit  rel 2.046e-02
[chk] L27 e33 pcie rel 2.167e-02
[chk] L27 e193 pcie rel 2.087e-02
[chk] L28 e209 hit  rel 2.202e-02
[chk] L28 e243 hit  rel 2.347e-02
[chk] L28 e60 pcie rel 1.979e-02
[chk] L28 e29 pcie rel 2.126e-02
[chk] L28 e126 hit  rel 2.091e-02
[chk] L29 e201 hit  rel 2.092e-02
[chk] L29 e105 hit  rel 2.075e-02
[chk] L29 e255 pcie rel 2.088e-02
[chk] L29 e57 hit  rel 1.999e-02
[chk] L30 e213 pcie rel 2.096e-02
[chk] L30 e156 pcie rel 2.045e-02
[chk] L30 e31 hit  rel 2.073e-02
[chk] L30 e125 hit  rel 2.270e-02
[chk] L31 e99 hit  rel 2.007e-02
[chk] L31 e27 hit  rel 2.250e-02
[chk] L31 e208 hit  rel 2.227e-02
[chk] L31 e227 hit  rel 2.348e-02
[chk] L31 e110 pcie rel 2.226e-02
[chk] L32 e164 hit  rel 2.121e-02
[chk] L32 e92 pcie rel 2.223e-02
[chk] L32 e140 hit  rel 2.270e-02
[chk] L32 e43 hit  rel 2.117e-02
[chk] L32 e121 pcie rel 1.912e-02
[chk] L33 e247 hit  rel 2.096e-02
[chk] L33 e28 pcie rel 2.195e-02
[chk] L33 e126 pcie rel 1.976e-02
[chk] L34 e113 hit  rel 2.168e-02
[chk] L34 e135 hit  rel 2.258e-02
[chk] L34 e189 pcie rel 2.225e-02
[chk] L34 e85 hit  rel 2.211e-02
[chk] L34 e244 pcie rel 2.014e-02
[chk] L35 e247 hit  rel 1.965e-02
[chk] L35 e142 hit  rel 2.159e-02
[chk] L35 e64 hit  rel 2.037e-02
[chk] L35 e212 pcie rel 2.281e-02
[chk] L36 e20 hit  rel 2.205e-02
[chk] L36 e81 hit  rel 2.243e-02
[chk] L36 e117 pcie rel 2.184e-02
[chk] L36 e5 hit  rel 2.336e-02
[chk] L36 e167 pcie rel 2.149e-02
[chk] L37 e32 hit  rel 2.220e-02
[chk] L37 e4 hit  rel 2.574e-02
[chk] L37 e80 pcie rel 2.387e-02
[chk] L38 e63 hit  rel 2.101e-02
[chk] L38 e11 hit  rel 2.249e-02
[chk] L38 e162 hit  rel 2.237e-02
[chk] L38 e62 hit  rel 2.050e-02
[chk] L38 e139 pcie rel 2.172e-02
[chk] L39 e139 hit  rel 2.090e-02
[chk] L39 e229 pcie rel 2.426e-02
[chk] L39 e104 pcie rel 2.157e-02
[chk] L39 e182 hit  rel 1.768e-02
[chk] L39 e235 hit  rel 1.835e-02
[chk] L40 e109 hit  rel 1.910e-02
[chk] L40 e108 hit  rel 1.889e-02
[chk] L40 e98 hit  rel 2.089e-02
[chk] L40 e71 pcie rel 2.007e-02
[chk] L41 e190 hit  rel 2.065e-02
[chk] L41 e249 pcie rel 2.037e-02
[chk] L41 e245 pcie rel 2.462e-02
[chk] L41 e161 pcie rel 2.202e-02
[chk] L42 e165 hit  rel 2.037e-02
[chk] L42 e18 hit  rel 1.923e-02
[chk] L42 e204 pcie rel 2.063e-02
[chk] L0 e116 pcie rel 2.176e-02
[chk] L0 e48 pcie rel 2.585e-02
[chk] L0 e163 pcie rel 1.981e-02
[chk] L1 e223 hit  rel 1.836e-02
[chk] L1 e61 pcie rel 1.942e-02
[chk] L1 e93 pcie rel 1.930e-02
[chk] L1 e159 pcie rel 1.948e-02
[chk] L2 e100 hit  rel 2.201e-02
[chk] L2 e98 pcie rel 2.027e-02
[chk] L2 e30 pcie rel 2.066e-02
[chk] L3 e108 hit  rel 1.996e-02
[chk] L3 e50 hit  rel 2.345e-02
[chk] L3 e173 hit  rel 1.568e-02
[chk] L3 e29 pcie rel 2.007e-02
[chk] L3 e188 hit  rel 2.624e-02
[chk] L3 e203 hit  rel 1.862e-02
[chk] L4 e201 hit  rel 1.813e-02
[chk] L4 e162 pcie rel 1.756e-02
[chk] L4 e50 pcie rel 2.417e-02
[chk] L4 e139 hit  rel 2.378e-02
[chk] L5 e42 hit  rel 2.818e-02
[chk] L5 e112 hit  rel 2.067e-02
[chk] L5 e182 pcie rel 2.116e-02
[chk] L5 e250 pcie rel 2.176e-02
[chk] L6 e233 hit  rel 2.468e-02
[chk] L6 e85 hit  rel 2.277e-02
[chk] L6 e112 pcie rel 2.332e-02
[chk] L6 e190 pcie rel 1.706e-02
[chk] L7 e170 hit  rel 2.490e-02
[chk] L7 e160 hit  rel 2.217e-02
[chk] L7 e214 hit  rel 1.901e-02
[chk] L7 e157 pcie rel 2.394e-02
[chk] L8 e168 hit  rel 2.663e-02
[chk] L8 e106 hit  rel 1.918e-02
[chk] L8 e239 hit  rel 2.492e-02
[chk] L8 e105 hit  rel 1.935e-02
[chk] L8 e193 pcie rel 2.179e-02
[chk] L8 e147 hit  rel 1.950e-02
[chk] L9 e149 hit  rel 2.342e-02
[chk] L9 e25 pcie rel 1.892e-02
[chk] L9 e83 pcie rel 1.922e-02
[chk] L9 e186 hit  rel 2.153e-02
[chk] L10 e156 hit  rel 2.158e-02
[chk] L10 e171 pcie rel 1.742e-02
[chk] L10 e105 pcie rel 1.823e-02
[chk] L11 e80 hit  rel 2.300e-02
[chk] L11 e7 hit  rel 1.948e-02
[chk] L11 e111 pcie rel 2.155e-02
[chk] L11 e134 pcie rel 2.381e-02
[chk] L11 e113 hit  rel 2.001e-02
[chk] L12 e199 hit  rel 2.328e-02
[chk] L12 e229 hit  rel 2.622e-02
[chk] L12 e120 pcie rel 1.962e-02
[chk] L12 e248 pcie rel 2.191e-02
[chk] L13 e93 hit  rel 2.404e-02
[chk] L13 e122 hit  rel 2.358e-02
[chk] L13 e102 pcie rel 2.061e-02
[chk] L14 e56 hit  rel 2.303e-02
[chk] L14 e21 hit  rel 2.690e-02
[chk] L14 e132 hit  rel 1.997e-02
[chk] L14 e187 hit  rel 2.074e-02
[chk] L14 e144 pcie rel 1.911e-02
[chk] L14 e134 hit  rel 1.988e-02
[chk] L15 e217 hit  rel 2.177e-02
[chk] L15 e139 hit  rel 2.060e-02
[chk] L15 e53 hit  rel 1.976e-02
[chk] L15 e43 hit  rel 2.141e-02
[chk] L15 e87 hit  rel 1.908e-02
[chk] L16 e185 hit  rel 2.368e-02
[chk] L16 e16 hit  rel 1.886e-02
[chk] L16 e0 hit  rel 1.975e-02
[chk] L16 e51 hit  rel 1.865e-02
[chk] L16 e9 pcie rel 1.894e-02
[chk] L17 e26 hit  rel 1.944e-02
[chk] L17 e223 pcie rel 2.139e-02
[chk] L17 e96 pcie rel 1.944e-02
[chk] L18 e100 hit  rel 1.785e-02
[chk] L18 e110 hit  rel 1.919e-02
[chk] L18 e254 hit  rel 2.131e-02
[chk] L18 e10 pcie rel 1.926e-02
[chk] L19 e249 hit  rel 1.961e-02
[chk] L19 e73 pcie rel 2.143e-02
[chk] L19 e151 hit  rel 1.777e-02
[chk] L19 e234 pcie rel 1.917e-02
[chk] L19 e31 hit  rel 1.933e-02
[chk] L20 e207 hit  rel 1.906e-02
[chk] L20 e27 hit  rel 2.054e-02
[chk] L20 e188 pcie rel 2.116e-02
[chk] L20 e243 pcie rel 2.051e-02
[chk] L21 e59 hit  rel 2.323e-02
[chk] L21 e251 hit  rel 1.804e-02
[chk] L21 e174 pcie rel 1.813e-02
[chk] L21 e179 pcie rel 1.769e-02
[chk] L22 e102 hit  rel 1.953e-02
[chk] L22 e189 hit  rel 1.966e-02
[chk] L22 e194 hit  rel 2.017e-02
[chk] L22 e83 pcie rel 2.076e-02
[chk] L23 e57 hit  rel 1.893e-02
[chk] L23 e134 hit  rel 2.026e-02
[chk] L23 e54 hit  rel 2.015e-02
[chk] L23 e194 pcie rel 2.055e-02
[chk] L23 e159 hit  rel 2.121e-02
[chk] L23 e56 hit  rel 2.261e-02
[chk] L24 e176 hit  rel 1.752e-02
[chk] L24 e132 hit  rel 1.803e-02
[chk] L24 e36 hit  rel 2.423e-02
[chk] L24 e134 hit  rel 1.871e-02
[chk] L24 e84 hit  rel 1.932e-02
[chk] L25 e43 hit  rel 1.894e-02
[chk] L25 e195 pcie rel 2.041e-02
[chk] L25 e53 hit  rel 2.066e-02
[chk] L25 e234 pcie rel 2.035e-02
[chk] L26 e88 hit  rel 2.032e-02
[chk] L26 e177 hit  rel 2.090e-02
[chk] L26 e214 pcie rel 1.928e-02
[chk] L26 e162 hit  rel 1.927e-02
[chk] L26 e202 hit  rel 2.150e-02
[chk] L27 e76 hit  rel 1.958e-02
[chk] L27 e44 pcie rel 2.029e-02
[chk] L27 e109 hit  rel 2.135e-02
[chk] L27 e32 hit  rel 2.006e-02
[chk] L27 e26 pcie rel 2.270e-02
[chk] L28 e209 hit  rel 1.988e-02
[chk] L28 e174 hit  rel 1.868e-02
[chk] L28 e126 hit  rel 1.947e-02
[chk] L28 e243 hit  rel 2.086e-02
[chk] L28 e137 hit  rel 2.275e-02
[chk] L29 e105 hit  rel 2.015e-02
[chk] L29 e43 pcie rel 2.300e-02
[chk] L29 e57 hit  rel 2.185e-02
[chk] L29 e247 pcie rel 2.010e-02
[chk] L29 e201 hit  rel 2.041e-02
[chk] L30 e184 pcie rel 2.079e-02
[chk] L30 e238 hit  rel 2.221e-02
[chk] L30 e218 pcie rel 2.072e-02
[chk] L30 e62 hit  rel 2.221e-02
[chk] L31 e99 hit  rel 2.149e-02
[chk] L31 e208 hit  rel 2.247e-02
[chk] L31 e27 hit  rel 2.435e-02
[chk] L31 e32 hit  rel 2.219e-02
[chk] L31 e153 hit  rel 2.129e-02
[chk] L31 e227 hit  rel 2.162e-02
[chk] L32 e164 hit  rel 2.254e-02
[chk] L32 e140 hit  rel 2.009e-02
[chk] L32 e121 pcie rel 1.983e-02
[chk] L32 e194 pcie rel 1.995e-02
[chk] L33 e247 hit  rel 2.101e-02
[chk] L33 e38 pcie rel 2.091e-02
[chk] L33 e206 pcie rel 2.362e-02
[chk] L33 e147 hit  rel 2.239e-02
[chk] L34 e113 hit  rel 2.170e-02
[chk] L34 e135 hit  rel 2.209e-02
[chk] L34 e189 pcie rel 2.154e-02
[chk] L34 e85 hit  rel 2.265e-02
[chk] L35 e247 hit  rel 2.189e-02
[chk] L35 e0 hit  rel 2.151e-02
[chk] L35 e142 hit  rel 2.007e-02
[chk] L35 e126 pcie rel 1.960e-02
[chk] L35 e146 hit  rel 2.133e-02
[chk] L36 e20 hit  rel 2.364e-02
[chk] L36 e123 pcie rel 2.213e-02
[chk] L36 e199 hit  rel 2.228e-02
[chk] L36 e76 hit  rel 2.004e-02
[chk] L36 e5 hit  rel 2.159e-02
[chk] L37 e32 hit  rel 2.218e-02
[chk] L37 e221 pcie rel 2.372e-02
[chk] L37 e7 pcie rel 2.193e-02
[chk] L38 e63 hit  rel 2.212e-02
[chk] L38 e11 hit  rel 2.214e-02
[chk] L38 e162 hit  rel 2.291e-02
[chk] L38 e139 pcie rel 2.187e-02
[chk] L39 e139 hit  rel 1.928e-02
[chk] L39 e180 hit  rel 2.486e-02
[chk] L39 e54 hit  rel 2.350e-02
[chk] L39 e108 pcie rel 2.059e-02
[chk] L39 e170 hit  rel 1.868e-02
[chk] L40 e109 hit  rel 1.940e-02
[chk] L40 e136 pcie rel 2.119e-02
[chk] L40 e108 hit  rel 1.994e-02
[chk] L40 e22 hit  rel 2.129e-02
[chk] L40 e207 pcie rel 2.144e-02
[chk] L41 e190 hit  rel 1.957e-02
[chk] L41 e245 pcie rel 2.561e-02
[chk] L41 e70 pcie rel 2.030e-02
[chk] L42 e152 pcie rel 1.803e-02
[chk] L42 e15 hit  rel 2.079e-02
[chk] L42 e50 hit  rel 2.122e-02
[chk] L42 e159 pcie rel 1.922e-02
[chk] L0 e107 hit  rel 2.618e-02
[chk] L0 e132 hit  rel 2.502e-02
[chk] L0 e29 hit  rel 3.035e-02
[chk] L0 e62 hit  rel 2.793e-02
[chk] L0 e106 hit  rel 1.856e-02
[chk] L0 e74 hit  rel 2.622e-02
[chk] L1 e210 hit  rel 2.133e-02
[chk] L1 e155 hit  rel 2.910e-02
[chk] L1 e36 pcie rel 2.247e-02
[chk] L1 e229 hit  rel 2.710e-02
[chk] L1 e86 hit  rel 2.078e-02
[chk] L1 e114 hit  rel 1.861e-02
[chk] L2 e20 hit  rel 2.119e-02
[chk] L2 e174 hit  rel 2.184e-02
[chk] L2 e74 hit  rel 2.267e-02
[chk] L2 e125 pcie rel 2.056e-02
[chk] L2 e141 hit  rel 2.261e-02
[chk] L3 e188 hit  rel 2.009e-02
[chk] L3 e108 hit  rel 2.043e-02
[chk] L3 e50 hit  rel 1.888e-02
[chk] L3 e148 pcie rel 2.054e-02
[chk] L3 e237 hit  rel 1.972e-02
[chk] L4 e249 hit  rel 1.829e-02
[chk] L4 e170 hit  rel 2.232e-02
[chk] L4 e97 hit  rel 1.959e-02
[chk] L4 e236 pcie rel 1.700e-02
[chk] L5 e149 hit  rel 1.840e-02
[chk] L5 e220 pcie rel 2.149e-02
[chk] L5 e42 hit  rel 1.953e-02
[chk] L5 e156 pcie rel 1.718e-02
[chk] L6 e121 pcie rel 2.378e-02
[chk] L6 e166 hit  rel 1.791e-02
[chk] L6 e138 hit  rel 2.286e-02
[chk] L6 e112 pcie rel 2.108e-02
[chk] L7 e160 hit  rel 1.978e-02
[chk] L7 e0 pcie rel 2.266e-02
[chk] L7 e11 pcie rel 1.829e-02
[chk] L7 e214 hit  rel 2.306e-02
[chk] L8 e24 pcie rel 2.014e-02
[chk] L8 e141 hit  rel 2.169e-02
[chk] L8 e106 hit  rel 2.207e-02
[chk] L8 e189 hit  rel 1.967e-02
[chk] L8 e239 hit  rel 2.039e-02
[chk] L8 e168 hit  rel 2.524e-02
[chk] L9 e149 hit  rel 2.018e-02
[chk] L9 e122 pcie rel 2.173e-02
[chk] L9 e240 pcie rel 1.988e-02
[chk] L10 e135 hit  rel 2.000e-02
[chk] L10 e30 hit  rel 1.876e-02
[chk] L10 e132 pcie rel 1.850e-02
[chk] L10 e146 pcie rel 1.970e-02
[chk] L11 e80 hit  rel 1.991e-02
[chk] L11 e221 pcie rel 2.206e-02
[chk] L11 e45 pcie rel 2.196e-02
[chk] L12 e229 hit  rel 2.919e-02
[chk] L12 e64 hit  rel 1.856e-02
[chk] L12 e90 pcie rel 2.386e-02
[chk] L12 e16 hit  rel 1.894e-02
[chk] L12 e39 hit  rel 2.273e-02
[chk] L13 e93 hit  rel 2.578e-02
[chk] L13 e102 pcie rel 2.029e-02
[chk] L13 e144 pcie rel 2.069e-02
[chk] L13 e217 hit  rel 1.903e-02
[chk] L14 e56 hit  rel 2.252e-02
[chk] L14 e187 hit  rel 1.793e-02
[chk] L14 e132 hit  rel 2.031e-02
[chk] L14 e21 hit  rel 2.469e-02
[chk] L14 e158 pcie rel 1.927e-02
[chk] L15 e87 hit  rel 1.892e-02
[chk] L15 e53 hit  rel 2.007e-02
[chk] L15 e37 pcie rel 1.813e-02
[chk] L15 e39 hit  rel 2.145e-02
[chk] L15 e43 hit  rel 1.931e-02
[chk] L16 e16 hit  rel 2.161e-02
[chk] L16 e51 hit  rel 1.959e-02
[chk] L16 e2 hit  rel 1.767e-02
[chk] L16 e109 hit  rel 2.079e-02
[chk] L16 e125 pcie rel 1.699e-02
[chk] L17 e26 hit  rel 2.032e-02
[chk] L17 e25 hit  rel 1.863e-02
[chk] L17 e105 hit  rel 1.956e-02
[chk] L17 e92 pcie rel 1.879e-02
[chk] L18 e234 hit  rel 1.928e-02
[chk] L18 e100 hit  rel 1.915e-02
[chk] L18 e19 pcie rel 2.076e-02
[chk] L18 e71 pcie rel 1.999e-02
[chk] L19 e31 hit  rel 2.214e-02
[chk] L19 e249 hit  rel 2.059e-02
[chk] L19 e223 pcie rel 1.960e-02
[chk] L19 e107 pcie rel 2.322e-02
[chk] L19 e60 hit  rel 2.038e-02
[chk] L20 e27 hit  rel 1.943e-02
[chk] L20 e145 pcie rel 1.937e-02
[chk] L20 e158 pcie rel 2.231e-02
[chk] L20 e169 hit  rel 1.853e-02
[chk] L21 e59 hit  rel 2.319e-02
[chk] L21 e15 pcie rel 1.918e-02
[chk] L21 e70 hit  rel 2.053e-02
[chk] L21 e65 hit  rel 1.929e-02
[chk] L22 e102 hit  rel 1.861e-02
[chk] L22 e167 pcie rel 2.021e-02
[chk] L22 e229 pcie rel 2.182e-02
[chk] L22 e87 pcie rel 2.023e-02
[chk] L23 e57 hit  rel 1.939e-02
[chk] L23 e134 hit  rel 1.911e-02
[chk] L23 e167 hit  rel 1.914e-02
[chk] L23 e208 pcie rel 1.756e-02
[chk] L23 e56 hit  rel 2.047e-02
[chk] L24 e176 hit  rel 1.945e-02
[chk] L24 e134 hit  rel 1.882e-02
[chk] L24 e36 hit  rel 2.280e-02
[chk] L24 e132 hit  rel 2.004e-02
[chk] L24 e84 hit  rel 1.817e-02
[chk] L24 e162 hit  rel 1.918e-02
[chk] L25 e43 hit  rel 1.994e-02
[chk] L25 e53 hit  rel 2.178e-02
[chk] L25 e18 pcie rel 2.188e-02
[chk] L25 e16 pcie rel 2.089e-02
[chk] L26 e88 hit  rel 1.936e-02
[chk] L26 e177 hit  rel 2.076e-02
[chk] L26 e202 hit  rel 2.135e-02
[chk] L26 e117 pcie rel 2.162e-02
[chk] L27 e76 hit  rel 2.069e-02
[chk] L27 e10 hit  rel 2.142e-02
[chk] L27 e242 hit  rel 2.238e-02
[chk] L27 e7 pcie rel 1.985e-02
[chk] L27 e26 pcie rel 2.501e-02
[chk] L28 e174 hit  rel 1.961e-02
[chk] L28 e209 hit  rel 1.915e-02
[chk] L28 e126 hit  rel 2.042e-02
[chk] L28 e243 hit  rel 2.008e-02
[chk] L28 e137 hit  rel 2.065e-02
[chk] L29 e105 hit  rel 2.016e-02
[chk] L29 e57 hit  rel 1.878e-02
[chk] L29 e196 pcie rel 2.106e-02
[chk] L29 e143 pcie rel 2.063e-02
[chk] L30 e155 hit  rel 1.769e-02
[chk] L30 e87 pcie rel 2.322e-02
[chk] L30 e62 hit  rel 2.363e-02
[chk] L30 e101 hit  rel 2.116e-02
[chk] L30 e238 hit  rel 1.974e-02
[chk] L31 e208 hit  rel 2.017e-02
[chk] L31 e99 hit  rel 2.027e-02
[chk] L31 e27 hit  rel 2.116e-02
[chk] L31 e73 pcie rel 1.865e-02
[chk] L31 e169 hit  rel 1.878e-02
[chk] L31 e76 hit  rel 2.242e-02
[chk] L32 e164 hit  rel 2.055e-02
[chk] L32 e121 pcie rel 2.129e-02
[chk] L32 e124 pcie rel 2.163e-02
[chk] L32 e140 hit  rel 2.316e-02
[chk] L33 e247 hit  rel 2.060e-02
[chk] L33 e147 hit  rel 1.905e-02
[chk] L33 e38 pcie rel 2.340e-02
[chk] L33 e45 pcie rel 2.152e-02
[chk] L34 e113 hit  rel 2.096e-02
[chk] L34 e59 pcie rel 1.980e-02
[chk] L34 e135 hit  rel 2.084e-02
[chk] L34 e85 hit  rel 2.068e-02
[chk] L34 e53 hit  rel 2.110e-02
[chk] L35 e247 hit  rel 2.191e-02
[chk] L35 e143 hit  rel 2.278e-02
[chk] L35 e147 pcie rel 2.216e-02
[chk] L35 e74 hit  rel 1.677e-02
[chk] L36 e20 hit  rel 2.272e-02
[chk] L36 e199 hit  rel 2.210e-02
[chk] L36 e5 hit  rel 2.266e-02
[chk] L36 e76 hit  rel 2.125e-02
[chk] L36 e123 pcie rel 2.224e-02
[chk] L37 e32 hit  rel 2.040e-02
[chk] L37 e100 hit  rel 2.118e-02
[chk] L37 e80 pcie rel 1.962e-02
[chk] L37 e209 hit  rel 2.116e-02
[chk] L38 e63 hit  rel 2.173e-02
[chk] L38 e162 hit  rel 2.110e-02
[chk] L38 e11 hit  rel 2.075e-02
[chk] L38 e139 pcie rel 2.172e-02
[chk] L39 e139 hit  rel 1.939e-02
[chk] L39 e70 hit  rel 2.170e-02
[chk] L39 e180 hit  rel 2.218e-02
[chk] L39 e229 pcie rel 2.326e-02
[chk] L39 e16 pcie rel 2.184e-02
[chk] L40 e109 hit  rel 2.037e-02
[chk] L40 e108 hit  rel 2.154e-02
[chk] L40 e189 pcie rel 2.230e-02
[chk] L40 e129 pcie rel 2.148e-02
[chk] L41 e190 hit  rel 2.199e-02
[chk] L41 e205 hit  rel 2.112e-02
[chk] L41 e140 pcie rel 1.905e-02
[chk] L41 e36 pcie rel 1.997e-02
[chk] L42 e190 pcie rel 2.351e-02
[chk] L42 e225 hit  rel 1.833e-02
[chk] L42 e50 hit  rel 2.182e-02
[chk] L42 e67 hit  rel 1.894e-02
[chk] L42 e133 hit  rel 2.200e-02
[chk] L0 e16 hit  rel 2.660e-02
[chk] L0 e19 pcie rel 2.425e-02
[chk] L0 e97 hit  rel 2.185e-02
[chk] L0 e139 pcie rel 2.718e-02
[chk] L1 e56 pcie rel 1.904e-02
[chk] L1 e5 pcie rel 2.401e-02
[chk] L1 e19 hit  rel 2.310e-02
[chk] L2 e167 pcie rel 2.957e-02
[chk] L2 e108 hit  rel 2.049e-02
[chk] L2 e162 hit  rel 2.118e-02
[chk] L2 e141 hit  rel 2.061e-02
[chk] L2 e199 pcie rel 1.939e-02
[chk] L3 e188 hit  rel 1.966e-02
[chk] L3 e233 pcie rel 1.952e-02
[chk] L3 e20 hit  rel 1.811e-02
[chk] L3 e45 pcie rel 2.286e-02
[chk] L4 e34 hit  rel 1.861e-02
[chk] L4 e170 hit  rel 1.792e-02
[chk] L4 e32 hit  rel 1.932e-02
[chk] L4 e26 pcie rel 2.480e-02
[chk] L4 e103 hit  rel 1.596e-02
[chk] L5 e42 hit  rel 1.927e-02
[chk] L5 e149 hit  rel 1.888e-02
[chk] L5 e112 hit  rel 2.038e-02
[chk] L5 e73 pcie rel 1.825e-02
[chk] L6 e233 hit  rel 2.076e-02
[chk] L6 e166 hit  rel 1.997e-02
[chk] L6 e38 hit  rel 2.071e-02
[chk] L6 e207 pcie rel 2.046e-02
[chk] L6 e58 pcie rel 1.979e-02
[chk] L7 e160 hit  rel 2.082e-02
[chk] L7 e177 pcie rel 2.024e-02
[chk] L7 e59 pcie rel 2.305e-02
[chk] L8 e106 hit  rel 2.162e-02
[chk] L8 e141 hit  rel 2.228e-02
[chk] L8 e189 hit  rel 1.850e-02
[chk] L8 e225 pcie rel 2.484e-02
[chk] L8 e115 pcie rel 2.030e-02
[chk] L9 e96 pcie rel 2.165e-02
[chk] L9 e32 hit  rel 2.173e-02
[chk] L9 e100 pcie rel 1.826e-02
[chk] L9 e149 hit  rel 2.066e-02
[chk] L10 e30 hit  rel 1.848e-02
[chk] L10 e108 pcie rel 2.001e-02
[chk] L10 e211 pcie rel 2.057e-02
[chk] L11 e80 hit  rel 1.921e-02
[chk] L11 e203 pcie rel 1.875e-02
[chk] L11 e148 pcie rel 1.971e-02
[chk] L11 e129 hit  rel 2.282e-02
[chk] L12 e229 hit  rel 2.973e-02
[chk] L12 e39 hit  rel 2.216e-02
[chk] L12 e16 hit  rel 2.051e-02
[chk] L12 e144 pcie rel 1.928e-02
[chk] L13 e93 hit  rel 2.390e-02
[chk] L13 e172 pcie rel 1.818e-02
[chk] L13 e122 hit  rel 2.074e-02
[chk] L13 e75 pcie rel 1.998e-02
[chk] L14 e56 hit  rel 2.249e-02
[chk] L14 e132 hit  rel 2.368e-02
[chk] L14 e187 hit  rel 2.053e-02
[chk] L14 e21 hit  rel 2.421e-02
[chk] L14 e114 pcie rel 1.834e-02
[chk] L15 e87 hit  rel 1.937e-02
[chk] L15 e220 hit  rel 1.821e-02
[chk] L15 e173 pcie rel 2.081e-02
[chk] L15 e53 hit  rel 2.006e-02
[chk] L15 e50 pcie rel 1.826e-02
[chk] L16 e51 hit  rel 2.035e-02
[chk] L16 e185 hit  rel 2.480e-02
[chk] L16 e16 hit  rel 2.051e-02
[chk] L16 e243 pcie rel 1.915e-02
[chk] L17 e26 hit  rel 1.788e-02
[chk] L17 e111 pcie rel 2.263e-02
[chk] L17 e235 hit  rel 2.211e-02
[chk] L18 e234 hit  rel 1.976e-02
[chk] L18 e100 hit  rel 1.896e-02
[chk] L18 e3 pcie rel 1.817e-02
[chk] L18 e71 pcie rel 1.937e-02
[chk] L19 e31 hit  rel 1.936e-02
[chk] L19 e71 pcie rel 1.940e-02
[chk] L19 e238 pcie rel 2.105e-02
[chk] L19 e249 hit  rel 2.190e-02
[chk] L19 e46 hit  rel 2.047e-02
[chk] L20 e27 hit  rel 1.949e-02
[chk] L20 e145 pcie rel 1.807e-02
[chk] L20 e88 pcie rel 2.023e-02
[chk] L21 e59 hit  rel 2.236e-02
[chk] L21 e70 hit  rel 1.906e-02
[chk] L21 e15 pcie rel 1.782e-02
[chk] L21 e174 pcie rel 1.925e-02
[chk] L21 e98 hit  rel 2.007e-02
[chk] L22 e102 hit  rel 2.128e-02
[chk] L22 e170 pcie rel 2.231e-02
[chk] L22 e189 hit  rel 2.171e-02
[chk] L22 e241 pcie rel 1.849e-02
[chk] L23 e134 hit  rel 1.878e-02
[chk] L23 e57 hit  rel 1.992e-02
[chk] L23 e194 pcie rel 1.995e-02
[chk] L23 e167 hit  rel 2.035e-02
[chk] L24 e176 hit  rel 1.790e-02
[chk] L24 e132 hit  rel 2.125e-02
[chk] L24 e84 hit  rel 1.919e-02
[chk] L24 e36 hit  rel 2.424e-02
[chk] L24 e134 hit  rel 2.056e-02
[chk] L24 e93 hit  rel 2.346e-02
[chk] L25 e16 pcie rel 2.034e-02
[chk] L25 e43 hit  rel 1.909e-02
[chk] L25 e18 pcie rel 2.247e-02
[chk] L25 e241 hit  rel 2.135e-02
[chk] L26 e88 hit  rel 1.985e-02
[chk] L26 e177 hit  rel 2.040e-02
[chk] L26 e23 pcie rel 1.945e-02
[chk] L26 e117 pcie rel 2.026e-02
[chk] L26 e6 hit  rel 2.060e-02
[chk] L27 e32 hit  rel 2.218e-02
[chk] L27 e76 hit  rel 1.990e-02
[chk] L27 e242 hit  rel 2.008e-02
[chk] L27 e158 pcie rel 2.130e-02
[chk] L28 e209 hit  rel 1.916e-02
[chk] L28 e174 hit  rel 1.951e-02
[chk] L28 e243 hit  rel 1.818e-02
[chk] L28 e126 hit  rel 2.052e-02
[chk] L28 e60 pcie rel 2.158e-02
[chk] L29 e105 hit  rel 2.117e-02
[chk] L29 e57 hit  rel 2.090e-02
[chk] L29 e143 pcie rel 2.180e-02
[chk] L29 e247 pcie rel 1.876e-02
[chk] L30 e87 pcie rel 2.270e-02
[chk] L30 e101 hit  rel 2.133e-02
[chk] L30 e155 hit  rel 1.706e-02
[chk] L30 e36 hit  rel 2.114e-02
[chk] L30 e238 hit  rel 2.193e-02
[chk] L31 e208 hit  rel 2.259e-02
[chk] L31 e27 hit  rel 1.988e-02
[chk] L31 e178 pcie rel 1.930e-02
[chk] L31 e169 hit  rel 1.940e-02
[chk] L31 e161 pcie rel 2.241e-02
[chk] L32 e164 hit  rel 2.046e-02
[chk] L32 e140 hit  rel 2.201e-02
[chk] L32 e194 pcie rel 2.159e-02
[chk] L32 e121 pcie rel 1.965e-02
[chk] L33 e247 hit  rel 2.079e-02
[chk] L33 e147 hit  rel 1.935e-02
[chk] L33 e28 pcie rel 2.147e-02
[chk] L33 e159 hit  rel 2.181e-02
[chk] L34 e113 hit  rel 2.028e-02
[chk] L34 e135 hit  rel 2.012e-02
[chk] L34 e53 hit  rel 2.178e-02
[chk] L34 e182 pcie rel 2.258e-02
[chk] L34 e85 hit  rel 2.253e-02
[chk] L35 e146 hit  rel 2.295e-02
[chk] L35 e187 pcie rel 1.976e-02
[chk] L35 e247 hit  rel 2.009e-02
[chk] L35 e110 pcie rel 2.068e-02
[chk] L36 e20 hit  rel 2.192e-02
[chk] L36 e199 hit  rel 2.056e-02
[chk] L36 e76 hit  rel 2.067e-02
[chk] L36 e254 pcie rel 1.968e-02
[chk] L36 e182 hit  rel 2.156e-02
[chk] L37 e32 hit  rel 1.968e-02
[chk] L37 e122 pcie rel 1.811e-02
[chk] L37 e170 pcie rel 2.033e-02
[chk] L37 e221 pcie rel 2.005e-02
[chk] L38 e63 hit  rel 2.172e-02
[chk] L38 e162 hit  rel 1.968e-02
[chk] L38 e22 pcie rel 2.047e-02
[chk] L38 e11 hit  rel 2.097e-02
[chk] L38 e33 hit  rel 2.077e-02
[chk] L39 e60 hit  rel 1.846e-02
[chk] L39 e139 hit  rel 2.165e-02
[chk] L39 e164 pcie rel 2.165e-02
[chk] L39 e85 hit  rel 2.156e-02
[chk] L40 e109 hit  rel 2.354e-02
[chk] L40 e108 hit  rel 2.018e-02
[chk] L40 e136 pcie rel 1.904e-02
[chk] L40 e189 pcie rel 2.056e-02
[chk] L40 e30 hit  rel 2.091e-02
[chk] L41 e190 hit  rel 2.233e-02
[chk] L41 e95 hit  rel 2.263e-02
[chk] L41 e241 hit  rel 2.265e-02
[chk] L41 e141 pcie rel 2.250e-02
[chk] L41 e66 hit  rel 2.492e-02
[chk] L42 e233 hit  rel 1.907e-02
[chk] L42 e50 hit  rel 1.800e-02
[chk] L42 e133 hit  rel 2.181e-02
[chk] L42 e152 pcie rel 2.043e-02
[chk] L0 e178 hit  rel 2.023e-02
[chk] L0 e195 pcie rel 2.424e-02
[chk] L0 e89 pcie rel 2.090e-02
[chk] L0 e88 pcie rel 2.106e-02
[chk] L1 e27 hit  rel 1.803e-02
[chk] L1 e1 pcie rel 1.800e-02
[chk] L1 e116 pcie rel 1.899e-02
[chk] L2 e226 pcie rel 1.989e-02
[chk] L2 e231 pcie rel 1.814e-02
[chk] L2 e197 pcie rel 1.695e-02
[chk] L3 e188 hit  rel 2.994e-02
[chk] L3 e237 hit  rel 1.960e-02
[chk] L3 e173 hit  rel 1.542e-02
[chk] L3 e11 pcie rel 1.929e-02
[chk] L3 e148 pcie rel 1.875e-02
[chk] L4 e32 hit  rel 2.341e-02
[chk] L4 e63 pcie rel 2.481e-02
[chk] L4 e139 hit  rel 2.926e-02
[chk] L4 e155 pcie rel 1.879e-02
[chk] L5 e42 hit  rel 2.490e-02
[chk] L5 e112 hit  rel 1.874e-02
[chk] L5 e148 pcie rel 1.814e-02
[chk] L5 e149 hit  rel 1.805e-02
[chk] L5 e79 hit  rel 1.936e-02
[chk] L6 e233 hit  rel 2.321e-02
[chk] L6 e224 hit  rel 2.980e-02
[chk] L6 e38 hit  rel 2.208e-02
[chk] L6 e50 hit  rel 2.094e-02
[chk] L6 e138 hit  rel 1.755e-02
[chk] L7 e160 hit  rel 2.932e-02
[chk] L7 e214 hit  rel 2.471e-02
[chk] L7 e170 hit  rel 2.824e-02
[chk] L7 e93 hit  rel 2.175e-02
[chk] L7 e71 pcie rel 2.210e-02
[chk] L8 e106 hit  rel 1.945e-02
[chk] L8 e235 pcie rel 1.957e-02
[chk] L8 e105 hit  rel 1.999e-02
[chk] L8 e239 hit  rel 2.070e-02
[chk] L8 e168 hit  rel 2.255e-02
[chk] L8 e219 hit  rel 1.945e-02
[chk] L9 e149 hit  rel 2.794e-02
[chk] L9 e32 hit  rel 2.008e-02
[chk] L9 e253 hit  rel 1.837e-02
[chk] L9 e100 pcie rel 2.365e-02
[chk] L10 e30 hit  rel 2.666e-02
[chk] L10 e15 hit  rel 2.109e-02
[chk] L10 e24 pcie rel 1.921e-02
[chk] L10 e216 pcie rel 1.795e-02
[chk] L11 e202 hit  rel 2.307e-02
[chk] L11 e20 pcie rel 1.778e-02
[chk] L11 e203 pcie rel 1.968e-02
[chk] L11 e185 hit  rel 2.135e-02
[chk] L12 e39 hit  rel 2.716e-02
[chk] L12 e127 hit  rel 2.465e-02
[chk] L12 e229 hit  rel 2.784e-02
[chk] L12 e108 hit  rel 1.849e-02
[chk] L12 e190 pcie rel 1.940e-02
[chk] L13 e95 hit  rel 2.005e-02
[chk] L13 e122 hit  rel 2.000e-02
[chk] L13 e111 pcie rel 2.202e-02
[chk] L13 e93 hit  rel 1.966e-02
[chk] L13 e217 hit  rel 1.833e-02
[chk] L14 e21 hit  rel 2.056e-02
[chk] L14 e187 hit  rel 2.136e-02
[chk] L14 e56 hit  rel 2.196e-02
[chk] L14 e132 hit  rel 2.498e-02
[chk] L14 e118 hit  rel 1.955e-02
[chk] L15 e87 hit  rel 1.956e-02
[chk] L15 e53 hit  rel 2.115e-02
[chk] L15 e43 hit  rel 1.938e-02
[chk] L15 e97 hit  rel 2.207e-02
[chk] L15 e39 hit  rel 2.071e-02
[chk] L15 e220 hit  rel 1.809e-02
[chk] L16 e14 hit  rel 1.747e-02
[chk] L16 e74 pcie rel 1.897e-02
[chk] L16 e109 hit  rel 2.027e-02
[chk] L17 e29 hit  rel 1.997e-02
[chk] L17 e46 pcie rel 1.967e-02
[chk] L17 e20 pcie rel 1.991e-02
[chk] L17 e153 pcie rel 2.241e-02
[chk] L18 e100 hit  rel 2.034e-02
[chk] L18 e234 hit  rel 2.329e-02
[chk] L18 e215 pcie rel 2.017e-02
[chk] L18 e194 pcie rel 2.095e-02
[chk] L19 e249 hit  rel 2.003e-02
[chk] L19 e254 hit  rel 2.460e-02
[chk] L19 e31 hit  rel 2.071e-02
[chk] L19 e44 hit  rel 1.999e-02
[chk] L19 e157 pcie rel 1.995e-02
[chk] L20 e27 hit  rel 1.999e-02
[chk] L20 e55 pcie rel 2.201e-02
[chk] L20 e3 hit  rel 2.209e-02
[chk] L20 e10 hit  rel 2.223e-02
[chk] L21 e59 hit  rel 2.351e-02
[chk] L21 e65 hit  rel 2.027e-02
[chk] L21 e70 hit  rel 1.891e-02
[chk] L21 e174 pcie rel 2.393e-02
[chk] L21 e6 pcie rel 2.201e-02
[chk] L22 e91 pcie rel 1.911e-02
[chk] L22 e22 pcie rel 2.214e-02
[chk] L22 e102 hit  rel 2.118e-02
[chk] L23 e134 hit  rel 2.082e-02
[chk] L23 e57 hit  rel 1.958e-02
[chk] L23 e172 pcie rel 2.452e-02
[chk] L23 e56 hit  rel 2.122e-02
[chk] L24 e176 hit  rel 2.104e-02
[chk] L24 e84 hit  rel 2.086e-02
[chk] L24 e134 hit  rel 2.069e-02
[chk] L24 e107 hit  rel 1.974e-02
[chk] L24 e132 hit  rel 1.876e-02
[chk] L24 e36 hit  rel 2.036e-02
[chk] L25 e16 pcie rel 2.042e-02
[chk] L25 e23 pcie rel 2.112e-02
[chk] L25 e103 hit  rel 2.163e-02
[chk] L25 e43 hit  rel 2.145e-02
[chk] L26 e88 hit  rel 2.063e-02
[chk] L26 e202 hit  rel 2.340e-02
[chk] L26 e131 pcie rel 2.081e-02
[chk] L26 e177 hit  rel 1.834e-02
[chk] L26 e77 pcie rel 2.022e-02
[chk] L27 e76 hit  rel 2.206e-02
[chk] L27 e10 hit  rel 2.246e-02
[chk] L27 e156 pcie rel 2.146e-02
[chk] L27 e242 hit  rel 2.196e-02
[chk] L28 e243 hit  rel 2.020e-02
[chk] L28 e126 hit  rel 2.049e-02
[chk] L28 e209 hit  rel 1.908e-02
[chk] L28 e96 pcie rel 2.090e-02
[chk] L28 e174 hit  rel 2.176e-02
[chk] L28 e137 hit  rel 2.157e-02
[chk] L29 e105 hit  rel 2.063e-02
[chk] L29 e247 pcie rel 2.070e-02
[chk] L29 e57 hit  rel 2.002e-02
[chk] L29 e7 pcie rel 2.285e-02
[chk] L30 e31 hit  rel 1.922e-02
[chk] L30 e101 hit  rel 2.190e-02
[chk] L30 e162 hit  rel 2.136e-02
[chk] L30 e238 hit  rel 2.373e-02
[chk] L30 e192 hit  rel 2.090e-02
[chk] L31 e208 hit  rel 2.042e-02
[chk] L31 e70 pcie rel 2.252e-02
[chk] L31 e27 hit  rel 2.135e-02
[chk] L31 e193 hit  rel 1.814e-02
[chk] L31 e114 hit  rel 2.023e-02
[chk] L31 e89 hit  rel 1.963e-02
[chk] L32 e164 hit  rel 2.105e-02
[chk] L32 e140 hit  rel 2.200e-02
[chk] L32 e121 pcie rel 2.060e-02
[chk] L33 e247 hit  rel 2.203e-02
[chk] L33 e166 pcie rel 2.251e-02
[chk] L33 e117 hit  rel 2.265e-02
[chk] L33 e28 pcie rel 2.272e-02
[chk] L34 e113 hit  rel 2.165e-02
[chk] L34 e135 hit  rel 2.344e-02
[chk] L34 e85 hit  rel 2.061e-02
[chk] L34 e176 hit  rel 2.127e-02
[chk] L34 e68 pcie rel 2.138e-02
[chk] L35 e247 hit  rel 2.166e-02
[chk] L35 e142 hit  rel 2.254e-02
[chk] L35 e0 hit  rel 2.141e-02
[chk] L35 e79 pcie rel 2.170e-02
[chk] L35 e190 pcie rel 2.000e-02
[chk] L36 e20 hit  rel 2.270e-02
[chk] L36 e199 hit  rel 2.204e-02
[chk] L36 e115 pcie rel 2.258e-02
[chk] L36 e5 hit  rel 2.264e-02
[chk] L36 e76 hit  rel 2.098e-02
[chk] L37 e100 hit  rel 2.174e-02
[chk] L37 e32 hit  rel 1.982e-02
[chk] L37 e1 pcie rel 2.016e-02
[chk] L38 e63 hit  rel 2.096e-02
[chk] L38 e11 hit  rel 2.019e-02
[chk] L38 e13 pcie rel 1.966e-02
[chk] L38 e41 hit  rel 2.009e-02
[chk] L39 e139 hit  rel 1.939e-02
[chk] L39 e95 hit  rel 2.348e-02
[chk] L39 e70 hit  rel 2.289e-02
[chk] L39 e225 pcie rel 2.123e-02
[chk] L39 e54 hit  rel 2.258e-02
[chk] L40 e108 hit  rel 2.150e-02
[chk] L40 e30 hit  rel 2.159e-02
[chk] L40 e136 pcie rel 2.024e-02
[chk] L40 e146 pcie rel 2.182e-02
[chk] L40 e22 hit  rel 1.911e-02
[chk] L41 e190 hit  rel 2.061e-02
[chk] L41 e97 pcie rel 2.157e-02
[chk] L41 e48 hit  rel 2.064e-02
[chk] L41 e59 pcie rel 2.299e-02
[chk] L42 e50 hit  rel 2.001e-02
[chk] L42 e123 pcie rel 2.002e-02
[chk] L42 e14 pcie rel 2.050e-02
[chk] L0 e21 pcie rel 2.231e-02
[chk] L0 e224 pcie rel 2.947e-02
[chk] L0 e255 pcie rel 2.696e-02
[chk] L1 e251 hit  rel 2.011e-02
[chk] L1 e140 pcie rel 1.891e-02
[chk] L1 e204 pcie rel 2.262e-02
[chk] L1 e106 pcie rel 2.509e-02
[chk] L2 e141 hit  rel 1.974e-02
[chk] L2 e77 pcie rel 1.902e-02
[chk] L2 e35 pcie rel 1.924e-02
[chk] L3 e187 pcie rel 2.161e-02
[chk] L3 e106 pcie rel 1.877e-02
[chk] L3 e173 hit  rel 1.557e-02
[chk] L3 e227 pcie rel 2.213e-02
[chk] L4 e190 pcie rel 1.946e-02
[chk] L4 e32 hit  rel 2.043e-02
[chk] L4 e210 pcie rel 2.172e-02
[chk] L5 e45 pcie rel 2.087e-02
[chk] L5 e149 hit  rel 2.085e-02
[chk] L5 e90 pcie rel 1.886e-02
[chk] L5 e42 hit  rel 2.250e-02
[chk] L6 e166 hit  rel 2.219e-02
[chk] L6 e224 hit  rel 2.403e-02
[chk] L6 e164 pcie rel 1.932e-02
[chk] L7 e28 pcie rel 2.341e-02
[chk] L7 e160 hit  rel 2.154e-02
[chk] L7 e170 hit  rel 2.127e-02
[chk] L7 e201 pcie rel 2.273e-02
[chk] L7 e214 hit  rel 2.061e-02
[chk] L8 e106 hit  rel 2.274e-02
[chk] L8 e2 pcie rel 2.169e-02
[chk] L8 e42 pcie rel 2.224e-02
[chk] L9 e50 pcie rel 2.012e-02
[chk] L9 e166 pcie rel 2.526e-02
[chk] L9 e14 pcie rel 1.933e-02
[chk] L10 e30 hit  rel 1.979e-02
[chk] L10 e51 pcie rel 1.874e-02
[chk] L10 e66 hit  rel 2.061e-02
[chk] L10 e138 pcie rel 1.982e-02
[chk] L11 e129 hit  rel 2.286e-02
[chk] L11 e23 pcie rel 2.051e-02
[chk] L11 e168 pcie rel 2.129e-02
[chk] L11 e221 pcie rel 2.009e-02
[chk] L12 e39 hit  rel 2.639e-02
[chk] L12 e16 hit  rel 2.126e-02
[chk] L12 e64 hit  rel 1.810e-02
[chk] L12 e209 pcie rel 2.123e-02
[chk] L13 e95 hit  rel 2.113e-02
[chk] L13 e238 pcie rel 1.987e-02
[chk] L13 e122 hit  rel 2.081e-02
[chk] L13 e244 pcie rel 1.693e-02
[chk] L14 e187 hit  rel 2.156e-02
[chk] L14 e21 hit  rel 1.842e-02
[chk] L14 e132 hit  rel 2.132e-02
[chk] L14 e56 hit  rel 2.280e-02
[chk] L14 e158 pcie rel 2.131e-02
[chk] L15 e87 hit  rel 1.841e-02
[chk] L15 e53 hit  rel 2.020e-02
[chk] L15 e142 pcie rel 1.788e-02
[chk] L15 e220 hit  rel 1.864e-02
[chk] L15 e39 hit  rel 2.122e-02
[chk] L16 e14 hit  rel 1.901e-02
[chk] L16 e87 pcie rel 2.157e-02
[chk] L16 e2 hit  rel 2.069e-02
[chk] L16 e174 pcie rel 2.144e-02
[chk] L17 e25 hit  rel 2.212e-02
[chk] L17 e105 hit  rel 2.157e-02
[chk] L17 e235 hit  rel 1.982e-02
[chk] L17 e42 pcie rel 2.102e-02
[chk] L18 e234 hit  rel 2.065e-02
[chk] L18 e131 pcie rel 2.095e-02
[chk] L18 e47 pcie rel 2.013e-02
[chk] L18 e6 pcie rel 2.055e-02
[chk] L19 e31 hit  rel 2.051e-02
[chk] L19 e249 hit  rel 1.992e-02
[chk] L19 e74 hit  rel 2.096e-02
[chk] L19 e56 pcie rel 2.153e-02
[chk] L20 e27 hit  rel 2.066e-02
[chk] L20 e55 pcie rel 1.971e-02
[chk] L20 e244 pcie rel 2.010e-02
[chk] L20 e169 hit  rel 1.993e-02
[chk] L21 e59 hit  rel 1.742e-02
[chk] L21 e65 hit  rel 2.020e-02
[chk] L21 e231 pcie rel 2.002e-02
[chk] L21 e70 hit  rel 2.036e-02
[chk] L21 e177 pcie rel 2.037e-02
[chk] L22 e87 pcie rel 1.917e-02
[chk] L22 e19 hit  rel 1.929e-02
[chk] L22 e96 pcie rel 2.151e-02
[chk] L23 e134 hit  rel 2.082e-02
[chk] L23 e57 hit  rel 2.051e-02
[chk] L23 e208 pcie rel 2.176e-02
[chk] L23 e132 hit  rel 2.006e-02
[chk] L23 e215 pcie rel 1.980e-02
[chk] L24 e176 hit  rel 1.905e-02
[chk] L24 e132 hit  rel 1.741e-02
[chk] L24 e134 hit  rel 1.860e-02
[chk] L24 e36 hit  rel 2.057e-02
[chk] L24 e162 hit  rel 2.156e-02
[chk] L25 e53 hit  rel 1.999e-02
[chk] L25 e83 pcie rel 1.858e-02
[chk] L25 e103 hit  rel 1.997e-02
[chk] L25 e195 pcie rel 2.092e-02
[chk] L26 e88 hit  rel 1.999e-02
[chk] L26 e202 hit  rel 2.395e-02
[chk] L26 e177 hit  rel 1.945e-02
[chk] L26 e46 pcie rel 2.059e-02
[chk] L26 e117 pcie rel 2.067e-02
[chk] L27 e76 hit  rel 2.006e-02
[chk] L27 e7 pcie rel 1.982e-02
[chk] L27 e53 pcie rel 2.177e-02
[chk] L28 e126 hit  rel 2.203e-02
[chk] L28 e209 hit  rel 2.000e-02
[chk] L28 e243 hit  rel 1.986e-02
[chk] L28 e174 hit  rel 1.906e-02
[chk] L28 e48 pcie rel 2.055e-02
[chk] L29 e105 hit  rel 2.218e-02
[chk] L29 e255 pcie rel 2.507e-02
[chk] L29 e247 pcie rel 2.193e-02
[chk] L29 e4 pcie rel 1.768e-02
[chk] L30 e238 hit  rel 2.527e-02
[chk] L30 e62 hit  rel 2.085e-02
[chk] L30 e87 pcie rel 2.084e-02
[chk] L30 e155 hit  rel 1.892e-02
[chk] L30 e31 hit  rel 1.968e-02
[chk] L31 e208 hit  rel 1.884e-02
[chk] L31 e27 hit  rel 2.103e-02
[chk] L31 e7 pcie rel 2.096e-02
[chk] L31 e178 pcie rel 2.052e-02
[chk] L32 e164 hit  rel 2.074e-02
[chk] L32 e140 hit  rel 2.170e-02
[chk] L32 e109 hit  rel 2.184e-02
[chk] L32 e121 pcie rel 2.080e-02
[chk] L33 e247 hit  rel 1.994e-02
[chk] L33 e185 pcie rel 2.028e-02
[chk] L33 e238 pcie rel 2.300e-02
[chk] L33 e38 pcie rel 2.225e-02
[chk] L34 e113 hit  rel 2.249e-02
[chk] L34 e135 hit  rel 2.000e-02
[chk] L34 e85 hit  rel 2.163e-02
[chk] L34 e69 pcie rel 2.149e-02
[chk] L34 e176 hit  rel 2.049e-02
[chk] L35 e247 hit  rel 2.069e-02
[chk] L35 e175 pcie rel 2.177e-02
[chk] L35 e119 pcie rel 2.060e-02
[chk] L36 e20 hit  rel 1.979e-02
[chk] L36 e199 hit  rel 1.978e-02
[chk] L36 e148 pcie rel 2.292e-02
[chk] L36 e5 hit  rel 2.063e-02
[chk] L37 e32 hit  rel 2.096e-02
[chk] L37 e100 hit  rel 2.056e-02
[chk] L37 e80 pcie rel 2.021e-02
[chk] L37 e254 pcie rel 2.311e-02
[chk] L38 e63 hit  rel 1.974e-02
[chk] L38 e61 hit  rel 2.032e-02
[chk] L38 e13 pcie rel 2.045e-02
[chk] L38 e11 hit  rel 2.071e-02
[chk] L38 e41 hit  rel 2.196e-02
[chk] L38 e210 hit  rel 2.173e-02
[chk] L39 e139 hit  rel 1.917e-02
[chk] L39 e70 hit  rel 2.417e-02
[chk] L39 e198 pcie rel 1.994e-02
[chk] L39 e85 hit  rel 1.672e-02
[chk] L39 e235 hit  rel 1.705e-02
[chk] L40 e108 hit  rel 1.971e-02
[chk] L40 e47 pcie rel 2.134e-02
[chk] L40 e136 pcie rel 2.097e-02
[chk] L40 e22 hit  rel 2.107e-02
[chk] L41 e190 hit  rel 2.058e-02
[chk] L41 e167 pcie rel 2.019e-02
[chk] L41 e75 pcie rel 2.086e-02
[chk] L41 e48 hit  rel 1.980e-02
[chk] L42 e50 hit  rel 1.861e-02
[chk] L42 e159 pcie rel 2.070e-02
[chk] L42 e243 hit  rel 2.090e-02
[chk] L42 e40 pcie rel 2.106e-02
[chk] L0 e107 hit  rel 2.953e-02
[chk] L0 e102 hit  rel 2.590e-02
[chk] L0 e62 hit  rel 2.570e-02
[chk] L0 e50 hit  rel 2.108e-02
[chk] L0 e77 pcie rel 2.667e-02
[chk] L1 e32 hit  rel 1.915e-02
[chk] L1 e251 hit  rel 1.958e-02
[chk] L1 e164 hit  rel 1.895e-02
[chk] L1 e2 hit  rel 2.182e-02
[chk] L1 e137 pcie rel 2.037e-02
[chk] L2 e89 pcie rel 2.216e-02
[chk] L2 e101 hit  rel 2.102e-02
[chk] L2 e185 pcie rel 2.510e-02
[chk] L3 e36 pcie rel 2.736e-02
[chk] L3 e103 pcie rel 2.379e-02
[chk] L3 e175 pcie rel 1.764e-02
[chk] L3 e20 hit  rel 1.743e-02
[chk] L4 e237 hit  rel 2.293e-02
[chk] L4 e170 hit  rel 1.937e-02
[chk] L4 e225 pcie rel 1.921e-02
[chk] L5 e179 pcie rel 2.345e-02
[chk] L5 e149 hit  rel 1.854e-02
[chk] L5 e254 pcie rel 2.042e-02
[chk] L5 e42 hit  rel 2.009e-02
[chk] L6 e166 hit  rel 2.170e-02
[chk] L6 e112 pcie rel 1.872e-02
[chk] L6 e233 hit  rel 2.191e-02
[chk] L6 e192 pcie rel 1.848e-02
[chk] L7 e28 pcie rel 2.569e-02
[chk] L7 e160 hit  rel 2.108e-02
[chk] L7 e214 hit  rel 2.200e-02
[chk] L7 e201 pcie rel 2.010e-02
[chk] L7 e2 hit  rel 2.154e-02
[chk] L8 e202 pcie rel 2.507e-02
[chk] L8 e141 hit  rel 2.096e-02
[chk] L8 e106 hit  rel 2.211e-02
[chk] L8 e170 pcie rel 2.134e-02
[chk] L9 e227 pcie rel 1.767e-02
[chk] L9 e187 pcie rel 1.909e-02
[chk] L9 e166 pcie rel 2.707e-02
[chk] L10 e30 hit  rel 2.125e-02
[chk] L10 e41 pcie rel 2.102e-02
[chk] L10 e147 pcie rel 1.931e-02
[chk] L11 e129 hit  rel 2.252e-02
[chk] L11 e138 pcie rel 2.233e-02
[chk] L11 e224 pcie rel 2.442e-02
[chk] L11 e225 pcie rel 2.338e-02
[chk] L12 e39 hit  rel 2.390e-02
[chk] L12 e21 pcie rel 2.062e-02
[chk] L12 e229 hit  rel 2.396e-02
[chk] L12 e127 hit  rel 2.113e-02
[chk] L13 e40 hit  rel 1.795e-02
[chk] L13 e122 hit  rel 2.221e-02
[chk] L13 e10 pcie rel 1.885e-02
[chk] L13 e167 pcie rel 1.787e-02
[chk] L14 e187 hit  rel 2.150e-02
[chk] L14 e21 hit  rel 1.897e-02
[chk] L14 e132 hit  rel 2.156e-02
[chk] L14 e23 pcie rel 2.190e-02
[chk] L14 e56 hit  rel 2.494e-02
[chk] L15 e87 hit  rel 1.987e-02
[chk] L15 e53 hit  rel 1.967e-02
[chk] L15 e39 hit  rel 2.058e-02
[chk] L15 e173 pcie rel 1.872e-02
[chk] L15 e139 hit  rel 2.087e-02
[chk] L16 e120 pcie rel 2.221e-02
[chk] L16 e87 pcie rel 2.343e-02
[chk] L16 e14 hit  rel 1.990e-02
[chk] L16 e2 hit  rel 2.026e-02
[chk] L17 e25 hit  rel 2.133e-02
[chk] L17 e105 hit  rel 1.984e-02
[chk] L17 e5 hit  rel 2.190e-02
[chk] L17 e96 pcie rel 2.035e-02
[chk] L18 e217 pcie rel 1.978e-02
[chk] L18 e234 hit  rel 1.938e-02
[chk] L18 e100 hit  rel 2.341e-02
[chk] L18 e82 pcie rel 1.894e-02
[chk] L18 e110 hit  rel 1.913e-02
[chk] L19 e31 hit  rel 2.101e-02
[chk] L19 e81 pcie rel 2.148e-02
[chk] L19 e211 pcie rel 2.107e-02
[chk] L20 e88 pcie rel 1.848e-02
[chk] L20 e27 hit  rel 2.052e-02
[chk] L20 e10 hit  rel 2.047e-02
[chk] L20 e55 pcie rel 2.131e-02
[chk] L20 e63 hit  rel 1.779e-02
[chk] L21 e59 hit  rel 2.023e-02
[chk] L21 e65 hit  rel 2.125e-02
[chk] L21 e70 hit  rel 1.984e-02
[chk] L21 e125 pcie rel 2.026e-02
[chk] L22 e33 pcie rel 2.106e-02
[chk] L22 e87 pcie rel 2.064e-02
[chk] L22 e51 pcie rel 2.365e-02
[chk] L22 e19 hit  rel 1.981e-02
[chk] L23 e134 hit  rel 2.101e-02
[chk] L23 e57 hit  rel 2.000e-02
[chk] L23 e215 pcie rel 2.102e-02
[chk] L23 e132 hit  rel 2.026e-02
[chk] L24 e176 hit  rel 1.950e-02
[chk] L24 e132 hit  rel 1.847e-02
[chk] L24 e36 hit  rel 2.220e-02
[chk] L24 e127 pcie rel 2.054e-02
[chk] L24 e134 hit  rel 1.762e-02
[chk] L24 e162 hit  rel 2.161e-02
[chk] L25 e53 hit  rel 1.995e-02
[chk] L25 e83 pcie rel 1.752e-02
[chk] L25 e103 hit  rel 1.989e-02
[chk] L25 e195 pcie rel 2.107e-02
[chk] L26 e88 hit  rel 2.170e-02
[chk] L26 e202 hit  rel 2.197e-02
[chk] L26 e177 hit  rel 1.944e-02
[chk] L26 e228 hit  rel 2.335e-02
[chk] L27 e76 hit  rel 2.027e-02
[chk] L27 e49 pcie rel 2.044e-02
[chk] L27 e242 hit  rel 2.166e-02
[chk] L27 e53 pcie rel 2.163e-02
[chk] L28 e209 hit  rel 2.034e-02
[chk] L28 e126 hit  rel 2.312e-02
[chk] L28 e243 hit  rel 2.165e-02
[chk] L28 e174 hit  rel 1.881e-02
[chk] L28 e48 pcie rel 2.096e-02
[chk] L29 e255 pcie rel 2.512e-02
[chk] L29 e4 pcie rel 1.908e-02
[chk] L29 e247 pcie rel 2.209e-02
[chk] L29 e105 hit  rel 2.086e-02
[chk] L30 e155 hit  rel 1.970e-02
[chk] L30 e238 hit  rel 2.702e-02
[chk] L30 e62 hit  rel 1.932e-02
[chk] L30 e87 pcie rel 2.067e-02
[chk] L30 e31 hit  rel 1.960e-02
[chk] L31 e208 hit  rel 2.155e-02
[chk] L31 e27 hit  rel 2.204e-02
[chk] L31 e7 pcie rel 1.960e-02
[chk] L31 e89 hit  rel 2.170e-02
[chk] L32 e164 hit  rel 1.995e-02
[chk] L32 e140 hit  rel 2.052e-02
[chk] L32 e180 pcie rel 2.190e-02
[chk] L32 e47 pcie rel 2.165e-02
[chk] L33 e247 hit  rel 2.026e-02
[chk] L33 e18 pcie rel 2.401e-02
[chk] L33 e38 pcie rel 2.127e-02
[chk] L33 e28 pcie rel 2.116e-02
[chk] L34 e113 hit  rel 2.175e-02
[chk] L34 e135 hit  rel 2.020e-02
[chk] L34 e85 hit  rel 2.059e-02
[chk] L34 e208 pcie rel 2.093e-02
[chk] L35 e247 hit  rel 2.119e-02
[chk] L35 e187 pcie rel 2.223e-02
[chk] L35 e38 pcie rel 2.011e-02
[chk] L35 e156 pcie rel 2.090e-02
[chk] L36 e20 hit  rel 1.993e-02
[chk] L36 e199 hit  rel 2.086e-02
[chk] L36 e5 hit  rel 2.072e-02
[chk] L36 e76 hit  rel 1.914e-02
[chk] L36 e148 pcie rel 2.165e-02
[chk] L37 e32 hit  rel 2.003e-02
[chk] L37 e80 pcie rel 2.057e-02
[chk] L37 e100 hit  rel 2.025e-02
[chk] L37 e254 pcie rel 2.157e-02
[chk] L38 e63 hit  rel 2.032e-02
[chk] L38 e11 hit  rel 1.983e-02
[chk] L38 e61 hit  rel 1.948e-02
[chk] L38 e139 pcie rel 2.135e-02
[chk] L38 e41 hit  rel 2.253e-02
[chk] L39 e139 hit  rel 2.027e-02
[chk] L39 e70 hit  rel 2.098e-02
[chk] L39 e85 hit  rel 1.703e-02
[chk] L39 e143 pcie rel 2.127e-02
[chk] L39 e54 hit  rel 2.496e-02
[chk] L40 e136 pcie rel 1.975e-02
[chk] L40 e30 hit  rel 2.048e-02
[chk] L40 e22 hit  rel 1.828e-02
[chk] L40 e108 hit  rel 2.079e-02
[chk] L41 e190 hit  rel 2.081e-02
[chk] L41 e167 pcie rel 2.085e-02
[chk] L41 e23 hit  rel 2.196e-02
[chk] L41 e181 pcie rel 2.012e-02
[chk] L42 e50 hit  rel 1.909e-02
[chk] L42 e152 pcie rel 2.049e-02
[chk] L42 e133 hit  rel 2.085e-02
[chk] L42 e243 hit  rel 2.339e-02
[chk] L42 e159 pcie rel 2.002e-02
[chk] L0 e182 hit  rel 2.886e-02
[chk] L0 e99 pcie rel 2.168e-02
[chk] L0 e252 pcie rel 1.992e-02
[chk] L1 e232 hit  rel 2.063e-02
[chk] L1 e25 hit  rel 1.873e-02
[chk] L1 e212 pcie rel 1.991e-02
[chk] L1 e104 pcie rel 1.743e-02
[chk] L2 e87 pcie rel 1.738e-02
[chk] L2 e23 pcie rel 1.911e-02
[chk] L2 e220 pcie rel 1.806e-02
[chk] L2 e65 hit  rel 1.919e-02
[chk] L3 e188 hit  rel 2.710e-02
[chk] L3 e237 hit  rel 2.073e-02
[chk] L3 e173 hit  rel 1.566e-02
[chk] L3 e218 pcie rel 2.588e-02
[chk] L4 e32 hit  rel 2.476e-02
[chk] L4 e50 pcie rel 2.315e-02
[chk] L4 e63 pcie rel 2.083e-02
[chk] L4 e210 pcie rel 1.711e-02
[chk] L5 e42 hit  rel 2.707e-02
[chk] L5 e79 hit  rel 2.015e-02
[chk] L5 e112 hit  rel 2.221e-02
[chk] L5 e126 pcie rel 2.157e-02
[chk] L6 e233 hit  rel 2.143e-02
[chk] L6 e254 hit  rel 2.364e-02
[chk] L6 e147 pcie rel 2.270e-02
[chk] L6 e224 hit  rel 2.350e-02
[chk] L6 e162 pcie rel 2.255e-02
[chk] L7 e160 hit  rel 2.714e-02
[chk] L7 e214 hit  rel 2.245e-02
[chk] L7 e170 hit  rel 2.269e-02
[chk] L7 e72 pcie rel 1.702e-02
[chk] L8 e106 hit  rel 2.553e-02
[chk] L8 e239 hit  rel 2.433e-02
[chk] L8 e105 hit  rel 2.333e-02
[chk] L8 e219 hit  rel 1.933e-02
[chk] L8 e194 hit  rel 2.341e-02
[chk] L8 e231 hit  rel 2.205e-02
[chk] L9 e149 hit  rel 2.675e-02
[chk] L9 e53 pcie rel 2.598e-02
[chk] L9 e90 pcie rel 1.983e-02
[chk] L9 e32 hit  rel 2.069e-02
[chk] L9 e226 hit  rel 1.836e-02
[chk] L10 e15 hit  rel 2.477e-02
[chk] L10 e30 hit  rel 2.176e-02
[chk] L10 e150 hit  rel 2.251e-02
[chk] L10 e19 hit  rel 2.366e-02
[chk] L10 e24 pcie rel 2.225e-02
[chk] L11 e202 hit  rel 2.374e-02
[chk] L11 e7 hit  rel 1.976e-02
[chk] L11 e191 pcie rel 1.999e-02
[chk] L11 e251 pcie rel 1.613e-02
[chk] L12 e39 hit  rel 2.674e-02
[chk] L12 e29 hit  rel 2.186e-02
[chk] L12 e127 hit  rel 2.148e-02
[chk] L12 e229 hit  rel 2.037e-02
[chk] L12 e90 pcie rel 2.020e-02
[chk] L13 e122 hit  rel 2.724e-02
[chk] L13 e157 hit  rel 1.999e-02
[chk] L13 e111 pcie rel 1.929e-02
[chk] L13 e95 hit  rel 1.950e-02
[chk] L14 e132 hit  rel 2.190e-02
[chk] L14 e187 hit  rel 2.165e-02
[chk] L14 e56 hit  rel 2.305e-02
[chk] L14 e6 pcie rel 1.974e-02
[chk] L14 e21 hit  rel 2.088e-02
[chk] L14 e118 hit  rel 2.048e-02
[chk] L15 e53 hit  rel 2.170e-02
[chk] L15 e39 hit  rel 2.317e-02
[chk] L15 e87 hit  rel 2.106e-02
[chk] L15 e139 hit  rel 2.128e-02
[chk] L15 e240 hit  rel 1.801e-02
[chk] L16 e14 hit  rel 1.768e-02
[chk] L16 e87 pcie rel 1.963e-02
[chk] L16 e173 pcie rel 1.849e-02
[chk] L16 e13 pcie rel 1.966e-02
[chk] L17 e25 hit  rel 1.966e-02
[chk] L17 e187 hit  rel 2.028e-02
[chk] L17 e5 hit  rel 2.098e-02
[chk] L17 e83 pcie rel 1.869e-02
[chk] L18 e100 hit  rel 2.347e-02
[chk] L18 e110 hit  rel 1.940e-02
[chk] L18 e234 hit  rel 1.829e-02
[chk] L18 e71 pcie rel 2.216e-02
[chk] L18 e215 pcie rel 1.948e-02
[chk] L19 e254 hit  rel 2.664e-02
[chk] L19 e133 pcie rel 1.893e-02
[chk] L19 e44 hit  rel 2.166e-02
[chk] L19 e249 hit  rel 2.016e-02
[chk] L19 e31 hit  rel 1.937e-02
[chk] L20 e27 hit  rel 2.029e-02
[chk] L20 e163 pcie rel 1.903e-02
[chk] L20 e10 hit  rel 2.044e-02
[chk] L21 e65 hit  rel 2.500e-02
[chk] L21 e59 hit  rel 2.175e-02
[chk] L21 e70 hit  rel 1.918e-02
[chk] L21 e18 pcie rel 2.041e-02
[chk] L21 e177 pcie rel 1.759e-02
[chk] L22 e19 hit  rel 1.914e-02
[chk] L22 e229 pcie rel 1.944e-02
[chk] L22 e236 pcie rel 1.991e-02
[chk] L23 e134 hit  rel 1.823e-02
[chk] L23 e57 hit  rel 1.869e-02
[chk] L23 e208 pcie rel 2.127e-02
[chk] L23 e32 pcie rel 2.097e-02
[chk] L24 e176 hit  rel 1.840e-02
[chk] L24 e132 hit  rel 1.968e-02
[chk] L24 e36 hit  rel 2.066e-02
[chk] L24 e162 hit  rel 1.990e-02
[chk] L24 e7 pcie rel 2.036e-02
[chk] L25 e53 hit  rel 2.188e-02
[chk] L25 e43 hit  rel 2.161e-02
[chk] L25 e229 pcie rel 2.082e-02
[chk] L25 e103 hit  rel 2.076e-02
[chk] L25 e195 pcie rel 1.875e-02
[chk] L26 e88 hit  rel 1.866e-02
[chk] L26 e202 hit  rel 2.239e-02
[chk] L26 e177 hit  rel 2.071e-02
[chk] L26 e162 hit  rel 1.937e-02
[chk] L26 e233 pcie rel 1.998e-02
[chk] L27 e76 hit  rel 2.134e-02
[chk] L27 e202 pcie rel 2.118e-02
[chk] L27 e156 pcie rel 1.897e-02
[chk] L28 e126 hit  rel 2.328e-02
[chk] L28 e209 hit  rel 2.132e-02
[chk] L28 e243 hit  rel 2.070e-02
[chk] L28 e174 hit  rel 1.916e-02
[chk] L28 e96 pcie rel 2.195e-02
[chk] L29 e251 hit  rel 1.928e-02
[chk] L29 e105 hit  rel 2.115e-02
[chk] L29 e143 pcie rel 2.250e-02
[chk] L29 e57 hit  rel 1.834e-02
[chk] L30 e62 hit  rel 2.334e-02
[chk] L30 e87 pcie rel 2.278e-02
[chk] L30 e238 hit  rel 2.443e-02
[chk] L30 e162 hit  rel 2.165e-02
[chk] L30 e101 hit  rel 2.131e-02
[chk] L31 e208 hit  rel 1.995e-02
[chk] L31 e27 hit  rel 2.159e-02
[chk] L31 e114 hit  rel 1.999e-02
[chk] L31 e89 hit  rel 1.944e-02
[chk] L31 e223 hit  rel 2.256e-02
[chk] L31 e153 hit  rel 2.142e-02
[chk] L32 e164 hit  rel 2.167e-02
[chk] L32 e140 hit  rel 2.020e-02
[chk] L32 e121 pcie rel 1.889e-02
[chk] L32 e104 pcie rel 2.031e-02
[chk] L33 e247 hit  rel 2.259e-02
[chk] L33 e117 hit  rel 2.005e-02
[chk] L33 e28 pcie rel 2.018e-02
[chk] L33 e132 hit  rel 1.944e-02
[chk] L34 e113 hit  rel 2.205e-02
[chk] L34 e135 hit  rel 1.968e-02
[chk] L34 e176 hit  rel 2.403e-02
[chk] L34 e85 hit  rel 2.177e-02
[chk] L34 e220 pcie rel 2.210e-02
[chk] L35 e247 hit  rel 2.039e-02
[chk] L35 e142 hit  rel 2.250e-02
[chk] L35 e0 hit  rel 2.129e-02
[chk] L35 e206 pcie rel 2.173e-02
[chk] L36 e20 hit  rel 2.226e-02
[chk] L36 e76 hit  rel 2.210e-02
[chk] L36 e5 hit  rel 2.213e-02
[chk] L36 e199 hit  rel 2.168e-02
[chk] L36 e122 pcie rel 2.149e-02
[chk] L37 e147 pcie rel 1.949e-02
[chk] L37 e32 hit  rel 2.149e-02
[chk] L37 e123 pcie rel 2.135e-02
[chk] L37 e100 hit  rel 2.146e-02
[chk] L38 e63 hit  rel 2.178e-02
[chk] L38 e11 hit  rel 2.146e-02
[chk] L39 e139 hit  rel 1.997e-02
[chk] L39 e170 hit  rel 2.268e-02
[chk] L39 e70 hit  rel 2.410e-02
[chk] L39 e225 pcie rel 2.074e-02
[chk] L39 e95 hit  rel 2.523e-02
[chk] L40 e47 pcie rel 2.287e-02
[chk] L40 e22 hit  rel 2.007e-02
[chk] L40 e108 hit  rel 1.962e-02
[chk] L40 e207 pcie rel 2.200e-02
[chk] L40 e30 hit  rel 2.061e-02
[chk] L41 e190 hit  rel 2.121e-02
[chk] L41 e134 pcie rel 2.140e-02
[chk] L41 e236 hit  rel 2.101e-02
[chk] L41 e48 hit  rel 2.046e-02
[chk] L42 e159 pcie rel 2.027e-02
[chk] L42 e240 pcie rel 2.479e-02
[chk] L42 e50 hit  rel 2.093e-02
[chk] L42 e15 hit  rel 2.049e-02
[chk] L0 e13 pcie rel 2.458e-02
[chk] L0 e253 pcie rel 2.680e-02
[chk] L0 e63 hit  rel 2.494e-02
[chk] L0 e121 pcie rel 2.081e-02
[chk] L1 e212 pcie rel 1.798e-02
[chk] L1 e100 pcie rel 2.187e-02
[chk] L1 e213 pcie rel 2.758e-02
[chk] L2 e242 pcie rel 2.093e-02
[chk] L2 e12 pcie rel 2.585e-02
[chk] L2 e141 hit  rel 2.418e-02
[chk] L3 e240 hit  rel 2.031e-02
[chk] L3 e233 pcie rel 1.923e-02
[chk] L3 e68 pcie rel 2.272e-02
[chk] L3 e188 hit  rel 1.988e-02
[chk] L4 e97 hit  rel 2.232e-02
[chk] L4 e183 hit  rel 2.569e-02
[chk] L4 e170 hit  rel 2.308e-02
[chk] L4 e153 pcie rel 2.347e-02
[chk] L4 e26 pcie rel 2.167e-02
[chk] L5 e42 hit  rel 2.029e-02
[chk] L5 e110 hit  rel 2.337e-02
[chk] L5 e79 hit  rel 2.068e-02
[chk] L5 e1 pcie rel 2.241e-02
[chk] L6 e166 hit  rel 2.254e-02
[chk] L6 e233 hit  rel 2.043e-02
[chk] L6 e61 hit  rel 2.021e-02
[chk] L6 e16 hit  rel 2.126e-02
[chk] L6 e203 hit  rel 2.200e-02
[chk] L6 e38 hit  rel 2.167e-02
[chk] L7 e214 hit  rel 2.081e-02
[chk] L7 e122 hit  rel 2.220e-02
[chk] L7 e160 hit  rel 2.252e-02
[chk] L7 e53 hit  rel 2.127e-02
[chk] L7 e0 pcie rel 1.882e-02
[chk] L8 e141 hit  rel 1.895e-02
[chk] L8 e113 pcie rel 2.527e-02
[chk] L8 e219 hit  rel 2.158e-02
[chk] L8 e200 hit  rel 1.903e-02
[chk] L8 e67 pcie rel 1.951e-02
[chk] L9 e87 hit  rel 2.659e-02
[chk] L9 e242 pcie rel 1.762e-02
[chk] L9 e27 pcie rel 2.202e-02
[chk] L9 e222 hit  rel 2.437e-02
[chk] L10 e66 hit  rel 2.250e-02
[chk] L10 e30 hit  rel 2.006e-02
[chk] L10 e73 pcie rel 1.946e-02
[chk] L10 e68 pcie rel 1.937e-02
[chk] L11 e129 hit  rel 2.199e-02
[chk] L11 e101 pcie rel 2.050e-02
[chk] L11 e159 pcie rel 2.381e-02
[chk] L12 e127 hit  rel 2.448e-02
[chk] L12 e39 hit  rel 2.375e-02
[chk] L12 e19 hit  rel 1.818e-02
[chk] L12 e64 hit  rel 2.198e-02
[chk] L12 e194 pcie rel 1.882e-02
[chk] L13 e122 hit  rel 1.863e-02
[chk] L13 e144 pcie rel 1.833e-02
[chk] L13 e40 hit  rel 1.908e-02
[chk] L13 e111 pcie rel 2.228e-02
[chk] L14 e118 hit  rel 1.692e-02
[chk] L14 e242 hit  rel 1.902e-02
[chk] L14 e178 pcie rel 1.991e-02
[chk] L14 e21 hit  rel 2.244e-02
[chk] L15 e207 hit  rel 1.815e-02
[chk] L15 e53 hit  rel 1.916e-02
[chk] L15 e9 hit  rel 2.266e-02
[chk] L15 e39 hit  rel 1.996e-02
[chk] L15 e104 pcie rel 2.334e-02
[chk] L15 e188 hit  rel 2.160e-02
[chk] L16 e189 hit  rel 1.879e-02
[chk] L16 e2 hit  rel 1.985e-02
[chk] L16 e84 pcie rel 1.946e-02
[chk] L16 e12 hit  rel 2.178e-02
[chk] L17 e61 hit  rel 2.251e-02
[chk] L17 e5 hit  rel 1.846e-02
[chk] L17 e66 pcie rel 1.923e-02
[chk] L17 e251 pcie rel 1.641e-02
[chk] L18 e2 pcie rel 1.834e-02
[chk] L18 e143 pcie rel 1.720e-02
[chk] L18 e5 hit  rel 1.961e-02
[chk] L19 e60 hit  rel 1.941e-02
[chk] L19 e10 pcie rel 2.522e-02
[chk] L19 e99 pcie rel 2.298e-02
[chk] L19 e193 pcie rel 1.786e-02
[chk] L20 e149 hit  rel 1.889e-02
[chk] L20 e71 pcie rel 2.388e-02
[chk] L20 e249 pcie rel 2.256e-02
[chk] L21 e49 hit  rel 2.183e-02
[chk] L21 e111 pcie rel 2.021e-02
[chk] L21 e129 hit  rel 2.715e-02
[chk] L21 e106 pcie rel 2.123e-02
[chk] L22 e117 pcie rel 1.766e-02
[chk] L22 e219 hit  rel 2.388e-02
[chk] L22 e220 hit  rel 1.994e-02
[chk] L22 e157 hit  rel 1.952e-02
[chk] L23 e165 hit  rel 2.333e-02
[chk] L23 e119 hit  rel 2.122e-02
[chk] L23 e193 hit  rel 2.197e-02
[chk] L23 e242 pcie rel 2.509e-02
[chk] L24 e186 hit  rel 2.136e-02
[chk] L24 e162 hit  rel 1.869e-02
[chk] L24 e112 hit  rel 1.923e-02
[chk] L24 e196 pcie rel 2.182e-02
[chk] L24 e36 hit  rel 1.913e-02
[chk] L25 e53 hit  rel 2.073e-02
[chk] L25 e176 hit  rel 2.220e-02
[chk] L25 e111 pcie rel 2.033e-02
[chk] L25 e71 hit  rel 1.500e-02
[chk] L25 e189 hit  rel 1.867e-02
[chk] L25 e108 hit  rel 1.543e-02
[chk] L26 e209 hit  rel 2.073e-02
[chk] L26 e127 hit  rel 1.920e-02
[chk] L26 e11 pcie rel 2.164e-02
[chk] L26 e167 hit  rel 2.198e-02
[chk] L27 e39 hit  rel 2.203e-02
[chk] L27 e140 hit  rel 2.124e-02
[chk] L27 e203 hit  rel 2.136e-02
[chk] L27 e149 pcie rel 2.144e-02
[chk] L27 e51 pcie rel 2.122e-02
[chk] L28 e137 hit  rel 2.079e-02
[chk] L28 e1 hit  rel 2.164e-02
[chk] L28 e85 hit  rel 2.282e-02
[chk] L28 e177 pcie rel 2.036e-02
[chk] L29 e240 hit  rel 1.564e-02
[chk] L29 e43 pcie rel 2.257e-02
[chk] L29 e156 pcie rel 1.909e-02
[chk] L29 e192 pcie rel 2.373e-02
[chk] L30 e82 hit  rel 2.346e-02
[chk] L30 e164 hit  rel 2.065e-02
[chk] L30 e229 pcie rel 2.329e-02
[chk] L30 e91 hit  rel 1.912e-02
[chk] L31 e143 hit  rel 2.270e-02
[chk] L31 e113 hit  rel 1.999e-02
[chk] L31 e65 hit  rel 2.278e-02
[chk] L31 e189 hit  rel 2.177e-02
[chk] L31 e204 pcie rel 1.740e-02
[chk] L32 e1 hit  rel 1.771e-02
[chk] L32 e164 hit  rel 2.031e-02
[chk] L32 e214 pcie rel 2.119e-02
[chk] L32 e15 pcie rel 2.309e-02
[chk] L33 e212 hit  rel 2.113e-02
[chk] L33 e112 pcie rel 1.923e-02
[chk] L33 e58 pcie rel 2.448e-02
[chk] L33 e40 pcie rel 2.146e-02
[chk] L34 e113 hit  rel 2.109e-02
[chk] L34 e158 hit  rel 2.349e-02
[chk] L34 e53 hit  rel 2.012e-02
[chk] L34 e6 hit  rel 2.038e-02
[chk] L34 e240 hit  rel 2.099e-02
[chk] L35 e164 pcie rel 2.048e-02
[chk] L35 e161 pcie rel 2.411e-02
[chk] L35 e74 hit  rel 1.935e-02
[chk] L35 e84 hit  rel 2.173e-02
[chk] L36 e20 hit  rel 2.236e-02
[chk] L36 e127 hit  rel 1.956e-02
[chk] L36 e5 hit  rel 2.084e-02
[chk] L36 e199 hit  rel 1.966e-02
[chk] L36 e76 hit  rel 1.950e-02
[chk] L36 e159 hit  rel 2.109e-02
[chk] L37 e76 hit  rel 2.384e-02
[chk] L37 e69 hit  rel 2.141e-02
[chk] L37 e106 pcie rel 2.143e-02
[chk] L37 e32 hit  rel 2.190e-02
[chk] L38 e63 hit  rel 1.972e-02
[chk] L38 e47 hit  rel 1.412e-02
[chk] L38 e10 hit  rel 1.910e-02
[chk] L38 e11 hit  rel 2.041e-02
[chk] L38 e105 hit  rel 1.366e-02
[chk] L38 e133 hit  rel 1.635e-02
[chk] L39 e221 hit  rel 2.283e-02
[chk] L39 e182 hit  rel 1.722e-02
[chk] L39 e180 hit  rel 1.743e-02
[chk] L39 e139 hit  rel 2.024e-02
[chk] L39 e50 pcie rel 2.166e-02
[chk] L39 e235 hit  rel 1.803e-02
[chk] L40 e22 hit  rel 1.696e-02
[chk] L40 e108 hit  rel 2.102e-02
[chk] L40 e122 pcie rel 2.096e-02
[chk] L40 e145 hit  rel 1.511e-02
[chk] L41 e198 pcie rel 2.365e-02
[chk] L41 e238 hit  rel 2.087e-02
[chk] L41 e23 hit  rel 2.096e-02
[chk] L41 e190 hit  rel 2.011e-02
[chk] L42 e225 hit  rel 2.315e-02
[chk] L42 e85 hit  rel 2.249e-02
[chk] L42 e41 pcie rel 1.801e-02
[chk] L42 e174 pcie rel 2.424e-02
[chk] L0 e184 pcie rel 2.160e-02
[chk] L0 e204 pcie rel 2.205e-02
[chk] L0 e97 hit  rel 1.917e-02
[chk] L0 e156 pcie rel 2.038e-02
[chk] L1 e136 pcie rel 1.769e-02
[chk] L1 e46 pcie rel 1.794e-02
[chk] L1 e72 pcie rel 1.927e-02
[chk] L2 e68 pcie rel 1.863e-02
[chk] L2 e38 pcie rel 1.975e-02
[chk] L2 e159 pcie rel 1.936e-02
[chk] L3 e64 hit  rel 2.079e-02
[chk] L3 e237 hit  rel 2.218e-02
[chk] L3 e253 pcie rel 2.051e-02
[chk] L3 e71 hit  rel 2.052e-02
[chk] L4 e97 hit  rel 2.301e-02
[chk] L4 e63 pcie rel 1.925e-02
[chk] L4 e183 hit  rel 2.157e-02
[chk] L4 e28 hit  rel 2.357e-02
[chk] L4 e58 pcie rel 2.923e-02
[chk] L5 e42 hit  rel 1.968e-02
[chk] L5 e79 hit  rel 2.286e-02
[chk] L5 e240 hit  rel 2.466e-02
[chk] L5 e112 hit  rel 1.981e-02
[chk] L5 e10 hit  rel 1.876e-02
[chk] L6 e233 hit  rel 2.523e-02
[chk] L6 e203 hit  rel 2.059e-02
[chk] L6 e142 hit  rel 2.494e-02
[chk] L6 e38 hit  rel 2.619e-02
[chk] L6 e57 pcie rel 2.272e-02
[chk] L7 e214 hit  rel 2.294e-02
[chk] L7 e160 hit  rel 2.244e-02
[chk] L7 e93 hit  rel 2.447e-02
[chk] L7 e122 hit  rel 1.925e-02
[chk] L7 e197 pcie rel 2.719e-02
[chk] L8 e192 hit  rel 2.328e-02
[chk] L8 e106 hit  rel 1.989e-02
[chk] L8 e239 hit  rel 2.020e-02
[chk] L8 e219 hit  rel 2.299e-02
[chk] L8 e105 hit  rel 2.077e-02
[chk] L8 e242 hit  rel 2.377e-02
[chk] L9 e28 hit  rel 1.956e-02
[chk] L9 e230 hit  rel 1.914e-02
[chk] L9 e32 hit  rel 2.313e-02
[chk] L9 e35 hit  rel 2.015e-02
[chk] L9 e221 hit  rel 2.045e-02
[chk] L9 e149 hit  rel 1.946e-02
[chk] L10 e161 hit  rel 2.182e-02
[chk] L10 e102 hit  rel 2.216e-02
[chk] L10 e11 hit  rel 1.917e-02
[chk] L10 e15 hit  rel 1.985e-02
[chk] L10 e66 hit  rel 2.104e-02
[chk] L10 e216 pcie rel 1.885e-02
[chk] L11 e35 pcie rel 1.853e-02
[chk] L11 e122 hit  rel 2.427e-02
[chk] L11 e47 hit  rel 2.467e-02
[chk] L11 e226 hit  rel 1.823e-02
[chk] L12 e17 hit  rel 2.387e-02
[chk] L12 e127 hit  rel 2.373e-02
[chk] L12 e185 pcie rel 1.815e-02
[chk] L12 e241 hit  rel 2.014e-02
[chk] L12 e19 hit  rel 2.142e-02
[chk] L12 e39 hit  rel 2.341e-02
[chk] L13 e98 hit  rel 2.223e-02
[chk] L13 e191 hit  rel 2.391e-02
[chk] L13 e198 hit  rel 1.850e-02
[chk] L13 e252 hit  rel 1.816e-02
[chk] L13 e122 hit  rel 2.078e-02
[chk] L14 e242 hit  rel 1.923e-02
[chk] L14 e226 pcie rel 2.144e-02
[chk] L14 e169 hit  rel 2.110e-02
[chk] L14 e99 hit  rel 2.100e-02
[chk] L14 e197 hit  rel 2.210e-02
[chk] L14 e21 hit  rel 2.096e-02
[chk] L15 e53 hit  rel 2.104e-02
[chk] L15 e207 hit  rel 2.058e-02
[chk] L15 e46 hit  rel 1.840e-02
[chk] L15 e71 hit  rel 2.052e-02
[chk] L15 e39 hit  rel 2.027e-02
[chk] L15 e188 hit  rel 1.897e-02
[chk] L16 e82 hit  rel 1.856e-02
[chk] L16 e12 hit  rel 2.103e-02
[chk] L16 e209 hit  rel 1.951e-02
[chk] L16 e31 hit  rel 1.995e-02
[chk] L16 e32 hit  rel 2.011e-02
[chk] L17 e172 hit  rel 2.314e-02
[chk] L17 e3 pcie rel 1.850e-02
[chk] L17 e5 hit  rel 1.841e-02
[chk] L17 e201 hit  rel 1.982e-02
[chk] L17 e61 hit  rel 1.873e-02
[chk] L17 e195 hit  rel 2.223e-02
[chk] L18 e5 hit  rel 1.936e-02
[chk] L18 e37 pcie rel 1.887e-02
[chk] L18 e71 pcie rel 1.948e-02
[chk] L19 e84 hit  rel 2.634e-02
[chk] L19 e27 hit  rel 2.078e-02
[chk] L19 e254 hit  rel 2.357e-02
[chk] L19 e246 hit  rel 1.889e-02
[chk] L19 e60 hit  rel 2.052e-02
[chk] L19 e46 hit  rel 1.999e-02
[chk] L20 e203 hit  rel 2.178e-02
[chk] L20 e83 hit  rel 2.237e-02
[chk] L20 e3 hit  rel 2.124e-02
[chk] L20 e149 hit  rel 2.009e-02
[chk] L20 e23 pcie rel 1.953e-02
[chk] L20 e191 hit  rel 1.940e-02
[chk] L21 e216 pcie rel 1.945e-02
[chk] L21 e49 hit  rel 2.079e-02
[chk] L21 e59 hit  rel 2.141e-02
[chk] L21 e250 hit  rel 2.158e-02
[chk] L21 e142 hit  rel 2.025e-02
[chk] L22 e223 hit  rel 2.200e-02
[chk] L22 e64 hit  rel 2.044e-02
[chk] L22 e210 hit  rel 2.117e-02
[chk] L22 e50 pcie rel 1.901e-02
[chk] L23 e151 hit  rel 2.436e-02
[chk] L23 e134 hit  rel 2.040e-02
[chk] L23 e152 hit  rel 2.296e-02
[chk] L23 e108 pcie rel 1.998e-02
[chk] L23 e57 hit  rel 2.126e-02
[chk] L24 e36 hit  rel 2.282e-02
[chk] L24 e186 hit  rel 1.976e-02
[chk] L24 e162 hit  rel 2.153e-02
[chk] L24 e216 pcie rel 1.938e-02
[chk] L24 e139 pcie rel 2.283e-02
[chk] L25 e176 hit  rel 2.061e-02
[chk] L25 e139 pcie rel 2.075e-02
[chk] L25 e53 hit  rel 2.287e-02
[chk] L25 e43 hit  rel 2.168e-02
[chk] L26 e29 hit  rel 2.008e-02
[chk] L26 e162 hit  rel 2.149e-02
[chk] L26 e202 hit  rel 2.261e-02
[chk] L26 e88 hit  rel 2.139e-02
[chk] L26 e177 hit  rel 2.042e-02
[chk] L26 e46 pcie rel 2.208e-02
[chk] L27 e67 hit  rel 1.987e-02
[chk] L27 e76 hit  rel 2.140e-02
[chk] L27 e85 hit  rel 1.956e-02
[chk] L27 e206 pcie rel 1.903e-02
[chk] L28 e243 hit  rel 2.096e-02
[chk] L28 e18 hit  rel 2.211e-02
[chk] L28 e137 hit  rel 2.134e-02
[chk] L28 e126 hit  rel 2.524e-02
[chk] L28 e209 hit  rel 2.113e-02
[chk] L28 e32 pcie rel 2.077e-02
[chk] L29 e231 hit  rel 2.081e-02
[chk] L29 e251 hit  rel 2.349e-02
[chk] L29 e184 hit  rel 2.026e-02
[chk] L29 e70 hit  rel 2.134e-02
[chk] L29 e238 pcie rel 1.942e-02
[chk] L30 e31 hit  rel 2.275e-02
[chk] L30 e101 hit  rel 2.386e-02
[chk] L30 e238 hit  rel 2.181e-02
[chk] L30 e62 hit  rel 2.174e-02
[chk] L30 e111 hit  rel 2.185e-02
[chk] L31 e27 hit  rel 2.122e-02
[chk] L31 e17 hit  rel 2.190e-02
[chk] L31 e96 pcie rel 2.207e-02
[chk] L31 e103 hit  rel 2.045e-02
[chk] L31 e42 pcie rel 2.239e-02
[chk] L32 e164 hit  rel 1.938e-02
[chk] L32 e140 hit  rel 1.945e-02
[chk] L32 e66 pcie rel 2.122e-02
[chk] L33 e212 hit  rel 2.186e-02
[chk] L33 e182 hit  rel 1.899e-02
[chk] L33 e167 hit  rel 2.157e-02
[chk] L33 e247 hit  rel 2.050e-02
[chk] L33 e58 pcie rel 2.617e-02
[chk] L34 e113 hit  rel 2.199e-02
[chk] L34 e172 hit  rel 1.990e-02
[chk] L34 e158 hit  rel 2.053e-02
[chk] L34 e253 hit  rel 1.958e-02
[chk] L34 e27 pcie rel 2.107e-02
[chk] L35 e239 hit  rel 2.057e-02
[chk] L35 e142 hit  rel 2.129e-02
[chk] L35 e143 hit  rel 2.082e-02
[chk] L35 e206 pcie rel 2.071e-02
[chk] L35 e82 hit  rel 2.299e-02
[chk] L35 e87 hit  rel 1.990e-02
[chk] L36 e41 hit  rel 2.038e-02
[chk] L36 e130 hit  rel 1.949e-02
[chk] L36 e20 hit  rel 2.449e-02
[chk] L36 e5 hit  rel 2.171e-02
[chk] L36 e76 hit  rel 2.031e-02
[chk] L37 e4 hit  rel 2.524e-02
[chk] L37 e32 hit  rel 2.101e-02
[chk] L37 e69 hit  rel 2.225e-02
[chk] L37 e56 hit  rel 2.045e-02
[chk] L37 e1 pcie rel 2.230e-02
[chk] L38 e11 hit  rel 1.990e-02
[chk] L38 e63 hit  rel 1.901e-02
[chk] L38 e16 hit  rel 2.025e-02
[chk] L38 e145 pcie rel 2.495e-02
[chk] L38 e216 hit  rel 2.225e-02
[chk] L39 e54 hit  rel 2.386e-02
[chk] L39 e42 pcie rel 2.162e-02
[chk] L39 e139 hit  rel 2.194e-02
[chk] L39 e85 hit  rel 2.173e-02
[chk] L39 e70 hit  rel 2.234e-02
[chk] L40 e133 hit  rel 2.207e-02
[chk] L40 e22 hit  rel 2.111e-02
[chk] L40 e24 hit  rel 1.485e-02
[chk] L40 e136 pcie rel 2.279e-02
[chk] L41 e183 hit  rel 1.849e-02
[chk] L41 e23 hit  rel 2.483e-02
[chk] L41 e104 hit  rel 2.080e-02
[chk] L41 e205 hit  rel 1.889e-02
[chk] L41 e51 hit  rel 2.404e-02
[chk] L41 e65 pcie rel 2.072e-02
[chk] L42 e9 hit  rel 1.864e-02
[chk] L42 e216 hit  rel 1.974e-02
[chk] L42 e15 hit  rel 1.701e-02
[chk] L42 e225 hit  rel 1.799e-02
[chk] L42 e160 hit  rel 1.849e-02
[chk] L42 e178 hit  rel 2.648e-02
[chk] L0 e106 hit  rel 1.903e-02
[chk] L0 e1 pcie rel 1.724e-02
[chk] L0 e5 pcie rel 1.973e-02
[chk] L1 e4 hit  rel 1.804e-02
[chk] L1 e128 pcie rel 1.873e-02
[chk] L1 e2 hit  rel 1.936e-02
[chk] L1 e223 hit  rel 1.969e-02
[chk] L1 e232 hit  rel 1.986e-02
[chk] L1 e35 hit  rel 1.760e-02
[chk] L2 e177 pcie rel 1.896e-02
[chk] L2 e1 hit  rel 1.976e-02
[chk] L2 e21 pcie rel 1.872e-02
[chk] L3 e64 hit  rel 2.426e-02
[chk] L3 e217 hit  rel 2.019e-02
[chk] L3 e6 hit  rel 1.680e-02
[chk] L3 e118 hit  rel 1.800e-02
[chk] L3 e188 hit  rel 1.886e-02
[chk] L3 e233 pcie rel 1.803e-02
[chk] L4 e51 hit  rel 2.385e-02
[chk] L4 e184 hit  rel 2.129e-02
[chk] L4 e63 pcie rel 2.323e-02
[chk] L4 e94 hit  rel 2.262e-02
[chk] L4 e28 hit  rel 1.866e-02
[chk] L5 e79 hit  rel 2.473e-02
[chk] L5 e42 hit  rel 2.097e-02
[chk] L5 e112 hit  rel 2.167e-02
[chk] L5 e240 hit  rel 2.115e-02
[chk] L5 e215 pcie rel 2.124e-02
[chk] L6 e200 hit  rel 2.497e-02
[chk] L6 e233 hit  rel 2.273e-02
[chk] L6 e142 hit  rel 2.040e-02
[chk] L6 e47 hit  rel 2.013e-02
[chk] L6 e203 hit  rel 2.145e-02
[chk] L6 e38 hit  rel 2.610e-02
[chk] L7 e88 hit  rel 2.255e-02
[chk] L7 e170 hit  rel 1.982e-02
[chk] L7 e160 hit  rel 2.077e-02
[chk] L7 e93 hit  rel 2.356e-02
[chk] L7 e214 hit  rel 2.420e-02
[chk] L8 e168 hit  rel 2.195e-02
[chk] L8 e105 hit  rel 2.057e-02
[chk] L8 e192 hit  rel 2.093e-02
[chk] L8 e106 hit  rel 1.971e-02
[chk] L8 e239 hit  rel 2.437e-02
[chk] L8 e215 hit  rel 2.041e-02
[chk] L9 e149 hit  rel 1.961e-02
[chk] L9 e28 hit  rel 1.800e-02
[chk] L9 e230 hit  rel 2.114e-02
[chk] L9 e226 hit  rel 2.167e-02
[chk] L9 e186 hit  rel 2.033e-02
[chk] L9 e127 pcie rel 1.845e-02
[chk] L10 e102 hit  rel 2.336e-02
[chk] L10 e161 hit  rel 1.975e-02
[chk] L10 e11 hit  rel 2.308e-02
[chk] L10 e77 pcie rel 2.564e-02
[chk] L10 e66 hit  rel 2.336e-02
[chk] L11 e7 hit  rel 2.532e-02
[chk] L11 e122 hit  rel 2.278e-02
[chk] L11 e15 hit  rel 1.979e-02
[chk] L11 e113 hit  rel 1.921e-02
[chk] L11 e104 pcie rel 1.733e-02
[chk] L12 e241 hit  rel 2.134e-02
[chk] L12 e229 hit  rel 2.185e-02
[chk] L12 e127 hit  rel 2.108e-02
[chk] L12 e74 hit  rel 2.003e-02
[chk] L12 e17 hit  rel 1.974e-02
[chk] L13 e122 hit  rel 2.007e-02
[chk] L13 e99 hit  rel 2.180e-02
[chk] L13 e93 hit  rel 1.987e-02
[chk] L13 e245 pcie rel 2.121e-02
[chk] L13 e98 hit  rel 1.906e-02
[chk] L14 e132 hit  rel 2.237e-02
[chk] L14 e3 hit  rel 1.921e-02
[chk] L14 e21 hit  rel 2.074e-02
[chk] L14 e227 hit  rel 2.178e-02
[chk] L14 e169 hit  rel 1.908e-02
[chk] L14 e56 hit  rel 1.823e-02
[chk] L15 e53 hit  rel 2.153e-02
[chk] L15 e28 hit  rel 2.174e-02
[chk] L15 e89 pcie rel 1.982e-02
[chk] L15 e43 hit  rel 2.182e-02
[chk] L15 e207 hit  rel 1.836e-02
[chk] L15 e46 hit  rel 1.999e-02
[chk] L16 e82 hit  rel 2.049e-02
[chk] L16 e239 hit  rel 2.054e-02
[chk] L16 e185 hit  rel 2.064e-02
[chk] L16 e222 pcie rel 1.998e-02
[chk] L16 e32 hit  rel 1.864e-02
[chk] L17 e239 hit  rel 2.106e-02
[chk] L17 e186 hit  rel 2.064e-02
[chk] L17 e201 hit  rel 1.955e-02
[chk] L17 e202 hit  rel 1.908e-02
[chk] L17 e188 hit  rel 2.156e-02
[chk] L17 e44 hit  rel 1.972e-02
[chk] L18 e254 hit  rel 1.925e-02
[chk] L18 e5 hit  rel 2.042e-02
[chk] L18 e71 pcie rel 2.163e-02
[chk] L18 e170 pcie rel 1.888e-02
[chk] L19 e84 hit  rel 2.693e-02
[chk] L19 e27 hit  rel 2.247e-02
[chk] L19 e254 hit  rel 2.195e-02
[chk] L19 e160 hit  rel 2.620e-02
[chk] L19 e249 hit  rel 2.154e-02
[chk] L20 e203 hit  rel 1.765e-02
[chk] L20 e83 hit  rel 2.142e-02
[chk] L20 e3 hit  rel 1.878e-02
[chk] L20 e48 pcie rel 2.028e-02
[chk] L21 e89 hit  rel 2.093e-02
[chk] L21 e59 hit  rel 1.769e-02
[chk] L21 e161 hit  rel 2.175e-02
[chk] L21 e216 pcie rel 2.011e-02
[chk] L21 e204 hit  rel 1.837e-02
[chk] L21 e250 hit  rel 2.235e-02
[chk] L22 e223 hit  rel 2.177e-02
[chk] L22 e94 pcie rel 1.942e-02
[chk] L22 e210 hit  rel 2.230e-02
[chk] L22 e189 hit  rel 2.229e-02
[chk] L23 e134 hit  rel 2.311e-02
[chk] L23 e151 hit  rel 2.112e-02
[chk] L23 e111 pcie rel 2.174e-02
[chk] L23 e7 pcie rel 1.951e-02
[chk] L24 e36 hit  rel 2.076e-02
[chk] L24 e176 hit  rel 1.906e-02
[chk] L24 e227 hit  rel 2.156e-02
[chk] L24 e84 hit  rel 2.089e-02
[chk] L24 e127 pcie rel 2.259e-02
[chk] L24 e0 hit  rel 2.041e-02
[chk] L25 e249 hit  rel 2.069e-02
[chk] L25 e152 hit  rel 2.221e-02
[chk] L25 e241 hit  rel 2.147e-02
[chk] L25 e204 hit  rel 1.977e-02
[chk] L25 e43 hit  rel 1.974e-02
[chk] L26 e162 hit  rel 2.131e-02
[chk] L26 e202 hit  rel 2.437e-02
[chk] L26 e217 hit  rel 2.136e-02
[chk] L26 e88 hit  rel 1.925e-02
[chk] L26 e34 hit  rel 1.982e-02
[chk] L26 e29 hit  rel 2.021e-02
[chk] L27 e85 hit  rel 2.005e-02
[chk] L27 e67 hit  rel 2.174e-02
[chk] L27 e76 hit  rel 1.981e-02
[chk] L27 e32 hit  rel 2.113e-02
[chk] L27 e130 pcie rel 2.127e-02
[chk] L27 e242 hit  rel 2.239e-02
[chk] L28 e243 hit  rel 1.945e-02
[chk] L28 e209 hit  rel 2.042e-02
[chk] L28 e245 hit  rel 2.145e-02
[chk] L28 e18 hit  rel 2.014e-02
[chk] L28 e126 hit  rel 2.064e-02
[chk] L29 e231 hit  rel 1.916e-02
[chk] L29 e184 hit  rel 2.211e-02
[chk] L29 e39 hit  rel 2.089e-02
[chk] L29 e1 pcie rel 2.005e-02
[chk] L29 e86 hit  rel 2.097e-02
[chk] L29 e251 hit  rel 2.301e-02
[chk] L30 e22 hit  rel 2.018e-02
[chk] L30 e224 hit  rel 2.120e-02
[chk] L30 e199 hit  rel 1.917e-02
[chk] L30 e101 hit  rel 2.062e-02
[chk] L30 e31 hit  rel 2.196e-02
[chk] L30 e247 hit  rel 2.075e-02
[chk] L31 e27 hit  rel 2.065e-02
[chk] L31 e103 hit  rel 2.089e-02
[chk] L31 e137 pcie rel 1.967e-02
[chk] L31 e53 pcie rel 2.026e-02
[chk] L32 e164 hit  rel 2.142e-02
[chk] L32 e43 hit  rel 2.171e-02
[chk] L32 e190 hit  rel 2.108e-02
[chk] L32 e121 pcie rel 2.072e-02
[chk] L32 e140 hit  rel 2.000e-02
[chk] L33 e247 hit  rel 2.328e-02
[chk] L33 e132 hit  rel 2.294e-02
[chk] L33 e167 hit  rel 2.143e-02
[chk] L33 e182 hit  rel 2.029e-02
[chk] L33 e226 hit  rel 2.113e-02
[chk] L34 e172 hit  rel 1.999e-02
[chk] L34 e70 hit  rel 1.973e-02
[chk] L34 e113 hit  rel 2.096e-02
[chk] L34 e135 hit  rel 1.929e-02
[chk] L34 e185 pcie rel 2.063e-02
[chk] L34 e119 hit  rel 1.959e-02
[chk] L35 e142 hit  rel 2.249e-02
[chk] L35 e239 hit  rel 2.104e-02
[chk] L35 e53 hit  rel 2.145e-02
[chk] L35 e32 hit  rel 2.212e-02
[chk] L35 e143 hit  rel 2.195e-02
[chk] L36 e20 hit  rel 2.209e-02
[chk] L36 e248 hit  rel 2.256e-02
[chk] L36 e69 hit  rel 2.246e-02
[chk] L36 e130 hit  rel 2.157e-02
[chk] L36 e81 hit  rel 2.207e-02
[chk] L36 e136 hit  rel 2.133e-02
[chk] L37 e209 hit  rel 2.188e-02
[chk] L37 e100 hit  rel 2.154e-02
[chk] L37 e4 hit  rel 2.473e-02
[chk] L37 e32 hit  rel 2.033e-02
[chk] L37 e228 pcie rel 1.984e-02
[chk] L38 e16 hit  rel 1.933e-02
[chk] L38 e11 hit  rel 2.032e-02
[chk] L38 e63 hit  rel 2.158e-02
[chk] L38 e162 hit  rel 2.194e-02
[chk] L38 e76 pcie rel 2.111e-02
[chk] L39 e54 hit  rel 2.637e-02
[chk] L39 e70 hit  rel 2.105e-02
[chk] L39 e139 hit  rel 2.485e-02
[chk] L39 e32 hit  rel 2.525e-02
[chk] L39 e65 hit  rel 2.309e-02
[chk] L39 e229 pcie rel 2.168e-02
[chk] L40 e133 hit  rel 2.339e-02
[chk] L40 e61 pcie rel 2.097e-02
[chk] L40 e247 hit  rel 2.076e-02
[chk] L40 e26 hit  rel 2.083e-02
[chk] L40 e108 hit  rel 2.224e-02
[chk] L41 e190 hit  rel 2.190e-02
[chk] L41 e183 hit  rel 2.570e-02
[chk] L41 e137 hit  rel 2.284e-02
[chk] L41 e121 pcie rel 2.472e-02
[chk] L42 e154 hit  rel 2.297e-02
[chk] L42 e222 hit  rel 2.074e-02
[chk] L42 e216 hit  rel 2.107e-02
[chk] L42 e38 hit  rel 1.911e-02
[chk] L42 e15 hit  rel 1.785e-02
[chk] L42 e165 hit  rel 2.260e-02
[chk] L0 e51 hit  rel 2.319e-02
[chk] L0 e189 pcie rel 2.316e-02
[chk] L0 e84 hit  rel 1.903e-02
[chk] L0 e139 pcie rel 1.961e-02
[chk] L1 e178 hit  rel 1.849e-02
[chk] L1 e28 pcie rel 1.971e-02
[chk] L1 e55 pcie rel 2.049e-02
[chk] L1 e41 pcie rel 1.950e-02
[chk] L2 e58 pcie rel 2.006e-02
[chk] L2 e7 hit  rel 1.995e-02
[chk] L2 e245 pcie rel 2.082e-02
[chk] L3 e64 hit  rel 2.335e-02
[chk] L3 e217 hit  rel 1.992e-02
[chk] L3 e244 hit  rel 2.211e-02
[chk] L3 e71 hit  rel 1.926e-02
[chk] L3 e9 hit  rel 2.587e-02
[chk] L3 e231 hit  rel 2.130e-02
[chk] L4 e51 hit  rel 1.945e-02
[chk] L4 e184 hit  rel 2.226e-02
[chk] L4 e58 pcie rel 2.412e-02
[chk] L4 e93 hit  rel 2.646e-02
[chk] L4 e201 hit  rel 1.835e-02
[chk] L5 e79 hit  rel 2.784e-02
[chk] L5 e112 hit  rel 2.332e-02
[chk] L5 e126 pcie rel 2.988e-02
[chk] L5 e42 hit  rel 2.085e-02
[chk] L5 e105 hit  rel 2.009e-02
[chk] L5 e240 hit  rel 2.568e-02
[chk] L6 e200 hit  rel 2.406e-02
[chk] L6 e233 hit  rel 2.263e-02
[chk] L6 e203 hit  rel 1.996e-02
[chk] L6 e142 hit  rel 2.050e-02
[chk] L6 e47 hit  rel 2.255e-02
[chk] L6 e38 hit  rel 2.137e-02
[chk] L7 e93 hit  rel 2.290e-02
[chk] L7 e88 hit  rel 2.151e-02
[chk] L7 e160 hit  rel 2.183e-02
[chk] L7 e78 hit  rel 2.066e-02
[chk] L7 e71 pcie rel 2.185e-02
[chk] L8 e105 hit  rel 1.925e-02
[chk] L8 e192 hit  rel 2.063e-02
[chk] L8 e168 hit  rel 2.345e-02
[chk] L8 e98 hit  rel 2.042e-02
[chk] L8 e106 hit  rel 2.268e-02
[chk] L9 e28 hit  rel 2.083e-02
[chk] L9 e230 hit  rel 2.047e-02
[chk] L9 e186 hit  rel 1.948e-02
[chk] L9 e149 hit  rel 1.954e-02
[chk] L9 e226 hit  rel 2.052e-02
[chk] L9 e32 hit  rel 2.159e-02
[chk] L10 e102 hit  rel 2.269e-02
[chk] L10 e11 hit  rel 2.318e-02
[chk] L10 e161 hit  rel 1.996e-02
[chk] L10 e77 pcie rel 2.428e-02
[chk] L10 e8 hit  rel 2.051e-02
[chk] L11 e7 hit  rel 1.940e-02
[chk] L11 e122 hit  rel 2.249e-02
[chk] L11 e15 hit  rel 1.810e-02
[chk] L11 e222 hit  rel 2.032e-02
[chk] L11 e235 pcie rel 1.963e-02
[chk] L12 e127 hit  rel 2.102e-02
[chk] L12 e241 hit  rel 1.922e-02
[chk] L12 e229 hit  rel 2.406e-02
[chk] L12 e19 hit  rel 1.876e-02
[chk] L12 e185 pcie rel 1.702e-02
[chk] L12 e255 hit  rel 1.914e-02
[chk] L13 e122 hit  rel 1.863e-02
[chk] L13 e191 hit  rel 1.830e-02
[chk] L13 e252 hit  rel 1.908e-02
[chk] L13 e223 hit  rel 1.994e-02
[chk] L14 e169 hit  rel 2.013e-02
[chk] L14 e242 hit  rel 2.064e-02
[chk] L14 e51 hit  rel 1.820e-02
[chk] L14 e56 hit  rel 2.048e-02
[chk] L14 e173 pcie rel 1.785e-02
[chk] L15 e53 hit  rel 2.199e-02
[chk] L15 e207 hit  rel 1.880e-02
[chk] L15 e188 hit  rel 1.890e-02
[chk] L15 e39 hit  rel 1.921e-02
[chk] L15 e9 hit  rel 2.250e-02
[chk] L16 e82 hit  rel 1.864e-02
[chk] L16 e12 hit  rel 2.396e-02
[chk] L16 e31 hit  rel 1.887e-02
[chk] L16 e128 hit  rel 1.941e-02
[chk] L16 e104 pcie rel 2.004e-02
[chk] L17 e239 hit  rel 2.020e-02
[chk] L17 e5 hit  rel 2.092e-02
[chk] L17 e231 pcie rel 2.184e-02
[chk] L17 e172 hit  rel 2.209e-02
[chk] L17 e195 hit  rel 2.170e-02
[chk] L17 e14 hit  rel 1.870e-02
[chk] L18 e5 hit  rel 1.777e-02
[chk] L18 e166 pcie rel 1.875e-02
[chk] L18 e169 pcie rel 1.946e-02
[chk] L19 e27 hit  rel 1.928e-02
[chk] L19 e84 hit  rel 2.376e-02
[chk] L19 e254 hit  rel 2.314e-02
[chk] L19 e160 hit  rel 2.521e-02
[chk] L19 e107 pcie rel 2.139e-02
[chk] L20 e203 hit  rel 1.929e-02
[chk] L20 e3 hit  rel 1.904e-02
[chk] L20 e83 hit  rel 1.867e-02
[chk] L20 e23 pcie rel 2.097e-02
[chk] L20 e133 hit  rel 2.119e-02
[chk] L21 e161 hit  rel 1.920e-02
[chk] L21 e59 hit  rel 2.014e-02
[chk] L21 e250 hit  rel 1.967e-02
[chk] L21 e89 hit  rel 1.986e-02
[chk] L21 e26 hit  rel 2.691e-02
[chk] L22 e94 pcie rel 1.849e-02
[chk] L22 e223 hit  rel 2.583e-02
[chk] L22 e170 pcie rel 2.058e-02
[chk] L22 e210 hit  rel 2.163e-02
[chk] L22 e195 hit  rel 1.970e-02
[chk] L23 e134 hit  rel 2.405e-02
[chk] L23 e63 hit  rel 1.843e-02
[chk] L23 e147 pcie rel 2.013e-02
[chk] L23 e57 hit  rel 2.032e-02
[chk] L24 e36 hit  rel 2.420e-02
[chk] L24 e176 hit  rel 2.433e-02
[chk] L24 e227 hit  rel 2.170e-02
[chk] L24 e84 hit  rel 2.445e-02
[chk] L24 e93 hit  rel 2.369e-02
[chk] L24 e127 pcie rel 2.290e-02
[chk] L25 e241 hit  rel 2.198e-02
[chk] L25 e249 hit  rel 2.210e-02
[chk] L25 e72 pcie rel 1.716e-02
[chk] L25 e204 hit  rel 2.207e-02
[chk] L26 e34 hit  rel 2.281e-02
[chk] L26 e88 hit  rel 2.281e-02
[chk] L26 e162 hit  rel 2.151e-02
[chk] L26 e29 hit  rel 1.985e-02
[chk] L26 e202 hit  rel 2.317e-02
[chk] L26 e177 hit  rel 2.208e-02
[chk] L27 e85 hit  rel 2.032e-02
[chk] L27 e32 hit  rel 2.120e-02
[chk] L27 e76 hit  rel 2.270e-02
[chk] L27 e242 hit  rel 2.153e-02
[chk] L27 e67 hit  rel 2.160e-02
[chk] L27 e224 hit  rel 1.851e-02
[chk] L28 e243 hit  rel 2.267e-02
[chk] L28 e209 hit  rel 2.022e-02
[chk] L28 e126 hit  rel 2.268e-02
[chk] L28 e188 pcie rel 1.996e-02
[chk] L28 e18 hit  rel 2.505e-02
[chk] L28 e245 hit  rel 1.958e-02
[chk] L29 e231 hit  rel 2.164e-02
[chk] L29 e184 hit  rel 1.848e-02
[chk] L29 e39 hit  rel 2.225e-02
[chk] L29 e217 hit  rel 2.020e-02
[chk] L29 e119 pcie rel 2.103e-02
[chk] L30 e22 hit  rel 1.924e-02
[chk] L30 e31 hit  rel 2.189e-02
[chk] L30 e224 hit  rel 2.203e-02
[chk] L30 e62 hit  rel 2.213e-02
[chk] L30 e101 hit  rel 2.028e-02
[chk] L31 e27 hit  rel 2.101e-02
[chk] L31 e203 pcie rel 2.174e-02
[chk] L31 e53 pcie rel 2.048e-02
[chk] L31 e190 hit  rel 2.093e-02
[chk] L31 e197 hit  rel 1.961e-02
[chk] L32 e164 hit  rel 2.236e-02
[chk] L32 e43 hit  rel 2.391e-02
[chk] L32 e242 pcie rel 2.131e-02
[chk] L32 e190 hit  rel 2.191e-02
[chk] L33 e247 hit  rel 2.666e-02
[chk] L33 e28 pcie rel 2.036e-02
[chk] L33 e132 hit  rel 2.153e-02
[chk] L33 e147 hit  rel 2.055e-02
[chk] L33 e54 pcie rel 2.307e-02
[chk] L34 e113 hit  rel 1.996e-02
[chk] L34 e172 hit  rel 2.021e-02
[chk] L34 e70 hit  rel 2.001e-02
[chk] L34 e135 hit  rel 1.902e-02
[chk] L34 e136 hit  rel 2.237e-02
[chk] L34 e253 hit  rel 2.110e-02
[chk] L35 e142 hit  rel 2.207e-02
[chk] L35 e53 hit  rel 2.123e-02
[chk] L35 e143 hit  rel 2.037e-02
[chk] L35 e239 hit  rel 2.039e-02
[chk] L35 e32 hit  rel 2.220e-02
[chk] L36 e20 hit  rel 2.407e-02
[chk] L36 e136 hit  rel 1.969e-02
[chk] L36 e5 hit  rel 1.929e-02
[chk] L36 e248 hit  rel 2.040e-02
[chk] L36 e130 hit  rel 2.006e-02
[chk] L36 e199 hit  rel 2.067e-02
[chk] L37 e209 hit  rel 1.904e-02
[chk] L37 e100 hit  rel 2.128e-02
[chk] L37 e32 hit  rel 2.005e-02
[chk] L37 e4 hit  rel 2.805e-02
[chk] L37 e121 pcie rel 1.994e-02
[chk] L38 e63 hit  rel 2.077e-02
[chk] L38 e16 hit  rel 1.970e-02
[chk] L38 e11 hit  rel 1.875e-02
[chk] L38 e162 hit  rel 2.054e-02
[chk] L38 e133 hit  rel 1.902e-02
[chk] L39 e70 hit  rel 2.030e-02
[chk] L39 e54 hit  rel 2.123e-02
[chk] L39 e139 hit  rel 2.212e-02
[chk] L39 e182 hit  rel 1.569e-02
[chk] L39 e207 pcie rel 2.150e-02
[chk] L39 e32 hit  rel 2.270e-02
[chk] L40 e133 hit  rel 2.145e-02
[chk] L40 e247 hit  rel 2.079e-02
[chk] L40 e19 hit  rel 2.262e-02
[chk] L40 e87 hit  rel 2.385e-02
[chk] L40 e108 hit  rel 2.449e-02
[chk] L41 e205 hit  rel 1.789e-02
[chk] L41 e104 hit  rel 1.928e-02
[chk] L41 e190 hit  rel 2.336e-02
[chk] L41 e60 pcie rel 2.215e-02
[chk] L41 e36 pcie rel 2.255e-02
[chk] L42 e38 hit  rel 1.846e-02
[chk] L42 e216 hit  rel 1.993e-02
[chk] L42 e64 pcie rel 2.696e-02
[chk] L42 e254 hit  rel 2.053e-02
[chk] L42 e218 hit  rel 1.909e-02
[chk] L0 e213 hit  rel 2.608e-02
[chk] L0 e28 pcie rel 3.031e-02
[chk] L0 e155 pcie rel 2.769e-02
[chk] L1 e5 pcie rel 1.883e-02
[chk] L1 e7 pcie rel 1.907e-02
[chk] L1 e113 pcie rel 1.802e-02
[chk] L2 e79 pcie rel 1.918e-02
[chk] L2 e107 pcie rel 2.182e-02
[chk] L2 e119 pcie rel 2.180e-02
[chk] L3 e188 hit  rel 2.587e-02
[chk] L3 e217 hit  rel 1.933e-02
[chk] L3 e9 hit  rel 1.867e-02
[chk] L3 e105 pcie rel 2.438e-02
[chk] L3 e173 hit  rel 1.556e-02
[chk] L3 e50 hit  rel 2.151e-02
[chk] L4 e184 hit  rel 1.841e-02
[chk] L4 e51 hit  rel 2.142e-02
[chk] L4 e139 hit  rel 2.061e-02
[chk] L4 e58 pcie rel 1.922e-02
[chk] L4 e91 hit  rel 2.405e-02
[chk] L5 e42 hit  rel 2.192e-02
[chk] L5 e79 hit  rel 1.914e-02
[chk] L5 e112 hit  rel 1.996e-02
[chk] L5 e229 hit  rel 1.934e-02
[chk] L5 e240 hit  rel 2.077e-02
[chk] L6 e168 hit  rel 2.162e-02
[chk] L6 e233 hit  rel 1.954e-02
[chk] L6 e131 pcie rel 2.065e-02
[chk] L6 e140 pcie rel 2.210e-02
[chk] L6 e203 hit  rel 1.973e-02
[chk] L7 e170 hit  rel 2.308e-02
[chk] L7 e223 hit  rel 2.701e-02
[chk] L7 e160 hit  rel 2.299e-02
[chk] L7 e214 hit  rel 2.106e-02
[chk] L7 e78 hit  rel 2.635e-02
[chk] L8 e168 hit  rel 2.721e-02
[chk] L8 e231 hit  rel 2.518e-02
[chk] L8 e106 hit  rel 2.175e-02
[chk] L8 e105 hit  rel 1.998e-02
[chk] L8 e219 hit  rel 2.111e-02
[chk] L8 e239 hit  rel 2.133e-02
[chk] L9 e149 hit  rel 2.275e-02
[chk] L9 e186 hit  rel 2.145e-02
[chk] L9 e36 pcie rel 2.109e-02
[chk] L9 e10 hit  rel 2.096e-02
[chk] L9 e226 hit  rel 2.021e-02
[chk] L10 e199 hit  rel 1.979e-02
[chk] L10 e3 hit  rel 2.083e-02
[chk] L10 e2 pcie rel 1.754e-02
[chk] L10 e156 hit  rel 1.916e-02
[chk] L10 e81 pcie rel 1.930e-02
[chk] L11 e7 hit  rel 2.340e-02
[chk] L11 e113 hit  rel 1.915e-02
[chk] L11 e182 hit  rel 1.872e-02
[chk] L11 e15 hit  rel 2.127e-02
[chk] L11 e168 pcie rel 2.056e-02
[chk] L12 e229 hit  rel 2.752e-02
[chk] L12 e241 hit  rel 2.151e-02
[chk] L12 e127 hit  rel 2.414e-02
[chk] L12 e52 hit  rel 1.991e-02
[chk] L12 e248 pcie rel 2.091e-02
[chk] L13 e122 hit  rel 2.335e-02
[chk] L13 e93 hit  rel 2.309e-02
[chk] L13 e57 hit  rel 2.370e-02
[chk] L13 e165 hit  rel 2.029e-02
[chk] L13 e189 pcie rel 1.970e-02
[chk] L14 e56 hit  rel 2.088e-02
[chk] L14 e132 hit  rel 2.339e-02
[chk] L14 e21 hit  rel 2.365e-02
[chk] L14 e91 hit  rel 1.970e-02
[chk] L14 e229 hit  rel 2.072e-02
[chk] L15 e43 hit  rel 1.928e-02
[chk] L15 e53 hit  rel 1.858e-02
[chk] L15 e28 hit  rel 1.804e-02
[chk] L15 e37 pcie rel 2.446e-02
[chk] L15 e103 pcie rel 1.921e-02
[chk] L16 e49 hit  rel 1.832e-02
[chk] L16 e185 hit  rel 1.952e-02
[chk] L16 e147 pcie rel 1.941e-02
[chk] L16 e82 hit  rel 1.981e-02
[chk] L17 e239 hit  rel 1.965e-02
[chk] L17 e44 hit  rel 1.944e-02
[chk] L17 e148 hit  rel 2.148e-02
[chk] L17 e188 hit  rel 1.958e-02
[chk] L17 e42 pcie rel 2.368e-02
[chk] L18 e254 hit  rel 2.147e-02
[chk] L18 e197 hit  rel 1.696e-02
[chk] L18 e62 hit  rel 1.964e-02
[chk] L18 e102 pcie rel 2.057e-02
[chk] L18 e213 hit  rel 1.837e-02
[chk] L19 e68 hit  rel 2.364e-02
[chk] L19 e151 hit  rel 2.019e-02
[chk] L19 e41 pcie rel 1.824e-02
[chk] L19 e249 hit  rel 2.073e-02
[chk] L19 e210 hit  rel 2.395e-02
[chk] L20 e83 hit  rel 1.969e-02
[chk] L20 e3 hit  rel 1.991e-02
[chk] L20 e114 hit  rel 1.811e-02
[chk] L20 e14 hit  rel 1.830e-02
[chk] L20 e194 pcie rel 2.013e-02
[chk] L21 e161 hit  rel 1.774e-02
[chk] L21 e124 hit  rel 2.018e-02
[chk] L21 e189 hit  rel 1.897e-02
[chk] L21 e59 hit  rel 2.366e-02
[chk] L21 e185 pcie rel 2.013e-02
[chk] L21 e234 hit  rel 1.975e-02
[chk] L22 e39 hit  rel 1.763e-02
[chk] L22 e107 hit  rel 2.070e-02
[chk] L22 e223 hit  rel 2.396e-02
[chk] L22 e130 hit  rel 1.948e-02
[chk] L22 e108 hit  rel 2.209e-02
[chk] L23 e240 hit  rel 2.567e-02
[chk] L23 e134 hit  rel 1.883e-02
[chk] L23 e54 hit  rel 1.889e-02
[chk] L23 e190 hit  rel 2.051e-02
[chk] L23 e213 pcie rel 2.030e-02
[chk] L24 e227 hit  rel 1.880e-02
[chk] L24 e36 hit  rel 2.398e-02
[chk] L24 e176 hit  rel 2.356e-02
[chk] L24 e127 pcie rel 2.160e-02
[chk] L24 e84 hit  rel 2.270e-02
[chk] L25 e241 hit  rel 2.019e-02
[chk] L25 e152 hit  rel 2.122e-02
[chk] L25 e16 pcie rel 2.318e-02
[chk] L25 e204 hit  rel 2.156e-02
[chk] L25 e118 hit  rel 1.845e-02
[chk] L25 e43 hit  rel 1.988e-02
[chk] L26 e88 hit  rel 2.103e-02
[chk] L26 e34 hit  rel 2.188e-02
[chk] L26 e92 hit  rel 1.890e-02
[chk] L26 e162 hit  rel 2.133e-02
[chk] L26 e132 pcie rel 1.920e-02
[chk] L27 e100 pcie rel 2.166e-02
[chk] L27 e242 hit  rel 2.272e-02
[chk] L27 e76 hit  rel 2.187e-02
[chk] L27 e37 hit  rel 2.373e-02
[chk] L27 e67 hit  rel 2.318e-02
[chk] L28 e243 hit  rel 2.221e-02
[chk] L28 e209 hit  rel 1.957e-02
[chk] L28 e18 hit  rel 2.267e-02
[chk] L28 e126 hit  rel 2.378e-02
[chk] L28 e118 pcie rel 2.124e-02
[chk] L29 e111 hit  rel 2.043e-02
[chk] L29 e217 hit  rel 2.113e-02
[chk] L29 e184 hit  rel 2.271e-02
[chk] L29 e39 hit  rel 1.966e-02
[chk] L29 e43 pcie rel 2.345e-02
[chk] L30 e84 hit  rel 2.398e-02
[chk] L30 e224 hit  rel 2.145e-02
[chk] L30 e199 hit  rel 1.923e-02
[chk] L30 e48 pcie rel 2.198e-02
[chk] L30 e207 hit  rel 2.241e-02
[chk] L31 e27 hit  rel 2.229e-02
[chk] L31 e85 pcie rel 2.114e-02
[chk] L31 e188 pcie rel 2.241e-02
[chk] L31 e166 hit  rel 1.917e-02
[chk] L32 e164 hit  rel 1.997e-02
[chk] L32 e190 hit  rel 2.009e-02
[chk] L32 e80 pcie rel 2.020e-02
[chk] L32 e56 pcie rel 2.074e-02
[chk] L33 e247 hit  rel 2.253e-02
[chk] L33 e132 hit  rel 2.075e-02
[chk] L33 e139 pcie rel 2.074e-02
[chk] L33 e51 hit  rel 2.039e-02
[chk] L34 e113 hit  rel 2.258e-02
[chk] L34 e135 hit  rel 2.166e-02
[chk] L34 e119 hit  rel 2.206e-02
[chk] L34 e253 hit  rel 2.085e-02
[chk] L34 e164 pcie rel 2.267e-02
[chk] L35 e142 hit  rel 2.177e-02
[chk] L35 e178 hit  rel 2.021e-02
[chk] L35 e170 hit  rel 2.082e-02
[chk] L35 e136 pcie rel 2.199e-02
[chk] L35 e82 hit  rel 2.390e-02
[chk] L36 e248 hit  rel 2.133e-02
[chk] L36 e212 hit  rel 2.141e-02
[chk] L36 e20 hit  rel 2.284e-02
[chk] L36 e81 hit  rel 2.101e-02
[chk] L36 e130 hit  rel 2.394e-02
[chk] L36 e41 hit  rel 2.215e-02
[chk] L37 e65 hit  rel 2.222e-02
[chk] L37 e4 hit  rel 2.340e-02
[chk] L37 e26 pcie rel 2.193e-02
[chk] L37 e206 pcie rel 2.097e-02
[chk] L38 e11 hit  rel 2.368e-02
[chk] L38 e63 hit  rel 2.060e-02
[chk] L38 e115 hit  rel 2.221e-02
[chk] L38 e222 pcie rel 2.542e-02
[chk] L39 e54 hit  rel 2.363e-02
[chk] L39 e99 hit  rel 1.847e-02
[chk] L39 e139 hit  rel 2.183e-02
[chk] L39 e220 hit  rel 2.143e-02
[chk] L39 e70 hit  rel 2.385e-02
[chk] L39 e232 pcie rel 2.194e-02
[chk] L40 e19 hit  rel 2.118e-02
[chk] L40 e133 hit  rel 2.259e-02
[chk] L40 e180 pcie rel 2.060e-02
[chk] L40 e247 hit  rel 2.062e-02
[chk] L40 e49 hit  rel 2.163e-02
[chk] L41 e183 hit  rel 1.766e-02
[chk] L41 e248 hit  rel 2.061e-02
[chk] L41 e137 hit  rel 2.352e-02
[chk] L41 e202 hit  rel 2.075e-02
[chk] L42 e8 hit  rel 1.915e-02
[chk] L42 e222 hit  rel 2.034e-02
[chk] L42 e9 hit  rel 2.517e-02
[chk] L42 e35 pcie rel 2.151e-02
[chk] L42 e165 hit  rel 2.303e-02
[chk] L0 e112 pcie rel 2.007e-02
[chk] L0 e134 pcie rel 1.793e-02
[chk] L0 e225 pcie rel 1.871e-02
[chk] L1 e177 pcie rel 1.957e-02
[chk] L1 e24 pcie rel 1.924e-02
[chk] L1 e12 pcie rel 1.911e-02
[chk] L2 e63 hit  rel 1.990e-02
[chk] L2 e0 pcie rel 2.448e-02
[chk] L2 e66 pcie rel 1.967e-02
[chk] L2 e76 pcie rel 1.996e-02
[chk] L3 e64 hit  rel 2.267e-02
[chk] L3 e217 hit  rel 1.984e-02
[chk] L3 e9 hit  rel 1.933e-02
[chk] L3 e222 hit  rel 1.857e-02
[chk] L3 e233 pcie rel 1.929e-02
[chk] L4 e51 hit  rel 2.440e-02
[chk] L4 e118 hit  rel 2.020e-02
[chk] L4 e184 hit  rel 2.234e-02
[chk] L4 e201 hit  rel 1.966e-02
[chk] L4 e58 pcie rel 2.293e-02
[chk] L5 e79 hit  rel 2.387e-02
[chk] L5 e42 hit  rel 2.126e-02
[chk] L5 e50 pcie rel 2.018e-02
[chk] L5 e135 pcie rel 1.931e-02
[chk] L6 e200 hit  rel 2.446e-02
[chk] L6 e38 hit  rel 1.924e-02
[chk] L6 e85 hit  rel 2.467e-02
[chk] L6 e233 hit  rel 2.483e-02
[chk] L6 e50 hit  rel 2.324e-02
[chk] L7 e88 hit  rel 2.338e-02
[chk] L7 e93 hit  rel 1.906e-02
[chk] L7 e170 hit  rel 2.357e-02
[chk] L7 e114 pcie rel 1.811e-02
[chk] L7 e3 pcie rel 2.079e-02
[chk] L8 e98 hit  rel 2.210e-02
[chk] L8 e105 hit  rel 2.089e-02
[chk] L8 e215 hit  rel 2.086e-02
[chk] L8 e168 hit  rel 2.323e-02
[chk] L8 e239 hit  rel 2.020e-02
[chk] L9 e149 hit  rel 2.174e-02
[chk] L9 e177 hit  rel 1.810e-02
[chk] L9 e28 hit  rel 2.070e-02
[chk] L9 e84 pcie rel 2.612e-02
[chk] L9 e164 hit  rel 1.940e-02
[chk] L9 e186 hit  rel 1.954e-02
[chk] L10 e199 hit  rel 1.758e-02
[chk] L10 e158 hit  rel 1.899e-02
[chk] L10 e15 hit  rel 2.199e-02
[chk] L10 e161 hit  rel 1.811e-02
[chk] L10 e11 hit  rel 2.364e-02
[chk] L10 e156 hit  rel 2.354e-02
[chk] L11 e15 hit  rel 1.899e-02
[chk] L11 e7 hit  rel 2.261e-02
[chk] L11 e113 hit  rel 2.008e-02
[chk] L11 e28 hit  rel 1.812e-02
[chk] L11 e40 pcie rel 2.105e-02
[chk] L12 e241 hit  rel 2.377e-02
[chk] L12 e229 hit  rel 2.662e-02
[chk] L12 e127 hit  rel 2.463e-02
[chk] L12 e235 pcie rel 2.264e-02
[chk] L12 e39 hit  rel 1.798e-02
[chk] L13 e93 hit  rel 2.489e-02
[chk] L13 e57 hit  rel 2.109e-02
[chk] L13 e122 hit  rel 2.171e-02
[chk] L13 e191 hit  rel 1.893e-02
[chk] L13 e150 hit  rel 1.898e-02
[chk] L14 e169 hit  rel 2.062e-02
[chk] L14 e21 hit  rel 2.454e-02
[chk] L14 e50 hit  rel 2.239e-02
[chk] L14 e226 pcie rel 1.986e-02
[chk] L14 e132 hit  rel 2.226e-02
[chk] L14 e56 hit  rel 2.162e-02
[chk] L15 e53 hit  rel 2.236e-02
[chk] L15 e28 hit  rel 2.365e-02
[chk] L15 e207 hit  rel 2.395e-02
[chk] L15 e46 hit  rel 1.796e-02
[chk] L15 e43 hit  rel 2.102e-02
[chk] L16 e82 hit  rel 2.601e-02
[chk] L16 e32 hit  rel 2.291e-02
[chk] L16 e137 hit  rel 2.426e-02
[chk] L16 e206 pcie rel 2.064e-02
[chk] L16 e49 hit  rel 1.889e-02
[chk] L17 e239 hit  rel 2.049e-02
[chk] L17 e5 hit  rel 1.972e-02
[chk] L17 e231 pcie rel 1.947e-02
[chk] L17 e70 pcie rel 2.097e-02
[chk] L17 e148 hit  rel 1.867e-02
[chk] L18 e5 hit  rel 2.160e-02
[chk] L18 e62 hit  rel 1.984e-02
[chk] L18 e102 pcie rel 2.151e-02
[chk] L19 e84 hit  rel 2.578e-02
[chk] L19 e37 hit  rel 1.910e-02
[chk] L19 e27 hit  rel 1.896e-02
[chk] L19 e249 hit  rel 2.049e-02
[chk] L19 e16 pcie rel 1.954e-02
[chk] L19 e151 hit  rel 2.566e-02
[chk] L20 e203 hit  rel 2.059e-02
[chk] L20 e227 hit  rel 2.098e-02
[chk] L20 e83 hit  rel 1.984e-02
[chk] L20 e191 hit  rel 1.878e-02
[chk] L20 e3 hit  rel 1.742e-02
[chk] L21 e161 hit  rel 2.211e-02
[chk] L21 e89 hit  rel 1.908e-02
[chk] L21 e59 hit  rel 1.952e-02
[chk] L21 e204 hit  rel 1.852e-02
[chk] L21 e116 pcie rel 1.825e-02
[chk] L22 e130 hit  rel 1.813e-02
[chk] L22 e223 hit  rel 2.120e-02
[chk] L22 e189 hit  rel 2.053e-02
[chk] L22 e170 pcie rel 2.128e-02
[chk] L22 e200 pcie rel 2.056e-02
[chk] L23 e134 hit  rel 1.853e-02
[chk] L23 e127 pcie rel 1.944e-02
[chk] L23 e251 pcie rel 2.089e-02
[chk] L24 e176 hit  rel 1.860e-02
[chk] L24 e36 hit  rel 2.339e-02
[chk] L24 e155 pcie rel 2.000e-02
[chk] L24 e227 hit  rel 2.174e-02
[chk] L24 e242 hit  rel 2.132e-02
[chk] L25 e241 hit  rel 2.012e-02
[chk] L25 e152 hit  rel 1.975e-02
[chk] L25 e139 pcie rel 2.005e-02
[chk] L25 e151 hit  rel 2.183e-02
[chk] L25 e129 pcie rel 2.211e-02
[chk] L26 e162 hit  rel 2.105e-02
[chk] L26 e92 hit  rel 2.106e-02
[chk] L26 e88 hit  rel 2.032e-02
[chk] L26 e34 hit  rel 2.058e-02
[chk] L26 e217 hit  rel 2.065e-02
[chk] L27 e85 hit  rel 2.048e-02
[chk] L27 e67 hit  rel 2.108e-02
[chk] L27 e32 hit  rel 2.139e-02
[chk] L27 e76 hit  rel 2.080e-02
[chk] L27 e156 pcie rel 2.120e-02
[chk] L28 e243 hit  rel 2.101e-02
[chk] L28 e251 hit  rel 2.055e-02
[chk] L28 e60 pcie rel 1.947e-02
[chk] L28 e209 hit  rel 2.223e-02
[chk] L28 e18 hit  rel 2.128e-02
[chk] L28 e126 hit  rel 2.203e-02
[chk] L29 e231 hit  rel 2.133e-02
[chk] L29 e253 hit  rel 2.180e-02
[chk] L29 e184 hit  rel 2.298e-02
[chk] L29 e38 pcie rel 2.092e-02
[chk] L30 e22 hit  rel 1.932e-02
[chk] L30 e28 hit  rel 2.222e-02
[chk] L30 e192 hit  rel 2.036e-02
[chk] L30 e207 hit  rel 2.061e-02
[chk] L30 e220 pcie rel 2.046e-02
[chk] L30 e247 hit  rel 2.145e-02
[chk] L31 e27 hit  rel 2.162e-02
[chk] L31 e153 hit  rel 2.033e-02
[chk] L31 e235 pcie rel 2.138e-02
[chk] L31 e17 hit  rel 2.086e-02
[chk] L32 e43 hit  rel 2.290e-02
[chk] L32 e190 hit  rel 2.150e-02
[chk] L32 e164 hit  rel 2.195e-02
[chk] L32 e232 pcie rel 2.021e-02
[chk] L32 e92 pcie rel 2.180e-02
[chk] L33 e247 hit  rel 2.265e-02
[chk] L33 e182 hit  rel 2.175e-02
[chk] L33 e232 hit  rel 2.138e-02
[chk] L33 e38 pcie rel 2.115e-02
[chk] L34 e119 hit  rel 1.970e-02
[chk] L34 e113 hit  rel 2.338e-02
[chk] L34 e135 hit  rel 2.161e-02
[chk] L34 e142 hit  rel 2.192e-02
[chk] L34 e162 pcie rel 2.146e-02
[chk] L35 e142 hit  rel 2.193e-02
[chk] L35 e144 hit  rel 2.082e-02
[chk] L35 e81 pcie rel 2.254e-02
[chk] L35 e82 hit  rel 2.136e-02
[chk] L35 e178 hit  rel 2.016e-02
[chk] L36 e248 hit  rel 2.035e-02
[chk] L36 e20 hit  rel 2.599e-02
[chk] L36 e81 hit  rel 2.123e-02
[chk] L36 e69 hit  rel 2.258e-02
[chk] L36 e9 hit  rel 2.120e-02
[chk] L36 e117 pcie rel 1.945e-02
[chk] L37 e115 hit  rel 2.183e-02
[chk] L37 e32 hit  rel 2.157e-02
[chk] L37 e116 pcie rel 2.094e-02
[chk] L37 e202 pcie rel 2.185e-02
[chk] L38 e62 hit  rel 1.971e-02
[chk] L38 e63 hit  rel 1.932e-02
[chk] L38 e11 hit  rel 1.962e-02
[chk] L38 e162 hit  rel 1.920e-02
[chk] L38 e115 hit  rel 2.134e-02
[chk] L39 e54 hit  rel 2.518e-02
[chk] L39 e139 hit  rel 2.149e-02
[chk] L39 e229 pcie rel 2.242e-02
[chk] L39 e146 hit  rel 2.195e-02
[chk] L39 e1 hit  rel 2.136e-02
[chk] L40 e247 hit  rel 1.972e-02
[chk] L40 e180 pcie rel 2.060e-02
[chk] L40 e133 hit  rel 2.267e-02
[chk] L40 e15 hit  rel 2.319e-02
[chk] L40 e26 hit  rel 2.370e-02
[chk] L40 e108 hit  rel 2.172e-02
[chk] L41 e183 hit  rel 2.135e-02
[chk] L41 e190 hit  rel 2.142e-02
[chk] L41 e139 hit  rel 2.409e-02
[chk] L41 e172 pcie rel 2.042e-02
[chk] L42 e141 hit  rel 2.127e-02
[chk] L42 e154 hit  rel 2.344e-02
[chk] L42 e165 hit  rel 1.690e-02
[chk] L42 e238 pcie rel 1.796e-02
[chk] L42 e209 hit  rel 2.144e-02
[chk] L0 e51 hit  rel 2.298e-02
[chk] L0 e189 pcie rel 2.587e-02
[chk] L0 e84 hit  rel 1.853e-02
[chk] L0 e139 pcie rel 2.320e-02
[chk] L1 e178 hit  rel 1.915e-02
[chk] L1 e28 pcie rel 2.002e-02
[chk] L1 e55 pcie rel 1.887e-02
[chk] L1 e41 pcie rel 1.927e-02
[chk] L2 e58 pcie rel 2.057e-02
[chk] L2 e7 hit  rel 2.109e-02
[chk] L2 e245 pcie rel 2.289e-02
[chk] L3 e64 hit  rel 2.446e-02
[chk] L3 e217 hit  rel 2.096e-02
[chk] L3 e9 hit  rel 2.406e-02
[chk] L3 e244 hit  rel 1.859e-02
[chk] L3 e233 pcie rel 2.029e-02
[chk] L4 e51 hit  rel 2.201e-02
[chk] L4 e184 hit  rel 1.914e-02
[chk] L4 e93 hit  rel 2.585e-02
[chk] L4 e58 pcie rel 2.303e-02
[chk] L4 e183 hit  rel 2.204e-02
[chk] L5 e79 hit  rel 2.110e-02
[chk] L5 e42 hit  rel 1.995e-02
[chk] L5 e112 hit  rel 1.918e-02
[chk] L5 e126 pcie rel 2.031e-02
[chk] L5 e105 hit  rel 2.361e-02
[chk] L5 e240 hit  rel 1.909e-02
[chk] L6 e200 hit  rel 2.170e-02
[chk] L6 e233 hit  rel 1.893e-02
[chk] L6 e203 hit  rel 2.019e-02
[chk] L6 e38 hit  rel 1.801e-02
[chk] L6 e125 hit  rel 1.941e-02
[chk] L6 e61 hit  rel 1.924e-02
[chk] L7 e160 hit  rel 2.041e-02
[chk] L7 e93 hit  rel 1.885e-02
[chk] L7 e88 hit  rel 1.880e-02
[chk] L7 e214 hit  rel 2.071e-02
[chk] L7 e78 hit  rel 2.269e-02
[chk] L8 e105 hit  rel 1.863e-02
[chk] L8 e106 hit  rel 1.968e-02
[chk] L8 e168 hit  rel 2.453e-02
[chk] L8 e194 hit  rel 1.994e-02
[chk] L8 e219 hit  rel 2.100e-02
[chk] L8 e231 hit  rel 2.144e-02
[chk] L9 e149 hit  rel 2.065e-02
[chk] L9 e230 hit  rel 2.362e-02
[chk] L9 e164 hit  rel 2.243e-02
[chk] L9 e186 hit  rel 1.984e-02
[chk] L9 e226 hit  rel 2.485e-02
[chk] L9 e32 hit  rel 2.043e-02
[chk] L10 e158 hit  rel 2.070e-02
[chk] L10 e77 pcie rel 2.501e-02
[chk] L10 e161 hit  rel 2.118e-02
[chk] L10 e63 hit  rel 2.022e-02
[chk] L10 e102 hit  rel 2.034e-02
[chk] L11 e7 hit  rel 1.991e-02
[chk] L11 e15 hit  rel 2.137e-02
[chk] L11 e102 hit  rel 2.085e-02
[chk] L11 e113 hit  rel 2.328e-02
[chk] L11 e207 hit  rel 1.922e-02
[chk] L11 e53 pcie rel 1.888e-02
[chk] L12 e229 hit  rel 2.536e-02
[chk] L12 e127 hit  rel 2.047e-02
[chk] L12 e74 hit  rel 2.016e-02
[chk] L12 e131 hit  rel 1.976e-02
[chk] L12 e52 hit  rel 1.972e-02
[chk] L13 e150 hit  rel 2.053e-02
[chk] L13 e122 hit  rel 2.321e-02
[chk] L13 e99 hit  rel 2.110e-02
[chk] L13 e93 hit  rel 2.213e-02
[chk] L13 e25 pcie rel 1.915e-02
[chk] L13 e154 hit  rel 1.911e-02
[chk] L14 e3 hit  rel 1.943e-02
[chk] L14 e56 hit  rel 2.023e-02
[chk] L14 e227 hit  rel 1.956e-02
[chk] L14 e21 hit  rel 2.410e-02
[chk] L14 e134 hit  rel 1.990e-02
[chk] L14 e132 hit  rel 2.466e-02
[chk] L15 e53 hit  rel 2.330e-02
[chk] L15 e28 hit  rel 2.127e-02
[chk] L15 e89 pcie rel 1.923e-02
[chk] L15 e240 hit  rel 1.765e-02
[chk] L16 e185 hit  rel 2.494e-02
[chk] L16 e82 hit  rel 2.255e-02
[chk] L16 e239 hit  rel 1.911e-02
[chk] L16 e63 hit  rel 2.166e-02
[chk] L16 e137 hit  rel 1.831e-02
[chk] L16 e129 hit  rel 1.842e-02
[chk] L17 e186 hit  rel 2.119e-02
[chk] L17 e239 hit  rel 2.155e-02
[chk] L17 e188 hit  rel 2.073e-02
[chk] L17 e44 hit  rel 1.952e-02
[chk] L17 e102 pcie rel 1.925e-02
[chk] L17 e123 hit  rel 1.829e-02
[chk] L18 e254 hit  rel 1.961e-02
[chk] L18 e62 hit  rel 2.077e-02
[chk] L18 e178 pcie rel 1.968e-02
[chk] L18 e7 pcie rel 2.020e-02
[chk] L19 e27 hit  rel 1.889e-02
[chk] L19 e84 hit  rel 2.561e-02
[chk] L19 e254 hit  rel 2.307e-02
[chk] L19 e160 hit  rel 2.903e-02
[chk] L19 e37 hit  rel 2.195e-02
[chk] L20 e203 hit  rel 1.801e-02
[chk] L20 e227 hit  rel 1.953e-02
[chk] L20 e148 hit  rel 1.988e-02
[chk] L20 e3 hit  rel 1.919e-02
[chk] L20 e244 pcie rel 1.868e-02
[chk] L21 e89 hit  rel 2.376e-02
[chk] L21 e59 hit  rel 2.234e-02
[chk] L21 e161 hit  rel 2.137e-02
[chk] L21 e116 pcie rel 1.937e-02
[chk] L21 e204 hit  rel 2.063e-02
[chk] L22 e130 hit  rel 1.938e-02
[chk] L22 e223 hit  rel 2.139e-02
[chk] L22 e189 hit  rel 2.283e-02
[chk] L22 e94 pcie rel 2.019e-02
[chk] L22 e205 pcie rel 2.245e-02
[chk] L23 e134 hit  rel 2.112e-02
[chk] L23 e127 pcie rel 1.880e-02
[chk] L23 e52 pcie rel 2.055e-02
[chk] L23 e123 hit  rel 1.891e-02
[chk] L24 e176 hit  rel 1.999e-02
[chk] L24 e93 hit  rel 2.487e-02
[chk] L24 e36 hit  rel 2.541e-02
[chk] L24 e227 hit  rel 2.099e-02
[chk] L24 e84 hit  rel 2.097e-02
[chk] L25 e241 hit  rel 2.202e-02
[chk] L25 e152 hit  rel 1.999e-02
[chk] L25 e204 hit  rel 1.775e-02
[chk] L25 e139 pcie rel 2.076e-02
[chk] L25 e151 hit  rel 1.928e-02
[chk] L26 e34 hit  rel 2.353e-02
[chk] L26 e88 hit  rel 2.151e-02
[chk] L26 e162 hit  rel 2.232e-02
[chk] L26 e92 hit  rel 2.076e-02
[chk] L26 e119 hit  rel 2.149e-02
[chk] L26 e130 hit  rel 2.275e-02
[chk] L27 e32 hit  rel 2.151e-02
[chk] L27 e85 hit  rel 2.176e-02
[chk] L27 e242 hit  rel 2.011e-02
[chk] L27 e98 pcie rel 2.130e-02
[chk] L27 e37 hit  rel 2.092e-02
[chk] L28 e209 hit  rel 2.193e-02
[chk] L28 e243 hit  rel 2.048e-02
[chk] L28 e251 hit  rel 2.109e-02
[chk] L28 e18 hit  rel 2.500e-02
[chk] L28 e118 pcie rel 2.098e-02
[chk] L29 e231 hit  rel 2.051e-02
[chk] L29 e253 hit  rel 2.068e-02
[chk] L29 e43 pcie rel 2.898e-02
[chk] L29 e217 hit  rel 1.955e-02
[chk] L29 e188 pcie rel 2.232e-02
[chk] L30 e22 hit  rel 1.772e-02
[chk] L30 e28 hit  rel 2.055e-02
[chk] L30 e192 hit  rel 2.154e-02
[chk] L30 e87 pcie rel 2.263e-02
[chk] L31 e27 hit  rel 2.945e-02
[chk] L31 e153 hit  rel 2.057e-02
[chk] L31 e190 hit  rel 2.057e-02
[chk] L31 e53 pcie rel 2.422e-02
[chk] L32 e43 hit  rel 2.140e-02
[chk] L32 e164 hit  rel 2.000e-02
[chk] L32 e190 hit  rel 2.232e-02
[chk] L32 e92 pcie rel 2.188e-02
[chk] L32 e8 hit  rel 2.155e-02
[chk] L33 e247 hit  rel 2.448e-02
[chk] L33 e117 hit  rel 2.032e-02
[chk] L33 e21 pcie rel 2.044e-02
[chk] L33 e95 pcie rel 2.283e-02
[chk] L34 e119 hit  rel 1.966e-02
[chk] L34 e113 hit  rel 2.112e-02
[chk] L34 e243 pcie rel 2.208e-02
[chk] L34 e135 hit  rel 1.961e-02
[chk] L34 e85 hit  rel 1.984e-02
[chk] L35 e142 hit  rel 2.051e-02
[chk] L35 e53 hit  rel 2.066e-02
[chk] L35 e82 hit  rel 2.156e-02
[chk] L35 e163 pcie rel 2.069e-02
[chk] L35 e4 pcie rel 1.989e-02
[chk] L36 e248 hit  rel 2.044e-02
[chk] L36 e20 hit  rel 2.489e-02
[chk] L36 e81 hit  rel 2.009e-02
[chk] L36 e73 pcie rel 2.186e-02
[chk] L37 e115 hit  rel 2.206e-02
[chk] L37 e147 pcie rel 2.095e-02
[chk] L37 e32 hit  rel 2.119e-02
[chk] L37 e4 hit  rel 2.563e-02
[chk] L37 e223 pcie rel 2.176e-02
[chk] L38 e62 hit  rel 1.899e-02
[chk] L38 e63 hit  rel 2.192e-02
[chk] L38 e115 hit  rel 2.197e-02
[chk] L38 e11 hit  rel 1.943e-02
[chk] L38 e162 hit  rel 1.978e-02
[chk] L38 e133 hit  rel 1.859e-02
[chk] L39 e54 hit  rel 2.288e-02
[chk] L39 e139 hit  rel 2.003e-02
[chk] L39 e70 hit  rel 2.307e-02
[chk] L39 e32 hit  rel 2.386e-02
[chk] L39 e229 pcie rel 2.012e-02
[chk] L40 e247 hit  rel 1.724e-02
[chk] L40 e15 hit  rel 2.060e-02
[chk] L40 e108 hit  rel 2.098e-02
[chk] L40 e146 pcie rel 2.318e-02
[chk] L41 e190 hit  rel 2.114e-02
[chk] L41 e161 pcie rel 2.428e-02
[chk] L41 e139 hit  rel 2.253e-02
[chk] L41 e215 pcie rel 2.354e-02
[chk] L42 e141 hit  rel 1.971e-02
[chk] L42 e38 hit  rel 1.724e-02
[chk] L42 e165 hit  rel 2.301e-02
[chk] L42 e254 hit  rel 1.776e-02
[chk] L42 e204 pcie rel 2.102e-02
[chk] L0 e47 pcie rel 2.202e-02
[chk] L0 e20 pcie rel 2.245e-02
[chk] L0 e75 pcie rel 2.261e-02
[chk] L1 e229 hit  rel 1.872e-02
[chk] L1 e32 hit  rel 1.872e-02
[chk] L1 e17 pcie rel 1.928e-02
[chk] L1 e44 pcie rel 1.890e-02
[chk] L2 e161 pcie rel 2.096e-02
[chk] L2 e53 hit  rel 1.943e-02
[chk] L2 e243 pcie rel 2.093e-02
[chk] L2 e19 hit  rel 2.145e-02
[chk] L2 e101 hit  rel 2.173e-02
[chk] L3 e9 hit  rel 2.365e-02
[chk] L3 e217 hit  rel 2.234e-02
[chk] L3 e188 hit  rel 2.210e-02
[chk] L3 e27 hit  rel 2.242e-02
[chk] L3 e50 hit  rel 1.994e-02
[chk] L4 e52 hit  rel 1.789e-02
[chk] L4 e184 hit  rel 2.041e-02
[chk] L4 e193 hit  rel 2.229e-02
[chk] L4 e139 hit  rel 2.009e-02
[chk] L4 e63 pcie rel 2.271e-02
[chk] L4 e223 hit  rel 1.900e-02
[chk] L5 e42 hit  rel 2.154e-02
[chk] L5 e79 hit  rel 2.148e-02
[chk] L5 e229 hit  rel 1.866e-02
[chk] L5 e112 hit  rel 2.130e-02
[chk] L5 e148 pcie rel 2.320e-02
[chk] L6 e203 hit  rel 2.233e-02
[chk] L6 e233 hit  rel 1.996e-02
[chk] L6 e85 hit  rel 2.164e-02
[chk] L6 e19 hit  rel 2.321e-02
[chk] L6 e135 hit  rel 2.168e-02
[chk] L7 e170 hit  rel 2.124e-02
[chk] L7 e160 hit  rel 2.378e-02
[chk] L7 e223 hit  rel 2.610e-02
[chk] L7 e90 pcie rel 1.965e-02
[chk] L7 e214 hit  rel 2.064e-02
[chk] L8 e168 hit  rel 2.763e-02
[chk] L8 e106 hit  rel 2.248e-02
[chk] L8 e105 hit  rel 2.040e-02
[chk] L8 e239 hit  rel 2.241e-02
[chk] L8 e125 hit  rel 2.186e-02
[chk] L8 e193 pcie rel 1.735e-02
[chk] L9 e149 hit  rel 2.168e-02
[chk] L9 e164 hit  rel 1.938e-02
[chk] L9 e186 hit  rel 2.141e-02
[chk] L9 e230 hit  rel 2.013e-02
[chk] L9 e226 hit  rel 2.062e-02
[chk] L10 e3 hit  rel 1.895e-02
[chk] L10 e171 pcie rel 1.851e-02
[chk] L10 e15 hit  rel 2.103e-02
[chk] L10 e92 hit  rel 2.024e-02
[chk] L10 e44 hit  rel 1.862e-02
[chk] L11 e113 hit  rel 2.103e-02
[chk] L11 e7 hit  rel 2.134e-02
[chk] L11 e5 hit  rel 2.245e-02
[chk] L11 e77 hit  rel 1.939e-02
[chk] L11 e136 hit  rel 2.133e-02
[chk] L11 e85 pcie rel 1.802e-02
[chk] L12 e229 hit  rel 2.672e-02
[chk] L12 e52 hit  rel 1.885e-02
[chk] L12 e235 pcie rel 1.951e-02
[chk] L12 e127 hit  rel 2.532e-02
[chk] L12 e202 hit  rel 2.044e-02
[chk] L13 e93 hit  rel 2.163e-02
[chk] L13 e122 hit  rel 2.163e-02
[chk] L13 e150 hit  rel 1.967e-02
[chk] L13 e154 hit  rel 1.980e-02
[chk] L13 e25 pcie rel 1.825e-02
[chk] L14 e56 hit  rel 2.181e-02
[chk] L14 e229 hit  rel 1.874e-02
[chk] L14 e21 hit  rel 1.956e-02
[chk] L14 e134 hit  rel 2.014e-02
[chk] L14 e91 hit  rel 1.875e-02
[chk] L15 e53 hit  rel 2.048e-02
[chk] L15 e28 hit  rel 2.015e-02
[chk] L15 e217 hit  rel 1.971e-02
[chk] L15 e43 hit  rel 1.943e-02
[chk] L15 e103 pcie rel 2.245e-02
[chk] L16 e63 hit  rel 2.052e-02
[chk] L16 e185 hit  rel 2.437e-02
[chk] L16 e129 hit  rel 1.928e-02
[chk] L16 e137 hit  rel 2.195e-02
[chk] L16 e88 pcie rel 2.059e-02
[chk] L17 e131 hit  rel 1.995e-02
[chk] L17 e49 pcie rel 2.106e-02
[chk] L17 e102 pcie rel 1.797e-02
[chk] L17 e168 hit  rel 1.958e-02
[chk] L17 e239 hit  rel 2.096e-02
[chk] L18 e254 hit  rel 1.986e-02
[chk] L18 e62 hit  rel 2.260e-02
[chk] L18 e172 pcie rel 1.822e-02
[chk] L18 e38 pcie rel 1.988e-02
[chk] L19 e151 hit  rel 1.781e-02
[chk] L19 e85 hit  rel 1.965e-02
[chk] L19 e177 hit  rel 2.298e-02
[chk] L19 e175 hit  rel 2.061e-02
[chk] L19 e218 hit  rel 2.021e-02
[chk] L19 e249 hit  rel 2.013e-02
[chk] L20 e227 hit  rel 1.780e-02
[chk] L20 e148 hit  rel 2.126e-02
[chk] L20 e14 hit  rel 2.001e-02
[chk] L20 e3 hit  rel 2.132e-02
[chk] L20 e244 pcie rel 2.126e-02
[chk] L21 e189 hit  rel 2.075e-02
[chk] L21 e165 hit  rel 2.357e-02
[chk] L21 e124 hit  rel 1.942e-02
[chk] L21 e59 hit  rel 2.314e-02
[chk] L21 e162 pcie rel 2.160e-02
[chk] L22 e39 hit  rel 1.955e-02
[chk] L22 e130 hit  rel 1.990e-02
[chk] L22 e189 hit  rel 2.370e-02
[chk] L22 e107 hit  rel 2.176e-02
[chk] L22 e223 hit  rel 2.197e-02
[chk] L23 e142 hit  rel 2.311e-02
[chk] L23 e221 hit  rel 2.298e-02
[chk] L23 e134 hit  rel 2.269e-02
[chk] L23 e126 pcie rel 1.971e-02
[chk] L23 e147 pcie rel 1.890e-02
[chk] L24 e176 hit  rel 2.045e-02
[chk] L24 e93 hit  rel 2.323e-02
[chk] L24 e63 hit  rel 1.951e-02
[chk] L24 e148 pcie rel 2.114e-02
[chk] L25 e241 hit  rel 2.117e-02
[chk] L25 e71 hit  rel 2.271e-02
[chk] L25 e185 pcie rel 2.105e-02
[chk] L25 e204 hit  rel 2.103e-02
[chk] L25 e31 hit  rel 1.889e-02
[chk] L25 e151 hit  rel 2.080e-02
[chk] L26 e249 hit  rel 2.109e-02
[chk] L26 e19 hit  rel 2.097e-02
[chk] L26 e119 hit  rel 2.104e-02
[chk] L26 e162 hit  rel 2.231e-02
[chk] L26 e88 hit  rel 1.991e-02
[chk] L26 e34 hit  rel 2.035e-02
[chk] L27 e104 hit  rel 2.184e-02
[chk] L27 e32 hit  rel 2.174e-02
[chk] L27 e85 hit  rel 2.056e-02
[chk] L27 e242 hit  rel 2.172e-02
[chk] L27 e196 hit  rel 2.283e-02
[chk] L28 e243 hit  rel 2.233e-02
[chk] L28 e209 hit  rel 2.269e-02
[chk] L28 e18 hit  rel 2.220e-02
[chk] L28 e118 pcie rel 2.345e-02
[chk] L28 e251 hit  rel 2.043e-02
[chk] L29 e253 hit  rel 2.868e-02
[chk] L29 e95 hit  rel 2.162e-02
[chk] L29 e217 hit  rel 2.501e-02
[chk] L29 e107 hit  rel 1.948e-02
[chk] L29 e193 pcie rel 1.972e-02
[chk] L30 e28 hit  rel 2.399e-02
[chk] L30 e207 hit  rel 2.358e-02
[chk] L30 e22 hit  rel 2.061e-02
[chk] L30 e39 hit  rel 2.411e-02
[chk] L30 e180 pcie rel 2.312e-02
[chk] L31 e22 hit  rel 2.172e-02
[chk] L31 e27 hit  rel 2.235e-02
[chk] L31 e53 pcie rel 2.305e-02
[chk] L31 e170 pcie rel 2.026e-02
[chk] L32 e190 hit  rel 2.274e-02
[chk] L32 e164 hit  rel 1.916e-02
[chk] L32 e43 hit  rel 2.136e-02
[chk] L32 e8 hit  rel 2.081e-02
[chk] L32 e16 pcie rel 2.109e-02
[chk] L33 e86 hit  rel 2.192e-02
[chk] L33 e247 hit  rel 2.240e-02
[chk] L33 e182 hit  rel 2.092e-02
[chk] L33 e21 pcie rel 2.024e-02
[chk] L34 e119 hit  rel 2.033e-02
[chk] L34 e113 hit  rel 1.936e-02
[chk] L34 e206 pcie rel 2.324e-02
[chk] L34 e219 pcie rel 2.260e-02
[chk] L35 e120 hit  rel 2.110e-02
[chk] L35 e142 hit  rel 2.166e-02
[chk] L35 e8 hit  rel 1.956e-02
[chk] L35 e144 hit  rel 2.048e-02
[chk] L35 e82 hit  rel 2.134e-02
[chk] L35 e74 hit  rel 2.464e-02
[chk] L36 e116 hit  rel 1.974e-02
[chk] L36 e248 hit  rel 1.955e-02
[chk] L36 e20 hit  rel 2.078e-02
[chk] L36 e96 hit  rel 2.422e-02
[chk] L36 e41 hit  rel 2.307e-02
[chk] L36 e9 hit  rel 2.331e-02
[chk] L37 e115 hit  rel 2.138e-02
[chk] L37 e81 pcie rel 2.051e-02
[chk] L37 e44 pcie rel 2.022e-02
[chk] L37 e211 pcie rel 2.227e-02
[chk] L38 e83 hit  rel 2.166e-02
[chk] L38 e11 hit  rel 2.258e-02
[chk] L38 e62 hit  rel 2.190e-02
[chk] L38 e63 hit  rel 2.026e-02
[chk] L38 e196 pcie rel 2.205e-02
[chk] L39 e204 hit  rel 2.052e-02
[chk] L39 e22 hit  rel 2.205e-02
[chk] L39 e54 hit  rel 2.278e-02
[chk] L39 e70 hit  rel 2.516e-02
[chk] L39 e139 hit  rel 2.407e-02
[chk] L40 e247 hit  rel 2.028e-02
[chk] L40 e61 pcie rel 2.505e-02
[chk] L40 e133 hit  rel 2.682e-02
[chk] L40 e107 pcie rel 2.178e-02
[chk] L40 e172 hit  rel 2.500e-02
[chk] L41 e202 hit  rel 2.015e-02
[chk] L41 e183 hit  rel 1.915e-02
[chk] L41 e137 hit  rel 2.285e-02
[chk] L41 e190 hit  rel 2.135e-02
[chk] L41 e156 hit  rel 1.926e-02
[chk] L42 e141 hit  rel 1.977e-02
[chk] L42 e254 hit  rel 2.053e-02
[chk] L42 e9 hit  rel 2.017e-02
[chk] L42 e165 hit  rel 2.375e-02
[chk] L42 e135 hit  rel 2.328e-02
[chk] L42 e154 hit  rel 2.167e-02
[chk] L0 e107 hit  rel 2.413e-02
[chk] L0 e132 hit  rel 2.007e-02
[chk] L0 e29 hit  rel 2.290e-02
[chk] L0 e62 hit  rel 2.634e-02
[chk] L0 e106 hit  rel 1.970e-02
[chk] L0 e74 hit  rel 2.697e-02
[chk] L1 e210 hit  rel 2.022e-02
[chk] L1 e155 hit  rel 2.780e-02
[chk] L1 e36 pcie rel 2.274e-02
[chk] L1 e229 hit  rel 1.857e-02
[chk] L1 e86 hit  rel 2.069e-02
[chk] L1 e114 hit  rel 1.960e-02
[chk] L2 e20 hit  rel 2.062e-02
[chk] L2 e174 hit  rel 2.017e-02
[chk] L2 e74 hit  rel 2.446e-02
[chk] L2 e125 pcie rel 2.406e-02
[chk] L2 e141 hit  rel 2.907e-02
[chk] L3 e160 hit  rel 1.824e-02
[chk] L3 e64 hit  rel 2.045e-02
[chk] L3 e217 hit  rel 2.174e-02
[chk] L3 e9 hit  rel 1.971e-02
[chk] L3 e222 hit  rel 2.113e-02
[chk] L4 e191 hit  rel 2.160e-02
[chk] L4 e183 hit  rel 2.194e-02
[chk] L4 e51 hit  rel 2.348e-02
[chk] L4 e26 pcie rel 2.352e-02
[chk] L4 e184 hit  rel 2.219e-02
[chk] L4 e170 hit  rel 2.012e-02
[chk] L5 e79 hit  rel 2.006e-02
[chk] L5 e42 hit  rel 2.024e-02
[chk] L5 e130 hit  rel 1.831e-02
[chk] L5 e229 hit  rel 2.200e-02
[chk] L5 e14 hit  rel 1.989e-02
[chk] L6 e168 hit  rel 2.377e-02
[chk] L6 e50 hit  rel 2.179e-02
[chk] L6 e242 pcie rel 2.006e-02
[chk] L6 e120 pcie rel 1.935e-02
[chk] L7 e88 hit  rel 2.087e-02
[chk] L7 e170 hit  rel 1.993e-02
[chk] L7 e62 pcie rel 2.010e-02
[chk] L7 e212 pcie rel 2.064e-02
[chk] L8 e98 hit  rel 2.100e-02
[chk] L8 e168 hit  rel 2.557e-02
[chk] L8 e239 hit  rel 2.021e-02
[chk] L8 e12 pcie rel 2.094e-02
[chk] L8 e215 hit  rel 1.921e-02
[chk] L8 e82 hit  rel 2.052e-02
[chk] L9 e164 hit  rel 2.032e-02
[chk] L9 e149 hit  rel 2.018e-02
[chk] L9 e186 hit  rel 2.191e-02
[chk] L9 e177 hit  rel 1.997e-02
[chk] L9 e99 pcie rel 1.833e-02
[chk] L10 e199 hit  rel 1.789e-02
[chk] L10 e3 hit  rel 1.922e-02
[chk] L10 e158 hit  rel 1.919e-02
[chk] L10 e24 pcie rel 2.076e-02
[chk] L11 e15 hit  rel 2.056e-02
[chk] L11 e236 hit  rel 2.100e-02
[chk] L11 e113 hit  rel 2.214e-02
[chk] L11 e7 hit  rel 2.051e-02
[chk] L11 e77 hit  rel 2.197e-02
[chk] L11 e159 pcie rel 2.035e-02
[chk] L12 e229 hit  rel 2.745e-02
[chk] L12 e52 hit  rel 1.774e-02
[chk] L12 e241 hit  rel 2.018e-02
[chk] L12 e90 pcie rel 1.896e-02
[chk] L12 e127 hit  rel 2.333e-02
[chk] L13 e93 hit  rel 2.511e-02
[chk] L13 e150 hit  rel 2.009e-02
[chk] L13 e122 hit  rel 2.079e-02
[chk] L13 e189 pcie rel 2.048e-02
[chk] L14 e21 hit  rel 2.378e-02
[chk] L14 e56 hit  rel 2.176e-02
[chk] L14 e134 hit  rel 1.989e-02
[chk] L14 e169 hit  rel 1.934e-02
[chk] L14 e225 pcie rel 1.776e-02
[chk] L15 e28 hit  rel 2.077e-02
[chk] L15 e53 hit  rel 1.783e-02
[chk] L15 e43 hit  rel 1.839e-02
[chk] L15 e37 pcie rel 1.939e-02
[chk] L15 e165 pcie rel 1.827e-02
[chk] L16 e185 hit  rel 2.269e-02
[chk] L16 e63 hit  rel 1.936e-02
[chk] L16 e137 hit  rel 1.965e-02
[chk] L16 e82 hit  rel 2.438e-02
[chk] L16 e215 pcie rel 1.918e-02
[chk] L17 e239 hit  rel 2.050e-02
[chk] L17 e188 hit  rel 2.052e-02
[chk] L17 e131 hit  rel 2.109e-02
[chk] L17 e102 pcie rel 1.872e-02
[chk] L18 e62 hit  rel 2.099e-02
[chk] L18 e254 hit  rel 1.933e-02
[chk] L18 e228 pcie rel 2.041e-02
[chk] L18 e102 pcie rel 2.026e-02
[chk] L19 e84 hit  rel 2.284e-02
[chk] L19 e27 hit  rel 1.824e-02
[chk] L19 e14 hit  rel 2.003e-02
[chk] L19 e130 pcie rel 2.001e-02
[chk] L19 e107 pcie rel 2.099e-02
[chk] L20 e227 hit  rel 1.944e-02
[chk] L20 e203 hit  rel 1.994e-02
[chk] L20 e23 pcie rel 2.263e-02
[chk] L20 e148 hit  rel 2.034e-02
[chk] L20 e3 hit  rel 1.972e-02
[chk] L21 e161 hit  rel 1.908e-02
[chk] L21 e59 hit  rel 2.043e-02
[chk] L21 e107 pcie rel 1.936e-02
[chk] L21 e165 hit  rel 2.335e-02
[chk] L22 e130 hit  rel 1.766e-02
[chk] L22 e189 hit  rel 2.368e-02
[chk] L22 e146 pcie rel 2.070e-02
[chk] L22 e59 pcie rel 2.073e-02
[chk] L23 e134 hit  rel 1.967e-02
[chk] L23 e97 pcie rel 2.035e-02
[chk] L23 e56 hit  rel 2.131e-02
[chk] L23 e127 pcie rel 1.885e-02
[chk] L23 e142 hit  rel 2.063e-02
[chk] L24 e176 hit  rel 1.927e-02
[chk] L24 e200 pcie rel 2.005e-02
[chk] L24 e156 hit  rel 2.042e-02
[chk] L24 e93 hit  rel 2.125e-02
[chk] L25 e241 hit  rel 2.150e-02
[chk] L25 e197 hit  rel 1.967e-02
[chk] L25 e151 hit  rel 2.039e-02
[chk] L25 e139 pcie rel 1.908e-02
[chk] L25 e118 hit  rel 1.977e-02
[chk] L26 e249 hit  rel 2.024e-02
[chk] L26 e88 hit  rel 2.029e-02
[chk] L26 e162 hit  rel 2.005e-02
[chk] L26 e119 hit  rel 2.192e-02
[chk] L26 e223 pcie rel 2.202e-02
[chk] L26 e62 hit  rel 2.071e-02
[chk] L27 e85 hit  rel 2.095e-02
[chk] L27 e32 hit  rel 2.043e-02
[chk] L27 e160 hit  rel 2.059e-02
[chk] L27 e170 pcie rel 2.023e-02
[chk] L28 e243 hit  rel 2.054e-02
[chk] L28 e209 hit  rel 2.091e-02
[chk] L28 e60 pcie rel 1.926e-02
[chk] L28 e251 hit  rel 2.139e-02
[chk] L28 e18 hit  rel 2.204e-02
[chk] L29 e253 hit  rel 2.223e-02
[chk] L29 e231 hit  rel 1.917e-02
[chk] L29 e1 pcie rel 2.063e-02
[chk] L29 e130 hit  rel 2.287e-02
[chk] L29 e128 pcie rel 1.988e-02
[chk] L30 e28 hit  rel 2.167e-02
[chk] L30 e22 hit  rel 2.113e-02
[chk] L30 e101 hit  rel 2.077e-02
[chk] L30 e180 pcie rel 2.214e-02
[chk] L31 e27 hit  rel 2.038e-02
[chk] L31 e153 hit  rel 2.014e-02
[chk] L31 e11 pcie rel 2.147e-02
[chk] L31 e137 pcie rel 2.038e-02
[chk] L31 e197 hit  rel 2.468e-02
[chk] L32 e8 hit  rel 2.181e-02
[chk] L32 e43 hit  rel 2.208e-02
[chk] L32 e164 hit  rel 1.955e-02
[chk] L32 e242 pcie rel 2.097e-02
[chk] L32 e190 hit  rel 2.102e-02
[chk] L33 e247 hit  rel 2.204e-02
[chk] L33 e176 pcie rel 2.116e-02
[chk] L33 e86 hit  rel 2.310e-02
[chk] L33 e182 hit  rel 1.980e-02
[chk] L34 e119 hit  rel 2.095e-02
[chk] L34 e113 hit  rel 2.084e-02
[chk] L34 e234 pcie rel 2.030e-02
[chk] L34 e135 hit  rel 2.082e-02
[chk] L34 e136 hit  rel 2.281e-02
[chk] L35 e142 hit  rel 2.246e-02
[chk] L35 e239 hit  rel 1.990e-02
[chk] L35 e56 pcie rel 2.332e-02
[chk] L35 e151 hit  rel 1.988e-02
[chk] L35 e120 hit  rel 2.224e-02
[chk] L36 e248 hit  rel 2.079e-02
[chk] L36 e96 hit  rel 2.930e-02
[chk] L36 e20 hit  rel 2.124e-02
[chk] L36 e81 hit  rel 2.090e-02
[chk] L36 e9 hit  rel 2.236e-02
[chk] L36 e41 hit  rel 2.367e-02
[chk] L37 e115 hit  rel 2.181e-02
[chk] L37 e213 pcie rel 2.194e-02
[chk] L37 e144 pcie rel 2.419e-02
[chk] L37 e109 pcie rel 1.903e-02
[chk] L38 e62 hit  rel 2.045e-02
[chk] L38 e11 hit  rel 2.320e-02
[chk] L38 e63 hit  rel 2.062e-02
[chk] L38 e75 pcie rel 2.049e-02
[chk] L38 e115 hit  rel 2.157e-02
[chk] L39 e54 hit  rel 2.199e-02
[chk] L39 e204 hit  rel 1.994e-02
[chk] L39 e150 hit  rel 1.698e-02
[chk] L39 e22 hit  rel 2.346e-02
[chk] L39 e182 hit  rel 1.909e-02
[chk] L40 e247 hit  rel 2.095e-02
[chk] L40 e133 hit  rel 2.417e-02
[chk] L40 e180 pcie rel 2.019e-02
[chk] L40 e116 pcie rel 2.260e-02
[chk] L40 e237 hit  rel 2.290e-02
[chk] L41 e51 hit  rel 2.017e-02
[chk] L41 e111 pcie rel 2.245e-02
[chk] L41 e169 pcie rel 2.045e-02
[chk] L42 e9 hit  rel 1.743e-02
[chk] L42 e216 hit  rel 2.266e-02
[chk] L42 e165 hit  rel 2.177e-02
[chk] L42 e35 pcie rel 2.764e-02
[chk] L0 e106 hit  rel 2.159e-02
[chk] L0 e57 pcie rel 1.960e-02
[chk] L0 e1 pcie rel 2.203e-02
[chk] L0 e5 pcie rel 2.101e-02
[chk] L1 e4 hit  rel 1.936e-02
[chk] L1 e2 hit  rel 1.827e-02
[chk] L1 e223 hit  rel 1.775e-02
[chk] L1 e232 hit  rel 1.807e-02
[chk] L1 e35 hit  rel 1.825e-02
[chk] L2 e169 pcie rel 2.031e-02
[chk] L2 e177 pcie rel 1.950e-02
[chk] L2 e1 hit  rel 2.470e-02
[chk] L2 e21 pcie rel 1.989e-02
[chk] L3 e217 hit  rel 2.585e-02
[chk] L3 e9 hit  rel 2.084e-02
[chk] L3 e64 hit  rel 2.675e-02
[chk] L3 e160 hit  rel 2.012e-02
[chk] L3 e192 pcie rel 1.875e-02
[chk] L4 e51 hit  rel 2.758e-02
[chk] L4 e184 hit  rel 2.451e-02
[chk] L4 e237 hit  rel 2.252e-02
[chk] L4 e139 hit  rel 1.939e-02
[chk] L4 e58 pcie rel 2.350e-02
[chk] L5 e79 hit  rel 2.211e-02
[chk] L5 e42 hit  rel 1.817e-02
[chk] L5 e112 hit  rel 1.950e-02
[chk] L5 e87 pcie rel 1.830e-02
[chk] L6 e200 hit  rel 1.939e-02
[chk] L6 e233 hit  rel 2.008e-02
[chk] L6 e203 hit  rel 2.103e-02
[chk] L6 e38 hit  rel 1.917e-02
[chk] L6 e47 hit  rel 1.740e-02
[chk] L6 e178 pcie rel 2.160e-02
[chk] L7 e88 hit  rel 2.022e-02
[chk] L7 e160 hit  rel 1.911e-02
[chk] L7 e170 hit  rel 1.940e-02
[chk] L7 e93 hit  rel 1.836e-02
[chk] L7 e180 pcie rel 2.038e-02
[chk] L8 e168 hit  rel 2.418e-02
[chk] L8 e105 hit  rel 2.079e-02
[chk] L8 e239 hit  rel 2.359e-02
[chk] L8 e215 hit  rel 2.089e-02
[chk] L8 e106 hit  rel 1.958e-02
[chk] L9 e149 hit  rel 2.373e-02
[chk] L9 e164 hit  rel 2.192e-02
[chk] L9 e57 pcie rel 1.848e-02
[chk] L9 e99 pcie rel 1.744e-02
[chk] L9 e186 hit  rel 2.098e-02
[chk] L10 e24 pcie rel 2.105e-02
[chk] L10 e234 pcie rel 1.907e-02
[chk] L10 e63 hit  rel 1.964e-02
[chk] L11 e236 hit  rel 2.412e-02
[chk] L11 e113 hit  rel 2.035e-02
[chk] L11 e7 hit  rel 2.330e-02
[chk] L11 e102 hit  rel 2.108e-02
[chk] L11 e53 pcie rel 1.924e-02
[chk] L12 e229 hit  rel 2.557e-02
[chk] L12 e74 hit  rel 1.846e-02
[chk] L12 e127 hit  rel 2.462e-02
[chk] L12 e131 hit  rel 1.825e-02
[chk] L12 e235 pcie rel 2.001e-02
[chk] L12 e52 hit  rel 1.752e-02
[chk] L13 e93 hit  rel 2.260e-02
[chk] L13 e122 hit  rel 2.212e-02
[chk] L13 e99 hit  rel 2.121e-02
[chk] L13 e150 hit  rel 1.965e-02
[chk] L13 e111 pcie rel 2.326e-02
[chk] L14 e21 hit  rel 2.176e-02
[chk] L14 e56 hit  rel 2.119e-02
[chk] L14 e227 hit  rel 2.107e-02
[chk] L14 e134 hit  rel 2.511e-02
[chk] L14 e3 hit  rel 2.113e-02
[chk] L15 e53 hit  rel 1.955e-02
[chk] L15 e108 pcie rel 2.184e-02
[chk] L15 e187 hit  rel 1.908e-02
[chk] L15 e235 pcie rel 1.868e-02
[chk] L16 e239 hit  rel 1.790e-02
[chk] L16 e185 hit  rel 2.041e-02
[chk] L16 e137 hit  rel 1.997e-02
[chk] L16 e13 pcie rel 1.746e-02
[chk] L16 e63 hit  rel 1.792e-02
[chk] L17 e186 hit  rel 1.891e-02
[chk] L17 e239 hit  rel 2.166e-02
[chk] L17 e49 pcie rel 2.009e-02
[chk] L17 e169 pcie rel 2.059e-02
[chk] L17 e5 hit  rel 2.027e-02
[chk] L18 e254 hit  rel 2.341e-02
[chk] L18 e62 hit  rel 1.964e-02
[chk] L18 e172 pcie rel 2.269e-02
[chk] L19 e84 hit  rel 2.573e-02
[chk] L19 e27 hit  rel 1.819e-02
[chk] L19 e249 hit  rel 1.949e-02
[chk] L19 e160 hit  rel 2.861e-02
[chk] L19 e61 pcie rel 1.974e-02
[chk] L20 e203 hit  rel 1.777e-02
[chk] L20 e227 hit  rel 1.791e-02
[chk] L20 e148 hit  rel 2.021e-02
[chk] L20 e194 pcie rel 2.021e-02
[chk] L20 e244 pcie rel 2.161e-02
[chk] L21 e89 hit  rel 2.013e-02
[chk] L21 e59 hit  rel 2.256e-02
[chk] L21 e107 pcie rel 1.951e-02
[chk] L21 e165 hit  rel 2.310e-02
[chk] L22 e130 hit  rel 1.990e-02
[chk] L22 e189 hit  rel 2.363e-02
[chk] L22 e91 pcie rel 2.268e-02
[chk] L22 e146 pcie rel 2.015e-02
[chk] L23 e134 hit  rel 2.002e-02
[chk] L23 e56 hit  rel 2.005e-02
[chk] L23 e217 pcie rel 1.957e-02
[chk] L23 e127 pcie rel 1.728e-02
[chk] L24 e176 hit  rel 2.001e-02
[chk] L24 e156 hit  rel 2.093e-02
[chk] L24 e157 pcie rel 1.761e-02
[chk] L24 e127 pcie rel 2.370e-02
[chk] L25 e241 hit  rel 2.104e-02
[chk] L25 e131 pcie rel 2.065e-02
[chk] L25 e151 hit  rel 2.074e-02
[chk] L25 e16 pcie rel 2.101e-02
[chk] L25 e162 hit  rel 1.994e-02
[chk] L26 e88 hit  rel 1.955e-02
[chk] L26 e249 hit  rel 2.054e-02
[chk] L26 e119 hit  rel 2.244e-02
[chk] L26 e162 hit  rel 2.151e-02
[chk] L26 e255 pcie rel 2.167e-02
[chk] L27 e85 hit  rel 2.095e-02
[chk] L27 e32 hit  rel 2.036e-02
[chk] L27 e160 hit  rel 2.078e-02
[chk] L27 e242 hit  rel 2.078e-02
[chk] L27 e194 pcie rel 2.192e-02
[chk] L28 e243 hit  rel 1.807e-02
[chk] L28 e209 hit  rel 2.093e-02
[chk] L28 e218 hit  rel 2.354e-02
[chk] L28 e251 hit  rel 2.089e-02
[chk] L28 e60 pcie rel 1.953e-02
[chk] L29 e253 hit  rel 2.103e-02
[chk] L29 e231 hit  rel 2.119e-02
[chk] L29 e217 hit  rel 1.921e-02
[chk] L29 e128 pcie rel 2.058e-02
[chk] L30 e28 hit  rel 2.250e-02
[chk] L30 e22 hit  rel 1.918e-02
[chk] L30 e180 pcie rel 2.108e-02
[chk] L30 e87 pcie rel 2.038e-02
[chk] L30 e192 hit  rel 2.106e-02
[chk] L31 e27 hit  rel 1.895e-02
[chk] L31 e197 hit  rel 2.486e-02
[chk] L31 e137 pcie rel 2.086e-02
[chk] L31 e153 hit  rel 1.971e-02
[chk] L31 e22 hit  rel 2.462e-02
[chk] L32 e8 hit  rel 2.226e-02
[chk] L32 e43 hit  rel 2.063e-02
[chk] L32 e164 hit  rel 2.077e-02
[chk] L32 e92 pcie rel 1.886e-02
[chk] L33 e247 hit  rel 2.166e-02
[chk] L33 e185 pcie rel 1.904e-02
[chk] L33 e86 hit  rel 2.248e-02
[chk] L33 e117 hit  rel 1.971e-02
[chk] L34 e119 hit  rel 1.999e-02
[chk] L34 e113 hit  rel 1.942e-02
[chk] L34 e234 pcie rel 2.152e-02
[chk] L34 e135 hit  rel 2.140e-02
[chk] L34 e220 pcie rel 2.149e-02
[chk] L35 e142 hit  rel 1.976e-02
[chk] L35 e151 hit  rel 2.151e-02
[chk] L35 e178 hit  rel 1.908e-02
[chk] L35 e56 pcie rel 2.013e-02
[chk] L35 e232 hit  rel 2.230e-02
[chk] L36 e248 hit  rel 2.148e-02
[chk] L36 e20 hit  rel 2.324e-02
[chk] L36 e81 hit  rel 1.927e-02
[chk] L36 e96 hit  rel 2.845e-02
[chk] L36 e9 hit  rel 2.086e-02
[chk] L37 e115 hit  rel 2.394e-02
[chk] L37 e4 hit  rel 2.051e-02
[chk] L37 e202 pcie rel 1.931e-02
[chk] L37 e213 pcie rel 2.253e-02
[chk] L38 e62 hit  rel 1.934e-02
[chk] L38 e63 hit  rel 2.132e-02
[chk] L38 e115 hit  rel 2.030e-02
[chk] L38 e11 hit  rel 1.968e-02
[chk] L38 e75 pcie rel 2.095e-02
[chk] L39 e249 hit  rel 2.210e-02
[chk] L39 e54 hit  rel 2.345e-02
[chk] L39 e150 hit  rel 1.898e-02
[chk] L39 e204 hit  rel 2.035e-02
[chk] L39 e22 hit  rel 2.606e-02
[chk] L39 e139 hit  rel 2.192e-02
[chk] L40 e247 hit  rel 1.935e-02
[chk] L40 e15 hit  rel 2.225e-02
[chk] L40 e98 hit  rel 2.192e-02
[chk] L40 e26 hit  rel 2.066e-02
[chk] L40 e116 pcie rel 2.493e-02
[chk] L41 e137 hit  rel 2.082e-02
[chk] L41 e172 pcie rel 2.136e-02
[chk] L41 e45 pcie rel 2.471e-02
[chk] L42 e165 hit  rel 2.024e-02
[chk] L42 e141 hit  rel 2.003e-02
[chk] L42 e222 hit  rel 1.901e-02
[chk] L42 e84 hit  rel 2.258e-02
[chk] L42 e154 hit  rel 2.075e-02
[chk] L42 e9 hit  rel 2.293e-02
[chk] L0 e51 hit  rel 2.786e-02
[chk] L0 e189 pcie rel 2.470e-02
[chk] L0 e84 hit  rel 1.801e-02
[chk] L0 e139 pcie rel 2.215e-02
[chk] L1 e178 hit  rel 1.911e-02
[chk] L1 e28 pcie rel 2.151e-02
[chk] L1 e55 pcie rel 1.894e-02
[chk] L1 e41 pcie rel 2.181e-02
[chk] L2 e58 pcie rel 1.929e-02
[chk] L2 e7 hit  rel 2.103e-02
[chk] L2 e245 pcie rel 2.085e-02
[chk] L3 e64 hit  rel 2.527e-02
[chk] L3 e217 hit  rel 1.851e-02
[chk] L3 e9 hit  rel 1.913e-02
[chk] L3 e233 pcie rel 2.073e-02
[chk] L3 e160 hit  rel 2.146e-02
[chk] L4 e184 hit  rel 2.059e-02
[chk] L4 e51 hit  rel 2.441e-02
[chk] L4 e183 hit  rel 1.981e-02
[chk] L4 e97 hit  rel 2.196e-02
[chk] L4 e26 pcie rel 2.142e-02
[chk] L5 e42 hit  rel 1.737e-02
[chk] L5 e112 hit  rel 1.791e-02
[chk] L5 e79 hit  rel 2.105e-02
[chk] L5 e126 pcie rel 1.867e-02
[chk] L5 e240 hit  rel 2.414e-02
[chk] L5 e10 hit  rel 1.926e-02
[chk] L6 e233 hit  rel 2.158e-02
[chk] L6 e203 hit  rel 2.131e-02
[chk] L6 e125 hit  rel 1.954e-02
[chk] L6 e108 hit  rel 1.973e-02
[chk] L6 e38 hit  rel 1.944e-02
[chk] L6 e61 hit  rel 1.893e-02
[chk] L7 e160 hit  rel 2.414e-02
[chk] L7 e78 hit  rel 2.213e-02
[chk] L7 e233 hit  rel 2.022e-02
[chk] L7 e93 hit  rel 1.843e-02
[chk] L7 e71 pcie rel 2.228e-02
[chk] L8 e106 hit  rel 1.955e-02
[chk] L8 e239 hit  rel 2.006e-02
[chk] L8 e125 hit  rel 2.190e-02
[chk] L8 e105 hit  rel 1.906e-02
[chk] L8 e219 hit  rel 2.094e-02
[chk] L9 e226 hit  rel 1.943e-02
[chk] L9 e230 hit  rel 2.053e-02
[chk] L9 e149 hit  rel 2.161e-02
[chk] L9 e32 hit  rel 1.882e-02
[chk] L9 e219 hit  rel 2.071e-02
[chk] L9 e106 hit  rel 2.025e-02
[chk] L10 e161 hit  rel 1.975e-02
[chk] L10 e15 hit  rel 2.428e-02
[chk] L10 e89 hit  rel 1.881e-02
[chk] L10 e151 hit  rel 2.273e-02
[chk] L10 e11 hit  rel 2.188e-02
[chk] L10 e63 hit  rel 2.080e-02
[chk] L11 e122 hit  rel 2.287e-02
[chk] L11 e7 hit  rel 2.028e-02
[chk] L11 e185 hit  rel 1.985e-02
[chk] L11 e202 hit  rel 2.025e-02
[chk] L11 e133 pcie rel 1.960e-02
[chk] L12 e127 hit  rel 2.106e-02
[chk] L12 e255 hit  rel 1.888e-02
[chk] L12 e19 hit  rel 2.230e-02
[chk] L12 e66 pcie rel 2.273e-02
[chk] L12 e111 hit  rel 1.809e-02
[chk] L13 e223 hit  rel 2.031e-02
[chk] L13 e191 hit  rel 2.049e-02
[chk] L13 e122 hit  rel 1.903e-02
[chk] L13 e241 pcie rel 1.870e-02
[chk] L13 e84 pcie rel 1.915e-02
[chk] L14 e51 hit  rel 2.030e-02
[chk] L14 e84 hit  rel 1.837e-02
[chk] L14 e169 hit  rel 2.040e-02
[chk] L14 e242 hit  rel 2.101e-02
[chk] L14 e173 pcie rel 1.975e-02
[chk] L15 e53 hit  rel 1.844e-02
[chk] L15 e240 hit  rel 1.733e-02
[chk] L15 e9 hit  rel 2.143e-02
[chk] L15 e207 hit  rel 2.289e-02
[chk] L15 e79 pcie rel 1.845e-02
[chk] L16 e82 hit  rel 2.060e-02
[chk] L16 e248 hit  rel 2.076e-02
[chk] L16 e128 hit  rel 1.926e-02
[chk] L16 e189 hit  rel 2.133e-02
[chk] L16 e72 pcie rel 1.839e-02
[chk] L17 e68 hit  rel 2.077e-02
[chk] L17 e5 hit  rel 1.968e-02
[chk] L17 e231 pcie rel 2.101e-02
[chk] L17 e195 hit  rel 2.007e-02
[chk] L18 e173 hit  rel 1.633e-02
[chk] L18 e99 hit  rel 2.021e-02
[chk] L18 e50 pcie rel 2.390e-02
[chk] L18 e5 hit  rel 2.117e-02
[chk] L18 e72 hit  rel 1.953e-02
[chk] L19 e60 hit  rel 1.964e-02
[chk] L19 e254 hit  rel 2.036e-02
[chk] L19 e10 pcie rel 2.863e-02
[chk] L19 e46 hit  rel 2.213e-02
[chk] L19 e160 hit  rel 2.119e-02
[chk] L20 e159 hit  rel 1.764e-02
[chk] L20 e109 hit  rel 1.673e-02
[chk] L20 e3 hit  rel 2.100e-02
[chk] L20 e219 pcie rel 2.209e-02
[chk] L20 e53 pcie rel 1.898e-02
[chk] L21 e93 hit  rel 2.287e-02
[chk] L21 e129 hit  rel 1.935e-02
[chk] L21 e59 hit  rel 2.208e-02
[chk] L21 e142 hit  rel 2.217e-02
[chk] L21 e49 hit  rel 2.096e-02
[chk] L22 e223 hit  rel 2.035e-02
[chk] L22 e220 hit  rel 2.037e-02
[chk] L22 e166 pcie rel 1.969e-02
[chk] L22 e195 hit  rel 2.527e-02
[chk] L22 e181 hit  rel 2.174e-02
[chk] L23 e193 hit  rel 2.604e-02
[chk] L23 e165 hit  rel 2.353e-02
[chk] L23 e134 hit  rel 2.271e-02
[chk] L23 e118 pcie rel 2.103e-02
[chk] L24 e36 hit  rel 1.933e-02
[chk] L24 e162 hit  rel 2.176e-02
[chk] L24 e112 hit  rel 2.053e-02
[chk] L24 e186 hit  rel 2.334e-02
[chk] L24 e7 pcie rel 1.932e-02
[chk] L25 e90 hit  rel 2.349e-02
[chk] L25 e43 hit  rel 2.290e-02
[chk] L25 e53 hit  rel 2.080e-02
[chk] L25 e64 hit  rel 2.213e-02
[chk] L25 e162 hit  rel 2.161e-02
[chk] L25 e251 pcie rel 1.915e-02
[chk] L26 e209 hit  rel 1.894e-02
[chk] L26 e167 hit  rel 2.097e-02
[chk] L26 e202 hit  rel 2.157e-02
[chk] L26 e18 pcie rel 2.535e-02
[chk] L26 e162 hit  rel 2.342e-02
[chk] L27 e67 hit  rel 2.243e-02
[chk] L27 e203 hit  rel 2.173e-02
[chk] L27 e39 hit  rel 2.014e-02
[chk] L27 e149 pcie rel 2.019e-02
[chk] L27 e242 hit  rel 1.971e-02
[chk] L28 e1 hit  rel 2.193e-02
[chk] L28 e243 hit  rel 2.094e-02
[chk] L28 e18 hit  rel 2.541e-02
[chk] L28 e209 hit  rel 2.032e-02
[chk] L28 e137 hit  rel 2.325e-02
[chk] L29 e70 hit  rel 2.106e-02
[chk] L29 e251 hit  rel 2.545e-02
[chk] L29 e216 hit  rel 2.336e-02
[chk] L29 e43 pcie rel 2.289e-02
[chk] L29 e156 pcie rel 2.092e-02
[chk] L30 e132 hit  rel 2.429e-02
[chk] L30 e101 hit  rel 2.214e-02
[chk] L30 e227 pcie rel 1.917e-02
[chk] L30 e238 hit  rel 2.335e-02
[chk] L30 e62 hit  rel 2.087e-02
[chk] L31 e113 hit  rel 2.143e-02
[chk] L31 e129 hit  rel 2.163e-02
[chk] L31 e17 hit  rel 2.059e-02
[chk] L31 e189 hit  rel 2.009e-02
[chk] L31 e27 hit  rel 2.060e-02
[chk] L32 e164 hit  rel 2.215e-02
[chk] L32 e94 hit  rel 2.121e-02
[chk] L32 e190 hit  rel 2.196e-02
[chk] L32 e131 hit  rel 2.129e-02
[chk] L32 e123 pcie rel 1.901e-02
[chk] L33 e247 hit  rel 2.222e-02
[chk] L33 e167 hit  rel 2.158e-02
[chk] L33 e25 hit  rel 2.296e-02
[chk] L33 e212 hit  rel 2.264e-02
[chk] L33 e121 pcie rel 2.325e-02
[chk] L34 e113 hit  rel 2.342e-02
[chk] L34 e119 hit  rel 2.080e-02
[chk] L34 e76 hit  rel 2.201e-02
[chk] L34 e180 hit  rel 1.929e-02
[chk] L34 e15 pcie rel 2.247e-02
[chk] L35 e142 hit  rel 2.575e-02
[chk] L35 e144 hit  rel 2.076e-02
[chk] L35 e143 hit  rel 2.164e-02
[chk] L35 e103 pcie rel 2.112e-02
[chk] L35 e87 hit  rel 2.096e-02
[chk] L35 e131 hit  rel 1.743e-02
[chk] L36 e20 hit  rel 2.868e-02
[chk] L36 e130 hit  rel 2.069e-02
[chk] L36 e248 hit  rel 2.454e-02
[chk] L36 e199 hit  rel 2.109e-02
[chk] L36 e67 pcie rel 2.373e-02
[chk] L37 e115 hit  rel 2.202e-02
[chk] L37 e4 hit  rel 2.714e-02
[chk] L37 e61 pcie rel 2.133e-02
[chk] L37 e81 pcie rel 2.153e-02
[chk] L38 e63 hit  rel 2.032e-02
[chk] L38 e11 hit  rel 2.224e-02
[chk] L38 e62 hit  rel 2.089e-02
[chk] L38 e2 pcie rel 1.697e-02
[chk] L39 e249 hit  rel 2.144e-02
[chk] L39 e54 hit  rel 2.245e-02
[chk] L39 e252 pcie rel 2.324e-02
[chk] L39 e146 hit  rel 2.512e-02
[chk] L39 e139 hit  rel 2.303e-02
[chk] L39 e185 hit  rel 2.194e-02
[chk] L40 e247 hit  rel 1.861e-02
[chk] L40 e98 hit  rel 2.227e-02
[chk] L40 e237 hit  rel 2.384e-02
[chk] L40 e249 hit  rel 2.485e-02
[chk] L40 e116 pcie rel 2.223e-02
[chk] L41 e137 hit  rel 2.229e-02
[chk] L41 e161 pcie rel 2.437e-02
[chk] L41 e166 hit  rel 2.375e-02
[chk] L41 e130 pcie rel 2.189e-02
[chk] L42 e84 hit  rel 1.566e-02
[chk] L42 e165 hit  rel 1.952e-02
[chk] L42 e124 pcie rel 2.227e-02
[chk] L42 e38 hit  rel 1.685e-02
[chk] L42 e254 hit  rel 1.595e-02
[chk] L0 e29 hit  rel 2.388e-02
[chk] L0 e68 pcie rel 2.488e-02
[chk] L0 e83 pcie rel 2.442e-02
[chk] L1 e19 hit  rel 1.927e-02
[chk] L1 e70 pcie rel 1.878e-02
[chk] L1 e31 pcie rel 1.886e-02
[chk] L1 e35 hit  rel 1.792e-02
[chk] L2 e61 pcie rel 2.182e-02
[chk] L2 e5 hit  rel 2.170e-02
[chk] L2 e44 pcie rel 2.119e-02
[chk] L2 e177 pcie rel 2.174e-02
[chk] L3 e9 hit  rel 2.427e-02
[chk] L3 e217 hit  rel 2.253e-02
[chk] L3 e188 hit  rel 2.107e-02
[chk] L3 e39 hit  rel 2.151e-02
[chk] L3 e50 hit  rel 2.009e-02
[chk] L3 e27 hit  rel 2.469e-02
[chk] L4 e52 hit  rel 2.061e-02
[chk] L4 e184 hit  rel 2.319e-02
[chk] L4 e193 hit  rel 2.214e-02
[chk] L4 e222 hit  rel 2.055e-02
[chk] L4 e63 pcie rel 2.046e-02
[chk] L5 e42 hit  rel 2.362e-02
[chk] L5 e229 hit  rel 2.139e-02
[chk] L5 e148 pcie rel 1.995e-02
[chk] L5 e79 hit  rel 2.528e-02
[chk] L6 e19 hit  rel 2.524e-02
[chk] L6 e203 hit  rel 2.274e-02
[chk] L6 e162 pcie rel 2.040e-02
[chk] L6 e85 hit  rel 1.943e-02
[chk] L6 e135 hit  rel 2.247e-02
[chk] L7 e170 hit  rel 2.089e-02
[chk] L7 e160 hit  rel 2.250e-02
[chk] L7 e80 pcie rel 2.811e-02
[chk] L7 e212 pcie rel 2.891e-02
[chk] L8 e168 hit  rel 2.650e-02
[chk] L8 e106 hit  rel 2.128e-02
[chk] L8 e105 hit  rel 1.976e-02
[chk] L8 e239 hit  rel 2.440e-02
[chk] L8 e231 hit  rel 1.965e-02
[chk] L8 e125 hit  rel 2.086e-02
[chk] L9 e149 hit  rel 2.634e-02
[chk] L9 e186 hit  rel 2.109e-02
[chk] L9 e164 hit  rel 2.008e-02
[chk] L9 e194 pcie rel 1.756e-02
[chk] L9 e66 pcie rel 1.984e-02
[chk] L10 e3 hit  rel 1.869e-02
[chk] L10 e156 hit  rel 2.042e-02
[chk] L10 e16 hit  rel 2.184e-02
[chk] L10 e171 pcie rel 1.933e-02
[chk] L11 e113 hit  rel 2.006e-02
[chk] L11 e236 hit  rel 1.953e-02
[chk] L11 e77 hit  rel 1.984e-02
[chk] L11 e7 hit  rel 2.050e-02
[chk] L11 e5 hit  rel 2.041e-02
[chk] L11 e136 hit  rel 1.877e-02
[chk] L12 e229 hit  rel 2.669e-02
[chk] L12 e52 hit  rel 1.793e-02
[chk] L12 e192 pcie rel 1.879e-02
[chk] L12 e127 hit  rel 2.876e-02
[chk] L12 e230 pcie rel 1.925e-02
[chk] L13 e93 hit  rel 2.532e-02
[chk] L13 e150 hit  rel 1.879e-02
[chk] L13 e122 hit  rel 2.175e-02
[chk] L13 e236 pcie rel 2.182e-02
[chk] L14 e56 hit  rel 1.938e-02
[chk] L14 e134 hit  rel 2.208e-02
[chk] L14 e21 hit  rel 2.449e-02
[chk] L14 e229 hit  rel 1.820e-02
[chk] L14 e91 hit  rel 1.920e-02
[chk] L14 e35 pcie rel 2.261e-02
[chk] L15 e53 hit  rel 2.052e-02
[chk] L15 e217 hit  rel 1.816e-02
[chk] L15 e250 pcie rel 1.835e-02
[chk] L15 e28 hit  rel 2.069e-02
[chk] L15 e43 hit  rel 1.857e-02
[chk] L16 e63 hit  rel 2.000e-02
[chk] L16 e185 hit  rel 2.380e-02
[chk] L16 e129 hit  rel 2.064e-02
[chk] L16 e93 pcie rel 1.764e-02
[chk] L17 e131 hit  rel 2.032e-02
[chk] L17 e122 hit  rel 1.904e-02
[chk] L17 e83 pcie rel 1.841e-02
[chk] L17 e49 pcie rel 2.281e-02
[chk] L17 e21 hit  rel 2.134e-02
[chk] L18 e254 hit  rel 2.341e-02
[chk] L18 e62 hit  rel 2.341e-02
[chk] L18 e172 pcie rel 2.260e-02
[chk] L18 e56 pcie rel 2.307e-02
[chk] L19 e151 hit  rel 1.708e-02
[chk] L19 e175 hit  rel 2.242e-02
[chk] L19 e85 hit  rel 2.470e-02
[chk] L19 e218 hit  rel 2.085e-02
[chk] L19 e249 hit  rel 1.974e-02
[chk] L20 e227 hit  rel 1.887e-02
[chk] L20 e194 pcie rel 1.917e-02
[chk] L20 e71 pcie rel 2.222e-02
[chk] L20 e14 hit  rel 2.012e-02
[chk] L20 e3 hit  rel 1.952e-02
[chk] L21 e189 hit  rel 2.043e-02
[chk] L21 e165 hit  rel 2.374e-02
[chk] L21 e59 hit  rel 2.314e-02
[chk] L21 e162 pcie rel 1.893e-02
[chk] L22 e189 hit  rel 2.280e-02
[chk] L22 e130 hit  rel 1.614e-02
[chk] L22 e194 hit  rel 2.329e-02
[chk] L22 e39 hit  rel 2.038e-02
[chk] L22 e121 pcie rel 1.785e-02
[chk] L22 e223 hit  rel 2.308e-02
[chk] L23 e134 hit  rel 1.915e-02
[chk] L23 e221 hit  rel 2.379e-02
[chk] L23 e52 pcie rel 1.975e-02
[chk] L23 e56 hit  rel 2.214e-02
[chk] L23 e142 hit  rel 1.954e-02
[chk] L24 e107 hit  rel 1.909e-02
[chk] L24 e176 hit  rel 2.003e-02
[chk] L24 e151 hit  rel 1.944e-02
[chk] L24 e167 hit  rel 1.981e-02
[chk] L24 e93 hit  rel 2.386e-02
[chk] L25 e241 hit  rel 1.759e-02
[chk] L25 e185 pcie rel 1.999e-02
[chk] L25 e31 hit  rel 1.919e-02
[chk] L25 e152 hit  rel 2.135e-02
[chk] L25 e204 hit  rel 1.935e-02
[chk] L25 e197 hit  rel 2.036e-02
[chk] L26 e19 hit  rel 1.956e-02
[chk] L26 e34 hit  rel 2.031e-02
[chk] L26 e249 hit  rel 2.238e-02
[chk] L26 e29 hit  rel 2.231e-02
[chk] L26 e162 hit  rel 2.021e-02
[chk] L26 e118 hit  rel 2.150e-02
[chk] L27 e109 hit  rel 2.178e-02
[chk] L27 e32 hit  rel 1.970e-02
[chk] L27 e156 pcie rel 2.086e-02
[chk] L27 e85 hit  rel 2.138e-02
[chk] L27 e67 hit  rel 2.094e-02
[chk] L28 e251 hit  rel 2.151e-02
[chk] L28 e243 hit  rel 2.148e-02
[chk] L28 e18 hit  rel 1.993e-02
[chk] L28 e209 hit  rel 2.096e-02
[chk] L28 e154 hit  rel 2.138e-02
[chk] L29 e253 hit  rel 2.549e-02
[chk] L29 e184 hit  rel 2.106e-02
[chk] L29 e217 hit  rel 2.041e-02
[chk] L29 e43 pcie rel 2.186e-02
[chk] L29 e95 hit  rel 2.186e-02
[chk] L30 e207 hit  rel 2.551e-02
[chk] L30 e28 hit  rel 2.354e-02
[chk] L30 e120 pcie rel 2.005e-02
[chk] L30 e223 pcie rel 2.352e-02
[chk] L30 e192 hit  rel 2.132e-02
[chk] L31 e27 hit  rel 1.968e-02
[chk] L31 e33 hit  rel 2.271e-02
[chk] L31 e32 hit  rel 2.118e-02
[chk] L31 e185 hit  rel 2.208e-02
[chk] L31 e174 hit  rel 2.022e-02
[chk] L32 e190 hit  rel 2.234e-02
[chk] L32 e164 hit  rel 2.409e-02
[chk] L32 e122 hit  rel 2.245e-02
[chk] L32 e154 pcie rel 2.023e-02
[chk] L32 e229 pcie rel 2.064e-02
[chk] L33 e247 hit  rel 2.046e-02
[chk] L33 e182 hit  rel 1.957e-02
[chk] L33 e28 pcie rel 1.916e-02
[chk] L33 e233 hit  rel 1.841e-02
[chk] L34 e119 hit  rel 2.165e-02
[chk] L34 e113 hit  rel 1.947e-02
[chk] L34 e212 pcie rel 2.312e-02
[chk] L34 e70 hit  rel 2.079e-02
[chk] L34 e6 hit  rel 2.014e-02
[chk] L34 e136 hit  rel 2.176e-02
[chk] L35 e144 hit  rel 2.044e-02
[chk] L35 e82 hit  rel 2.189e-02
[chk] L35 e142 hit  rel 1.968e-02
[chk] L35 e64 hit  rel 2.130e-02
[chk] L35 e8 hit  rel 2.159e-02
[chk] L36 e54 hit  rel 2.128e-02
[chk] L36 e248 hit  rel 2.337e-02
[chk] L36 e20 hit  rel 2.230e-02
[chk] L36 e41 hit  rel 2.095e-02
[chk] L36 e130 hit  rel 2.322e-02
[chk] L36 e9 hit  rel 2.057e-02
[chk] L37 e115 hit  rel 2.174e-02
[chk] L37 e63 hit  rel 2.317e-02
[chk] L37 e4 hit  rel 2.609e-02
[chk] L37 e109 pcie rel 2.007e-02
[chk] L37 e38 hit  rel 2.004e-02
[chk] L38 e11 hit  rel 2.134e-02
[chk] L38 e222 pcie rel 2.679e-02
[chk] L38 e63 hit  rel 2.089e-02
[chk] L38 e72 hit  rel 2.131e-02
[chk] L38 e83 hit  rel 2.398e-02
[chk] L38 e244 hit  rel 2.138e-02
[chk] L39 e54 hit  rel 2.238e-02
[chk] L39 e146 hit  rel 1.903e-02
[chk] L39 e22 hit  rel 2.228e-02
[chk] L39 e204 hit  rel 2.484e-02
[chk] L39 e139 hit  rel 2.402e-02
[chk] L39 e99 hit  rel 1.982e-02
[chk] L40 e133 hit  rel 2.275e-02
[chk] L40 e247 hit  rel 2.187e-02
[chk] L40 e180 pcie rel 2.253e-02
[chk] L40 e4 pcie rel 1.960e-02
[chk] L41 e137 hit  rel 2.536e-02
[chk] L41 e183 hit  rel 1.874e-02
[chk] L41 e156 hit  rel 2.313e-02
[chk] L41 e102 hit  rel 1.935e-02
[chk] L41 e161 pcie rel 2.215e-02
[chk] L42 e141 hit  rel 1.965e-02
[chk] L42 e9 hit  rel 1.968e-02
[chk] L42 e254 hit  rel 2.079e-02
[chk] L42 e80 pcie rel 2.147e-02
[chk] L42 e189 hit  rel 2.248e-02
[chk] L0 e107 hit  rel 2.479e-02
[chk] L0 e132 hit  rel 2.058e-02
[chk] L0 e29 hit  rel 2.493e-02
[chk] L0 e62 hit  rel 2.911e-02
[chk] L0 e106 hit  rel 2.422e-02
[chk] L0 e74 hit  rel 2.628e-02
[chk] L1 e210 hit  rel 2.427e-02
[chk] L1 e155 hit  rel 2.846e-02
[chk] L1 e229 hit  rel 2.215e-02
[chk] L1 e86 hit  rel 2.137e-02
[chk] L1 e114 hit  rel 1.898e-02
[chk] L2 e20 hit  rel 2.177e-02
[chk] L2 e174 hit  rel 2.059e-02
[chk] L2 e74 hit  rel 2.564e-02
[chk] L2 e125 pcie rel 2.331e-02
[chk] L2 e141 hit  rel 3.001e-02
[chk] L3 e160 hit  rel 2.083e-02
[chk] L3 e64 hit  rel 2.001e-02
[chk] L3 e217 hit  rel 2.151e-02
[chk] L3 e9 hit  rel 2.457e-02
[chk] L3 e233 pcie rel 2.073e-02
[chk] L3 e222 hit  rel 2.029e-02
[chk] L4 e191 hit  rel 2.131e-02
[chk] L4 e183 hit  rel 2.321e-02
[chk] L4 e51 hit  rel 2.180e-02
[chk] L4 e184 hit  rel 2.073e-02
[chk] L4 e170 hit  rel 2.122e-02
[chk] L5 e79 hit  rel 1.850e-02
[chk] L5 e42 hit  rel 2.044e-02
[chk] L5 e171 pcie rel 2.059e-02
[chk] L5 e126 pcie rel 1.902e-02
[chk] L5 e130 hit  rel 2.026e-02
[chk] L6 e168 hit  rel 2.627e-02
[chk] L6 e203 hit  rel 2.085e-02
[chk] L6 e50 hit  rel 2.040e-02
[chk] L6 e242 pcie rel 2.378e-02
[chk] L7 e88 hit  rel 2.115e-02
[chk] L7 e170 hit  rel 2.363e-02
[chk] L7 e160 hit  rel 2.035e-02
[chk] L7 e62 pcie rel 2.037e-02
[chk] L7 e223 hit  rel 2.675e-02
[chk] L8 e239 hit  rel 2.070e-02
[chk] L8 e168 hit  rel 2.784e-02
[chk] L8 e12 pcie rel 1.894e-02
[chk] L8 e98 hit  rel 1.978e-02
[chk] L8 e106 hit  rel 1.931e-02
[chk] L8 e105 hit  rel 1.974e-02
[chk] L9 e149 hit  rel 1.917e-02
[chk] L9 e128 hit  rel 1.843e-02
[chk] L9 e164 hit  rel 2.053e-02
[chk] L9 e186 hit  rel 2.242e-02
[chk] L9 e180 pcie rel 1.836e-02
[chk] L10 e199 hit  rel 1.918e-02
[chk] L10 e24 pcie rel 1.948e-02
[chk] L10 e15 hit  rel 1.923e-02
[chk] L10 e29 pcie rel 1.929e-02
[chk] L11 e15 hit  rel 1.783e-02
[chk] L11 e236 hit  rel 2.094e-02
[chk] L11 e7 hit  rel 2.449e-02
[chk] L11 e113 hit  rel 1.957e-02
[chk] L11 e28 hit  rel 2.080e-02
[chk] L12 e229 hit  rel 2.728e-02
[chk] L12 e241 hit  rel 2.107e-02
[chk] L12 e90 pcie rel 1.994e-02
[chk] L12 e127 hit  rel 2.023e-02
[chk] L12 e233 pcie rel 1.805e-02
[chk] L13 e93 hit  rel 2.456e-02
[chk] L13 e122 hit  rel 2.116e-02
[chk] L13 e150 hit  rel 2.028e-02
[chk] L13 e246 pcie rel 2.051e-02
[chk] L14 e21 hit  rel 2.609e-02
[chk] L14 e56 hit  rel 2.472e-02
[chk] L14 e132 hit  rel 2.314e-02
[chk] L14 e20 pcie rel 2.118e-02
[chk] L14 e150 pcie rel 2.288e-02
[chk] L15 e53 hit  rel 1.829e-02
[chk] L15 e43 hit  rel 2.069e-02
[chk] L15 e28 hit  rel 1.771e-02
[chk] L15 e165 pcie rel 1.890e-02
[chk] L16 e185 hit  rel 2.036e-02
[chk] L16 e63 hit  rel 2.097e-02
[chk] L16 e13 pcie rel 1.714e-02
[chk] L16 e191 pcie rel 1.973e-02
[chk] L16 e51 hit  rel 1.990e-02
[chk] L17 e188 hit  rel 1.954e-02
[chk] L17 e239 hit  rel 2.006e-02
[chk] L17 e26 hit  rel 2.028e-02
[chk] L17 e102 pcie rel 1.971e-02
[chk] L18 e62 hit  rel 1.930e-02
[chk] L18 e254 hit  rel 2.021e-02
[chk] L18 e148 pcie rel 1.967e-02
[chk] L18 e131 pcie rel 1.969e-02
[chk] L19 e84 hit  rel 2.056e-02
[chk] L19 e27 hit  rel 1.794e-02
[chk] L19 e185 hit  rel 2.003e-02
[chk] L19 e249 hit  rel 2.025e-02
[chk] L19 e171 pcie rel 1.908e-02
[chk] L20 e203 hit  rel 2.027e-02
[chk] L20 e227 hit  rel 1.922e-02
[chk] L20 e3 hit  rel 2.052e-02
[chk] L20 e83 hit  rel 2.236e-02
[chk] L20 e34 pcie rel 2.131e-02
[chk] L21 e161 hit  rel 2.263e-02
[chk] L21 e89 hit  rel 1.892e-02
[chk] L21 e59 hit  rel 2.032e-02
[chk] L21 e157 pcie rel 1.779e-02
[chk] L21 e205 hit  rel 1.955e-02
[chk] L22 e130 hit  rel 1.896e-02
[chk] L22 e223 hit  rel 2.171e-02
[chk] L22 e56 pcie rel 2.009e-02
[chk] L22 e189 hit  rel 2.206e-02
[chk] L23 e134 hit  rel 1.947e-02
[chk] L23 e56 hit  rel 1.884e-02
[chk] L23 e52 pcie rel 1.897e-02
[chk] L23 e123 hit  rel 2.227e-02
[chk] L23 e97 pcie rel 1.926e-02
[chk] L24 e176 hit  rel 2.139e-02
[chk] L24 e93 hit  rel 2.279e-02
[chk] L24 e167 hit  rel 1.895e-02
[chk] L24 e36 hit  rel 2.303e-02
[chk] L24 e127 pcie rel 2.200e-02
[chk] L25 e241 hit  rel 1.771e-02
[chk] L25 e197 hit  rel 1.900e-02
[chk] L25 e204 hit  rel 2.347e-02
[chk] L25 e152 hit  rel 2.124e-02
[chk] L25 e43 hit  rel 1.981e-02
[chk] L26 e80 hit  rel 1.935e-02
[chk] L26 e169 hit  rel 2.076e-02
[chk] L26 e162 hit  rel 2.188e-02
[chk] L26 e88 hit  rel 2.374e-02
[chk] L26 e29 hit  rel 1.978e-02
[chk] L26 e198 hit  rel 2.112e-02
[chk] L27 e32 hit  rel 1.960e-02
[chk] L27 e85 hit  rel 2.138e-02
[chk] L27 e156 pcie rel 1.967e-02
[chk] L27 e242 hit  rel 1.993e-02
[chk] L27 e76 hit  rel 2.006e-02
[chk] L28 e209 hit  rel 2.106e-02
[chk] L28 e243 hit  rel 2.085e-02
[chk] L28 e251 hit  rel 2.077e-02
[chk] L28 e60 pcie rel 1.943e-02
[chk] L28 e126 hit  rel 2.330e-02
[chk] L28 e18 hit  rel 2.100e-02
[chk] L29 e253 hit  rel 2.229e-02
[chk] L29 e231 hit  rel 1.966e-02
[chk] L29 e143 pcie rel 2.163e-02
[chk] L29 e105 hit  rel 2.187e-02
[chk] L30 e28 hit  rel 1.955e-02
[chk] L30 e192 hit  rel 2.150e-02
[chk] L30 e22 hit  rel 1.843e-02
[chk] L30 e101 hit  rel 2.122e-02
[chk] L30 e207 hit  rel 2.131e-02
[chk] L30 e117 pcie rel 1.930e-02
[chk] L31 e27 hit  rel 2.187e-02
[chk] L31 e153 hit  rel 1.990e-02
[chk] L31 e76 hit  rel 2.046e-02
[chk] L31 e146 pcie rel 2.229e-02
[chk] L32 e164 hit  rel 2.058e-02
[chk] L32 e43 hit  rel 1.992e-02
[chk] L32 e190 hit  rel 2.080e-02
[chk] L32 e121 pcie rel 1.883e-02
[chk] L32 e119 pcie rel 2.085e-02
[chk] L33 e247 hit  rel 2.283e-02
[chk] L33 e182 hit  rel 2.147e-02
[chk] L33 e176 pcie rel 2.035e-02
[chk] L33 e190 pcie rel 2.268e-02
[chk] L34 e119 hit  rel 2.139e-02
[chk] L34 e113 hit  rel 2.280e-02
[chk] L34 e142 hit  rel 2.321e-02
[chk] L34 e22 pcie rel 2.063e-02
[chk] L35 e239 hit  rel 1.979e-02
[chk] L35 e142 hit  rel 2.142e-02
[chk] L35 e157 pcie rel 2.104e-02
[chk] L35 e82 hit  rel 2.124e-02
[chk] L35 e151 hit  rel 1.846e-02
[chk] L36 e248 hit  rel 2.208e-02
[chk] L36 e20 hit  rel 2.208e-02
[chk] L36 e41 hit  rel 2.202e-02
[chk] L36 e69 hit  rel 2.235e-02
[chk] L36 e9 hit  rel 2.173e-02
[chk] L36 e92 hit  rel 1.887e-02
[chk] L37 e115 hit  rel 2.237e-02
[chk] L37 e121 pcie rel 2.394e-02
[chk] L37 e81 pcie rel 1.935e-02
[chk] L37 e147 pcie rel 2.381e-02
[chk] L38 e11 hit  rel 2.431e-02
[chk] L38 e63 hit  rel 1.998e-02
[chk] L38 e62 hit  rel 2.045e-02
[chk] L38 e244 hit  rel 2.102e-02
[chk] L38 e133 hit  rel 2.064e-02
[chk] L38 e115 hit  rel 2.020e-02
[chk] L39 e54 hit  rel 1.936e-02
[chk] L39 e1 hit  rel 2.301e-02
[chk] L39 e139 hit  rel 2.305e-02
[chk] L39 e235 hit  rel 1.746e-02
[chk] L39 e146 hit  rel 2.225e-02
[chk] L40 e247 hit  rel 1.725e-02
[chk] L40 e133 hit  rel 2.492e-02
[chk] L40 e237 hit  rel 2.228e-02
[chk] L40 e180 pcie rel 2.138e-02
[chk] L40 e116 pcie rel 2.195e-02
[chk] L41 e51 hit  rel 2.345e-02
[chk] L41 e60 pcie rel 2.060e-02
[chk] L41 e45 pcie rel 2.297e-02
[chk] L42 e9 hit  rel 1.747e-02
[chk] L42 e216 hit  rel 2.227e-02
[chk] L42 e64 pcie rel 2.375e-02
[chk] L42 e236 pcie rel 2.893e-02
[chk] L0 e106 hit  rel 2.036e-02
[chk] L0 e57 pcie rel 1.998e-02
[chk] L0 e1 pcie rel 2.147e-02
[chk] L0 e5 pcie rel 2.102e-02
[chk] L1 e4 hit  rel 1.957e-02
[chk] L1 e2 hit  rel 2.134e-02
[chk] L1 e223 hit  rel 1.926e-02
[chk] L1 e232 hit  rel 1.984e-02
[chk] L1 e35 hit  rel 1.776e-02
[chk] L2 e169 pcie rel 1.975e-02
[chk] L2 e177 pcie rel 2.002e-02
[chk] L2 e1 hit  rel 2.547e-02
[chk] L2 e21 pcie rel 1.965e-02
[chk] L3 e217 hit  rel 2.525e-02
[chk] L3 e64 hit  rel 2.632e-02
[chk] L3 e9 hit  rel 2.382e-02
[chk] L3 e160 hit  rel 1.863e-02
[chk] L3 e188 hit  rel 1.913e-02
[chk] L4 e51 hit  rel 2.645e-02
[chk] L4 e184 hit  rel 2.365e-02
[chk] L4 e237 hit  rel 2.168e-02
[chk] L4 e58 pcie rel 2.512e-02
[chk] L4 e222 hit  rel 1.752e-02
[chk] L4 e183 hit  rel 1.764e-02
[chk] L5 e79 hit  rel 2.169e-02
[chk] L5 e42 hit  rel 1.985e-02
[chk] L5 e215 pcie rel 1.985e-02
[chk] L5 e87 pcie rel 1.733e-02
[chk] L6 e200 hit  rel 2.013e-02
[chk] L6 e203 hit  rel 1.945e-02
[chk] L6 e233 hit  rel 2.359e-02
[chk] L6 e38 hit  rel 1.872e-02
[chk] L6 e14 hit  rel 1.858e-02
[chk] L7 e88 hit  rel 2.072e-02
[chk] L7 e160 hit  rel 2.023e-02
[chk] L7 e235 pcie rel 1.725e-02
[chk] L7 e170 hit  rel 1.913e-02
[chk] L7 e180 pcie rel 1.850e-02
[chk] L8 e105 hit  rel 2.088e-02
[chk] L8 e168 hit  rel 2.263e-02
[chk] L8 e215 hit  rel 2.011e-02
[chk] L8 e106 hit  rel 2.087e-02
[chk] L8 e239 hit  rel 2.320e-02
[chk] L9 e149 hit  rel 2.210e-02
[chk] L9 e164 hit  rel 2.153e-02
[chk] L9 e128 hit  rel 2.024e-02
[chk] L9 e186 hit  rel 2.306e-02
[chk] L9 e40 pcie rel 1.889e-02
[chk] L9 e101 hit  rel 1.912e-02
[chk] L10 e38 pcie rel 1.662e-02
[chk] L10 e24 pcie rel 2.230e-02
[chk] L10 e102 hit  rel 1.994e-02
[chk] L10 e158 hit  rel 2.093e-02
[chk] L11 e236 hit  rel 2.123e-02
[chk] L11 e113 hit  rel 1.954e-02
[chk] L11 e7 hit  rel 2.175e-02
[chk] L11 e77 hit  rel 2.187e-02
[chk] L11 e15 hit  rel 2.008e-02
[chk] L12 e229 hit  rel 2.589e-02
[chk] L12 e52 hit  rel 1.839e-02
[chk] L12 e127 hit  rel 2.096e-02
[chk] L12 e74 hit  rel 1.855e-02
[chk] L12 e131 hit  rel 1.799e-02
[chk] L12 e228 hit  rel 2.151e-02
[chk] L13 e93 hit  rel 2.456e-02
[chk] L13 e150 hit  rel 1.950e-02
[chk] L13 e122 hit  rel 2.068e-02
[chk] L13 e235 hit  rel 1.846e-02
[chk] L13 e111 pcie rel 2.419e-02
[chk] L13 e4 hit  rel 1.769e-02
[chk] L14 e21 hit  rel 2.280e-02
[chk] L14 e56 hit  rel 2.328e-02
[chk] L14 e227 hit  rel 2.225e-02
[chk] L14 e3 hit  rel 1.934e-02
[chk] L14 e134 hit  rel 2.161e-02
[chk] L14 e164 hit  rel 1.758e-02
[chk] L15 e53 hit  rel 1.897e-02
[chk] L15 e28 hit  rel 2.023e-02
[chk] L15 e187 hit  rel 2.098e-02
[chk] L15 e69 pcie rel 1.867e-02
[chk] L16 e63 hit  rel 1.957e-02
[chk] L16 e185 hit  rel 2.050e-02
[chk] L16 e201 hit  rel 1.892e-02
[chk] L16 e25 hit  rel 2.003e-02
[chk] L16 e82 hit  rel 2.026e-02
[chk] L16 e79 pcie rel 1.952e-02
[chk] L17 e186 hit  rel 2.290e-02
[chk] L17 e239 hit  rel 2.140e-02
[chk] L17 e131 hit  rel 1.941e-02
[chk] L17 e26 hit  rel 2.195e-02
[chk] L17 e49 pcie rel 2.158e-02
[chk] L18 e254 hit  rel 2.080e-02
[chk] L18 e62 hit  rel 2.187e-02
[chk] L18 e148 pcie rel 1.965e-02
[chk] L19 e84 hit  rel 2.712e-02
[chk] L19 e27 hit  rel 1.923e-02
[chk] L19 e52 pcie rel 2.012e-02
[chk] L19 e185 hit  rel 2.062e-02
[chk] L19 e249 hit  rel 1.957e-02
[chk] L19 e160 hit  rel 2.702e-02
[chk] L20 e203 hit  rel 1.960e-02
[chk] L20 e227 hit  rel 2.055e-02
[chk] L20 e148 hit  rel 1.940e-02
[chk] L20 e194 pcie rel 1.995e-02
[chk] L20 e167 hit  rel 2.201e-02
[chk] L21 e89 hit  rel 1.939e-02
[chk] L21 e59 hit  rel 2.301e-02
[chk] L21 e116 pcie rel 2.106e-02
[chk] L21 e161 hit  rel 2.333e-02
[chk] L22 e130 hit  rel 1.889e-02
[chk] L22 e189 hit  rel 2.177e-02
[chk] L22 e94 pcie rel 1.971e-02
[chk] L22 e223 hit  rel 1.913e-02
[chk] L22 e9 pcie rel 1.974e-02
[chk] L23 e134 hit  rel 1.976e-02
[chk] L23 e56 hit  rel 1.921e-02
[chk] L23 e127 pcie rel 1.972e-02
[chk] L23 e123 hit  rel 1.730e-02
[chk] L24 e176 hit  rel 2.220e-02
[chk] L24 e93 hit  rel 2.367e-02
[chk] L24 e36 hit  rel 2.517e-02
[chk] L24 e127 pcie rel 2.272e-02
[chk] L24 e167 hit  rel 1.918e-02
[chk] L25 e241 hit  rel 1.986e-02
[chk] L25 e204 hit  rel 2.138e-02
[chk] L25 e197 hit  rel 1.908e-02
[chk] L25 e94 pcie rel 2.191e-02
[chk] L25 e111 pcie rel 2.206e-02
[chk] L26 e88 hit  rel 2.364e-02
[chk] L26 e169 hit  rel 2.064e-02
[chk] L26 e162 hit  rel 2.197e-02
[chk] L26 e249 hit  rel 1.972e-02
[chk] L26 e80 hit  rel 2.085e-02
[chk] L26 e118 hit  rel 2.046e-02
[chk] L27 e85 hit  rel 2.144e-02
[chk] L27 e32 hit  rel 2.089e-02
[chk] L27 e156 pcie rel 2.057e-02
[chk] L27 e242 hit  rel 2.217e-02
[chk] L27 e76 hit  rel 1.869e-02
[chk] L28 e209 hit  rel 2.097e-02
[chk] L28 e251 hit  rel 1.927e-02
[chk] L28 e243 hit  rel 1.987e-02
[chk] L28 e126 hit  rel 2.239e-02
[chk] L28 e18 hit  rel 2.210e-02
[chk] L29 e231 hit  rel 2.010e-02
[chk] L29 e253 hit  rel 2.112e-02
[chk] L29 e43 pcie rel 2.452e-02
[chk] L29 e105 hit  rel 2.078e-02
[chk] L29 e247 pcie rel 1.890e-02
[chk] L30 e22 hit  rel 1.878e-02
[chk] L30 e192 hit  rel 2.039e-02
[chk] L30 e28 hit  rel 2.092e-02
[chk] L30 e101 hit  rel 2.062e-02
[chk] L30 e31 hit  rel 2.048e-02
[chk] L30 e221 hit  rel 1.987e-02
[chk] L31 e27 hit  rel 1.904e-02
[chk] L31 e153 hit  rel 2.025e-02
[chk] L31 e208 hit  rel 2.262e-02
[chk] L31 e53 pcie rel 2.070e-02
[chk] L32 e43 hit  rel 2.100e-02
[chk] L32 e164 hit  rel 1.977e-02
[chk] L32 e121 pcie rel 1.966e-02
[chk] L32 e8 hit  rel 2.119e-02
[chk] L32 e190 hit  rel 1.960e-02
[chk] L33 e247 hit  rel 2.060e-02
[chk] L33 e185 pcie rel 2.170e-02
[chk] L33 e117 hit  rel 1.890e-02
[chk] L33 e176 pcie rel 2.127e-02
[chk] L33 e132 hit  rel 2.150e-02
[chk] L34 e113 hit  rel 2.013e-02
[chk] L34 e119 hit  rel 2.036e-02
[chk] L34 e135 hit  rel 2.060e-02
[chk] L34 e142 hit  rel 2.095e-02
[chk] L34 e185 pcie rel 2.173e-02
[chk] L35 e142 hit  rel 2.194e-02
[chk] L35 e81 pcie rel 2.178e-02
[chk] L35 e32 hit  rel 2.015e-02
[chk] L35 e53 hit  rel 1.962e-02
[chk] L35 e82 hit  rel 2.001e-02
[chk] L36 e248 hit  rel 2.055e-02
[chk] L36 e20 hit  rel 2.199e-02
[chk] L36 e69 hit  rel 1.983e-02
[chk] L36 e81 hit  rel 2.054e-02
[chk] L36 e9 hit  rel 2.038e-02
[chk] L37 e115 hit  rel 2.226e-02
[chk] L37 e32 hit  rel 2.077e-02
[chk] L37 e121 pcie rel 2.372e-02
[chk] L37 e223 pcie rel 2.140e-02
[chk] L38 e63 hit  rel 2.040e-02
[chk] L38 e62 hit  rel 2.012e-02
[chk] L38 e115 hit  rel 2.171e-02
[chk] L38 e11 hit  rel 2.321e-02
[chk] L38 e244 hit  rel 2.105e-02
[chk] L38 e162 hit  rel 2.190e-02
[chk] L39 e1 hit  rel 2.099e-02
[chk] L39 e139 hit  rel 2.454e-02
[chk] L39 e54 hit  rel 2.180e-02
[chk] L39 e229 pcie rel 2.445e-02
[chk] L39 e249 hit  rel 2.124e-02
[chk] L40 e247 hit  rel 1.854e-02
[chk] L40 e15 hit  rel 2.073e-02
[chk] L40 e190 pcie rel 2.182e-02
[chk] L40 e108 hit  rel 2.255e-02
[chk] L40 e93 hit  rel 2.413e-02
[chk] L41 e190 hit  rel 2.209e-02
[chk] L41 e161 pcie rel 2.339e-02
[chk] L41 e166 hit  rel 2.278e-02
[chk] L41 e231 hit  rel 2.399e-02
[chk] L42 e141 hit  rel 2.160e-02
[chk] L42 e254 hit  rel 2.022e-02
[chk] L42 e154 hit  rel 2.188e-02
[chk] L42 e38 hit  rel 2.269e-02
[chk] L42 e35 pcie rel 1.864e-02
[chk] L0 e51 hit  rel 2.658e-02
[chk] L0 e189 pcie rel 2.360e-02
[chk] L0 e84 hit  rel 1.994e-02
[chk] L0 e139 pcie rel 2.160e-02
[chk] L1 e178 hit  rel 1.985e-02
[chk] L1 e28 pcie rel 2.048e-02
[chk] L1 e55 pcie rel 2.000e-02
[chk] L1 e41 pcie rel 2.067e-02
[chk] L2 e58 pcie rel 1.968e-02
[chk] L2 e7 hit  rel 2.201e-02
[chk] L2 e245 pcie rel 1.917e-02
[chk] L3 e64 hit  rel 2.838e-02
[chk] L3 e217 hit  rel 1.980e-02
[chk] L3 e9 hit  rel 2.220e-02
[chk] L3 e244 hit  rel 2.417e-02
[chk] L3 e71 hit  rel 2.082e-02
[chk] L3 e154 pcie rel 2.251e-02
[chk] L4 e184 hit  rel 2.148e-02
[chk] L4 e51 hit  rel 2.349e-02
[chk] L4 e183 hit  rel 2.076e-02
[chk] L4 e97 hit  rel 2.170e-02
[chk] L4 e63 pcie rel 2.157e-02
[chk] L5 e42 hit  rel 2.079e-02
[chk] L5 e79 hit  rel 2.009e-02
[chk] L5 e112 hit  rel 2.005e-02
[chk] L5 e240 hit  rel 1.874e-02
[chk] L5 e50 pcie rel 2.125e-02
[chk] L6 e233 hit  rel 1.985e-02
[chk] L6 e203 hit  rel 2.054e-02
[chk] L6 e125 hit  rel 2.263e-02
[chk] L6 e108 hit  rel 1.869e-02
[chk] L6 e38 hit  rel 1.780e-02
[chk] L7 e160 hit  rel 1.960e-02
[chk] L7 e170 hit  rel 2.328e-02
[chk] L7 e78 hit  rel 2.176e-02
[chk] L7 e233 hit  rel 1.916e-02
[chk] L7 e4 pcie rel 2.396e-02
[chk] L8 e106 hit  rel 2.316e-02
[chk] L8 e194 hit  rel 2.037e-02
[chk] L8 e105 hit  rel 2.051e-02
[chk] L8 e239 hit  rel 2.623e-02
[chk] L8 e219 hit  rel 1.970e-02
[chk] L8 e168 hit  rel 2.878e-02
[chk] L9 e149 hit  rel 2.490e-02
[chk] L9 e226 hit  rel 2.369e-02
[chk] L9 e32 hit  rel 2.218e-02
[chk] L9 e186 hit  rel 2.274e-02
[chk] L9 e100 pcie rel 1.975e-02
[chk] L10 e15 hit  rel 2.357e-02
[chk] L10 e92 hit  rel 2.228e-02
[chk] L10 e161 hit  rel 1.962e-02
[chk] L10 e8 hit  rel 1.949e-02
[chk] L10 e151 hit  rel 2.216e-02
[chk] L11 e7 hit  rel 2.672e-02
[chk] L11 e185 hit  rel 2.184e-02
[chk] L11 e101 pcie rel 1.817e-02
[chk] L11 e104 pcie rel 1.739e-02
[chk] L12 e127 hit  rel 2.118e-02
[chk] L12 e229 hit  rel 2.421e-02
[chk] L12 e19 hit  rel 2.014e-02
[chk] L12 e144 pcie rel 1.960e-02
[chk] L12 e131 hit  rel 2.024e-02
[chk] L13 e122 hit  rel 2.078e-02
[chk] L13 e165 hit  rel 1.893e-02
[chk] L13 e111 pcie rel 2.249e-02
[chk] L13 e223 hit  rel 1.779e-02
[chk] L13 e252 hit  rel 2.055e-02
[chk] L14 e56 hit  rel 2.032e-02
[chk] L14 e132 hit  rel 2.155e-02
[chk] L14 e113 pcie rel 2.001e-02
[chk] L14 e51 hit  rel 2.175e-02
[chk] L14 e169 hit  rel 1.836e-02
[chk] L15 e53 hit  rel 1.987e-02
[chk] L15 e207 hit  rel 2.144e-02
[chk] L15 e188 hit  rel 1.783e-02
[chk] L15 e240 hit  rel 2.097e-02
[chk] L15 e97 hit  rel 1.950e-02
[chk] L16 e128 hit  rel 1.954e-02
[chk] L16 e82 hit  rel 2.082e-02
[chk] L16 e12 hit  rel 1.934e-02
[chk] L16 e84 pcie rel 1.912e-02
[chk] L16 e39 pcie rel 1.951e-02
[chk] L17 e201 hit  rel 1.983e-02
[chk] L17 e5 hit  rel 1.911e-02
[chk] L17 e1 pcie rel 1.833e-02
[chk] L17 e196 pcie rel 1.937e-02
[chk] L18 e5 hit  rel 1.946e-02
[chk] L18 e213 hit  rel 1.835e-02
[chk] L18 e173 hit  rel 1.819e-02
[chk] L18 e100 hit  rel 2.046e-02
[chk] L18 e50 pcie rel 2.032e-02
[chk] L19 e160 hit  rel 2.292e-02
[chk] L19 e254 hit  rel 2.151e-02
[chk] L19 e27 hit  rel 1.933e-02
[chk] L19 e110 hit  rel 2.083e-02
[chk] L20 e159 hit  rel 1.639e-02
[chk] L20 e203 hit  rel 2.050e-02
[chk] L20 e3 hit  rel 1.981e-02
[chk] L20 e7 pcie rel 2.035e-02
[chk] L20 e199 hit  rel 1.970e-02
[chk] L21 e59 hit  rel 2.363e-02
[chk] L21 e127 hit  rel 2.133e-02
[chk] L21 e65 hit  rel 2.191e-02
[chk] L21 e89 hit  rel 2.062e-02
[chk] L21 e142 hit  rel 1.948e-02
[chk] L21 e193 hit  rel 1.985e-02
[chk] L22 e223 hit  rel 2.397e-02
[chk] L22 e56 pcie rel 2.083e-02
[chk] L22 e183 pcie rel 2.909e-02
[chk] L22 e195 hit  rel 1.919e-02
[chk] L23 e134 hit  rel 2.327e-02
[chk] L23 e54 hit  rel 2.250e-02
[chk] L23 e49 hit  rel 2.056e-02
[chk] L23 e21 pcie rel 2.049e-02
[chk] L23 e217 pcie rel 1.929e-02
[chk] L24 e176 hit  rel 2.608e-02
[chk] L24 e36 hit  rel 2.454e-02
[chk] L24 e93 hit  rel 2.638e-02
[chk] L24 e46 pcie rel 2.038e-02
[chk] L25 e241 hit  rel 2.080e-02
[chk] L25 e204 hit  rel 2.243e-02
[chk] L25 e195 pcie rel 2.434e-02
[chk] L25 e72 pcie rel 2.009e-02
[chk] L26 e88 hit  rel 2.555e-02
[chk] L26 e169 hit  rel 2.067e-02
[chk] L26 e162 hit  rel 2.210e-02
[chk] L26 e34 hit  rel 2.356e-02
[chk] L26 e249 hit  rel 2.166e-02
[chk] L27 e32 hit  rel 2.166e-02
[chk] L27 e242 hit  rel 2.315e-02
[chk] L27 e66 hit  rel 2.273e-02
[chk] L27 e37 hit  rel 2.227e-02
[chk] L27 e85 hit  rel 2.294e-02
[chk] L27 e142 pcie rel 2.200e-02
[chk] L28 e243 hit  rel 2.026e-02
[chk] L28 e209 hit  rel 2.509e-02
[chk] L28 e152 pcie rel 2.150e-02
[chk] L28 e18 hit  rel 2.336e-02
[chk] L28 e126 hit  rel 2.646e-02
[chk] L29 e231 hit  rel 1.962e-02
[chk] L29 e217 hit  rel 2.026e-02
[chk] L29 e119 pcie rel 2.030e-02
[chk] L29 e247 pcie rel 1.950e-02
[chk] L30 e22 hit  rel 2.110e-02
[chk] L30 e192 hit  rel 2.261e-02
[chk] L30 e227 pcie rel 2.072e-02
[chk] L30 e125 hit  rel 2.127e-02
[chk] L30 e39 hit  rel 2.209e-02
[chk] L31 e27 hit  rel 2.218e-02
[chk] L31 e197 hit  rel 2.417e-02
[chk] L31 e45 hit  rel 1.929e-02
[chk] L31 e53 pcie rel 2.256e-02
[chk] L31 e89 hit  rel 2.157e-02
[chk] L32 e43 hit  rel 1.952e-02
[chk] L32 e164 hit  rel 2.130e-02
[chk] L32 e8 hit  rel 2.110e-02
[chk] L32 e180 pcie rel 2.193e-02
[chk] L33 e247 hit  rel 2.541e-02
[chk] L33 e132 hit  rel 2.108e-02
[chk] L33 e250 pcie rel 2.011e-02
[chk] L33 e141 hit  rel 2.324e-02
[chk] L33 e117 hit  rel 2.075e-02
[chk] L34 e113 hit  rel 2.183e-02
[chk] L34 e119 hit  rel 2.183e-02
[chk] L34 e135 hit  rel 2.030e-02
[chk] L34 e136 hit  rel 2.052e-02
[chk] L34 e25 pcie rel 2.097e-02
[chk] L35 e142 hit  rel 2.157e-02
[chk] L35 e32 hit  rel 2.308e-02
[chk] L35 e157 pcie rel 2.248e-02
[chk] L35 e53 hit  rel 1.914e-02
[chk] L35 e64 hit  rel 2.136e-02
[chk] L36 e69 hit  rel 2.376e-02
[chk] L36 e20 hit  rel 2.159e-02
[chk] L36 e248 hit  rel 2.213e-02
[chk] L36 e81 hit  rel 1.932e-02
[chk] L36 e117 pcie rel 2.110e-02
[chk] L37 e115 hit  rel 2.408e-02
[chk] L37 e32 hit  rel 2.178e-02
[chk] L37 e147 pcie rel 2.180e-02
[chk] L37 e4 hit  rel 2.921e-02
[chk] L37 e206 pcie rel 2.217e-02
[chk] L38 e62 hit  rel 2.040e-02
[chk] L38 e63 hit  rel 1.959e-02
[chk] L38 e115 hit  rel 2.048e-02
[chk] L38 e18 hit  rel 2.754e-02
[chk] L38 e11 hit  rel 2.202e-02
[chk] L38 e162 hit  rel 2.065e-02
[chk] L39 e1 hit  rel 1.961e-02
[chk] L39 e139 hit  rel 2.394e-02
[chk] L39 e54 hit  rel 2.325e-02
[chk] L39 e229 pcie rel 2.434e-02
[chk] L39 e146 hit  rel 2.467e-02
[chk] L40 e247 hit  rel 1.744e-02
[chk] L40 e15 hit  rel 2.083e-02
[chk] L40 e108 hit  rel 2.169e-02
[chk] L40 e190 pcie rel 2.154e-02
[chk] L40 e24 hit  rel 2.176e-02
[chk] L41 e190 hit  rel 1.928e-02
[chk] L41 e205 hit  rel 1.926e-02
[chk] L41 e60 pcie rel 2.080e-02
[chk] L41 e36 pcie rel 1.991e-02
[chk] L42 e38 hit  rel 1.644e-02
[chk] L42 e218 hit  rel 1.831e-02
[chk] L42 e254 hit  rel 2.200e-02
[chk] L42 e250 pcie rel 2.443e-02
[chk] L0 e231 pcie rel 2.994e-02
[chk] L0 e170 pcie rel 2.068e-02
[chk] L0 e174 hit  rel 2.523e-02
[chk] L0 e126 pcie rel 2.388e-02
[chk] L1 e222 pcie rel 1.834e-02
[chk] L1 e42 pcie rel 1.809e-02
[chk] L1 e236 pcie rel 1.805e-02
[chk] L2 e100 hit  rel 2.111e-02
[chk] L2 e106 pcie rel 2.292e-02
[chk] L2 e255 pcie rel 1.914e-02
[chk] L3 e9 hit  rel 2.210e-02
[chk] L3 e188 hit  rel 2.444e-02
[chk] L3 e50 hit  rel 2.570e-02
[chk] L3 e217 hit  rel 1.779e-02
[chk] L3 e39 hit  rel 1.783e-02
[chk] L3 e92 pcie rel 2.305e-02
[chk] L4 e193 hit  rel 2.617e-02
[chk] L4 e184 hit  rel 2.466e-02
[chk] L4 e52 hit  rel 1.720e-02
[chk] L4 e227 pcie rel 1.895e-02
[chk] L5 e42 hit  rel 1.987e-02
[chk] L5 e229 hit  rel 2.555e-02
[chk] L5 e79 hit  rel 2.468e-02
[chk] L5 e148 pcie rel 2.191e-02
[chk] L5 e53 pcie rel 1.887e-02
[chk] L6 e203 hit  rel 2.207e-02
[chk] L6 e233 hit  rel 2.130e-02
[chk] L6 e85 hit  rel 2.132e-02
[chk] L6 e50 hit  rel 2.358e-02
[chk] L6 e38 hit  rel 2.540e-02
[chk] L7 e170 hit  rel 2.534e-02
[chk] L7 e160 hit  rel 2.003e-02
[chk] L7 e90 pcie rel 2.549e-02
[chk] L7 e197 pcie rel 2.624e-02
[chk] L7 e78 hit  rel 2.023e-02
[chk] L8 e106 hit  rel 2.008e-02
[chk] L8 e168 hit  rel 2.300e-02
[chk] L8 e239 hit  rel 2.272e-02
[chk] L8 e105 hit  rel 2.253e-02
[chk] L8 e219 hit  rel 2.108e-02
[chk] L8 e231 hit  rel 2.053e-02
[chk] L9 e149 hit  rel 2.061e-02
[chk] L9 e186 hit  rel 2.386e-02
[chk] L9 e164 hit  rel 1.872e-02
[chk] L9 e84 pcie rel 1.970e-02
[chk] L9 e230 hit  rel 1.859e-02
[chk] L10 e156 hit  rel 2.247e-02
[chk] L10 e3 hit  rel 1.924e-02
[chk] L10 e44 hit  rel 1.919e-02
[chk] L10 e69 pcie rel 1.996e-02
[chk] L11 e7 hit  rel 2.479e-02
[chk] L11 e113 hit  rel 2.049e-02
[chk] L11 e182 hit  rel 2.080e-02
[chk] L11 e125 hit  rel 1.887e-02
[chk] L11 e236 hit  rel 2.281e-02
[chk] L11 e5 hit  rel 2.084e-02
[chk] L12 e229 hit  rel 2.706e-02
[chk] L12 e127 hit  rel 2.176e-02
[chk] L12 e52 hit  rel 2.142e-02
[chk] L12 e131 hit  rel 1.996e-02
[chk] L12 e235 pcie rel 1.760e-02
[chk] L13 e93 hit  rel 2.292e-02
[chk] L13 e122 hit  rel 1.912e-02
[chk] L13 e150 hit  rel 1.898e-02
[chk] L13 e25 pcie rel 1.724e-02
[chk] L13 e134 pcie rel 2.117e-02
[chk] L14 e21 hit  rel 2.192e-02
[chk] L14 e91 hit  rel 2.070e-02
[chk] L14 e227 hit  rel 2.457e-02
[chk] L14 e56 hit  rel 2.272e-02
[chk] L14 e134 hit  rel 1.973e-02
[chk] L14 e132 hit  rel 2.015e-02
[chk] L15 e53 hit  rel 1.951e-02
[chk] L15 e217 hit  rel 1.870e-02
[chk] L15 e37 pcie rel 2.213e-02
[chk] L15 e28 hit  rel 2.137e-02
[chk] L15 e188 hit  rel 2.100e-02
[chk] L16 e63 hit  rel 1.899e-02
[chk] L16 e185 hit  rel 2.186e-02
[chk] L16 e201 hit  rel 1.960e-02
[chk] L16 e82 hit  rel 2.257e-02
[chk] L16 e129 hit  rel 2.017e-02
[chk] L16 e137 hit  rel 1.823e-02
[chk] L17 e131 hit  rel 2.134e-02
[chk] L17 e26 hit  rel 1.893e-02
[chk] L17 e21 hit  rel 1.824e-02
[chk] L17 e28 hit  rel 1.975e-02
[chk] L17 e186 hit  rel 1.880e-02
[chk] L18 e254 hit  rel 2.185e-02
[chk] L18 e62 hit  rel 2.225e-02
[chk] L18 e190 hit  rel 2.037e-02
[chk] L18 e172 pcie rel 1.867e-02
[chk] L18 e197 hit  rel 1.997e-02
[chk] L19 e68 hit  rel 2.065e-02
[chk] L19 e151 hit  rel 1.824e-02
[chk] L19 e249 hit  rel 2.163e-02
[chk] L19 e90 pcie rel 2.114e-02
[chk] L19 e104 hit  rel 1.958e-02
[chk] L20 e227 hit  rel 1.927e-02
[chk] L20 e194 pcie rel 1.919e-02
[chk] L20 e3 hit  rel 1.969e-02
[chk] L20 e14 hit  rel 2.113e-02
[chk] L20 e63 hit  rel 1.927e-02
[chk] L21 e189 hit  rel 1.820e-02
[chk] L21 e89 hit  rel 1.888e-02
[chk] L21 e124 hit  rel 1.848e-02
[chk] L21 e185 pcie rel 2.107e-02
[chk] L21 e234 hit  rel 2.875e-02
[chk] L22 e189 hit  rel 1.808e-02
[chk] L22 e39 hit  rel 1.742e-02
[chk] L22 e130 hit  rel 1.920e-02
[chk] L22 e223 hit  rel 2.081e-02
[chk] L22 e107 hit  rel 2.230e-02
[chk] L22 e150 pcie rel 2.383e-02
[chk] L23 e56 hit  rel 1.817e-02
[chk] L23 e134 hit  rel 2.114e-02
[chk] L23 e240 hit  rel 2.309e-02
[chk] L23 e54 hit  rel 2.168e-02
[chk] L23 e123 hit  rel 1.919e-02
[chk] L24 e107 hit  rel 2.071e-02
[chk] L24 e151 hit  rel 2.230e-02
[chk] L24 e167 hit  rel 2.034e-02
[chk] L24 e93 hit  rel 2.323e-02
[chk] L24 e15 pcie rel 2.128e-02
[chk] L24 e176 hit  rel 2.083e-02
[chk] L25 e241 hit  rel 1.939e-02
[chk] L25 e204 hit  rel 2.051e-02
[chk] L25 e31 hit  rel 2.180e-02
[chk] L25 e4 pcie rel 2.235e-02
[chk] L26 e34 hit  rel 2.190e-02
[chk] L26 e249 hit  rel 2.159e-02
[chk] L26 e29 hit  rel 2.115e-02
[chk] L26 e162 hit  rel 1.984e-02
[chk] L26 e67 hit  rel 2.101e-02
[chk] L26 e169 hit  rel 2.045e-02
[chk] L27 e32 hit  rel 2.146e-02
[chk] L27 e156 pcie rel 2.097e-02
[chk] L27 e196 hit  rel 2.060e-02
[chk] L27 e2 pcie rel 1.974e-02
[chk] L27 e67 hit  rel 2.001e-02
[chk] L28 e243 hit  rel 1.925e-02
[chk] L28 e209 hit  rel 2.149e-02
[chk] L28 e18 hit  rel 2.007e-02
[chk] L28 e25 pcie rel 2.127e-02
[chk] L28 e251 hit  rel 2.061e-02
[chk] L29 e253 hit  rel 2.260e-02
[chk] L29 e217 hit  rel 2.121e-02
[chk] L29 e107 hit  rel 1.869e-02
[chk] L29 e184 hit  rel 2.310e-02
[chk] L29 e222 pcie rel 2.269e-02
[chk] L30 e207 hit  rel 2.355e-02
[chk] L30 e28 hit  rel 2.474e-02
[chk] L30 e247 hit  rel 1.812e-02
[chk] L30 e117 pcie rel 2.216e-02
[chk] L31 e27 hit  rel 2.132e-02
[chk] L31 e32 hit  rel 2.304e-02
[chk] L31 e65 hit  rel 2.069e-02
[chk] L31 e168 pcie rel 2.042e-02
[chk] L31 e53 pcie rel 2.200e-02
[chk] L32 e190 hit  rel 1.964e-02
[chk] L32 e122 hit  rel 2.299e-02
[chk] L32 e164 hit  rel 2.193e-02
[chk] L32 e154 pcie rel 1.975e-02
[chk] L32 e227 hit  rel 2.429e-02
[chk] L33 e247 hit  rel 2.075e-02
[chk] L33 e138 pcie rel 2.011e-02
[chk] L33 e156 pcie rel 1.959e-02
[chk] L33 e182 hit  rel 2.298e-02
[chk] L34 e119 hit  rel 2.258e-02
[chk] L34 e70 hit  rel 2.207e-02
[chk] L34 e113 hit  rel 2.039e-02
[chk] L34 e195 pcie rel 2.231e-02
[chk] L35 e144 hit  rel 1.897e-02
[chk] L35 e82 hit  rel 2.166e-02
[chk] L35 e170 hit  rel 2.247e-02
[chk] L35 e142 hit  rel 2.123e-02
[chk] L35 e131 hit  rel 2.067e-02
[chk] L35 e162 hit  rel 2.050e-02
[chk] L36 e54 hit  rel 2.250e-02
[chk] L36 e248 hit  rel 2.288e-02
[chk] L36 e9 hit  rel 2.242e-02
[chk] L36 e20 hit  rel 2.452e-02
[chk] L36 e74 pcie rel 2.104e-02
[chk] L36 e159 hit  rel 2.000e-02
[chk] L37 e115 hit  rel 2.260e-02
[chk] L37 e63 hit  rel 2.356e-02
[chk] L37 e65 hit  rel 2.286e-02
[chk] L37 e7 pcie rel 2.131e-02
[chk] L38 e11 hit  rel 2.232e-02
[chk] L38 e72 hit  rel 2.290e-02
[chk] L38 e199 pcie rel 2.355e-02
[chk] L38 e172 pcie rel 2.178e-02
[chk] L38 e63 hit  rel 2.096e-02
[chk] L39 e146 hit  rel 1.937e-02
[chk] L39 e54 hit  rel 2.450e-02
[chk] L39 e99 hit  rel 2.075e-02
[chk] L39 e220 hit  rel 2.409e-02
[chk] L39 e22 hit  rel 2.470e-02
[chk] L39 e139 hit  rel 2.302e-02
[chk] L40 e247 hit  rel 2.054e-02
[chk] L40 e19 hit  rel 2.200e-02
[chk] L40 e133 hit  rel 2.339e-02
[chk] L40 e4 pcie rel 1.969e-02
[chk] L41 e137 hit  rel 2.414e-02
[chk] L41 e183 hit  rel 1.666e-02
[chk] L41 e138 pcie rel 2.206e-02
[chk] L41 e66 hit  rel 2.426e-02
[chk] L41 e80 pcie rel 1.983e-02
[chk] L42 e141 hit  rel 2.152e-02
[chk] L42 e222 hit  rel 1.937e-02
[chk] L42 e189 hit  rel 2.205e-02
[chk] L42 e221 pcie rel 2.238e-02
[chk] L0 e44 hit  rel 2.322e-02
[chk] L0 e219 pcie rel 2.281e-02
[chk] L0 e4 pcie rel 2.233e-02
[chk] L0 e35 pcie rel 2.184e-02
[chk] L1 e178 hit  rel 2.897e-02
[chk] L1 e32 hit  rel 2.089e-02
[chk] L1 e175 pcie rel 1.910e-02
[chk] L1 e136 pcie rel 2.222e-02
[chk] L2 e13 hit  rel 2.431e-02
[chk] L2 e63 hit  rel 1.841e-02
[chk] L2 e207 pcie rel 2.233e-02
[chk] L2 e11 hit  rel 2.762e-02
[chk] L3 e64 hit  rel 1.893e-02
[chk] L3 e217 hit  rel 2.248e-02
[chk] L3 e222 hit  rel 2.113e-02
[chk] L3 e9 hit  rel 2.307e-02
[chk] L3 e233 pcie rel 2.098e-02
[chk] L4 e183 hit  rel 2.567e-02
[chk] L4 e97 hit  rel 1.975e-02
[chk] L4 e51 hit  rel 2.063e-02
[chk] L4 e234 hit  rel 2.013e-02
[chk] L4 e26 pcie rel 2.460e-02
[chk] L5 e79 hit  rel 2.081e-02
[chk] L5 e43 hit  rel 2.617e-02
[chk] L5 e50 pcie rel 2.145e-02
[chk] L5 e240 hit  rel 2.237e-02
[chk] L5 e42 hit  rel 1.866e-02
[chk] L6 e233 hit  rel 1.855e-02
[chk] L6 e203 hit  rel 2.356e-02
[chk] L6 e38 hit  rel 1.864e-02
[chk] L6 e166 hit  rel 2.190e-02
[chk] L6 e16 hit  rel 2.096e-02
[chk] L6 e94 pcie rel 2.427e-02
[chk] L7 e160 hit  rel 1.908e-02
[chk] L7 e122 hit  rel 2.016e-02
[chk] L7 e93 hit  rel 2.266e-02
[chk] L7 e88 hit  rel 2.558e-02
[chk] L7 e78 hit  rel 1.956e-02
[chk] L7 e214 hit  rel 2.074e-02
[chk] L8 e219 hit  rel 1.999e-02
[chk] L8 e106 hit  rel 2.340e-02
[chk] L8 e169 hit  rel 2.309e-02
[chk] L8 e215 hit  rel 2.004e-02
[chk] L8 e105 hit  rel 1.968e-02
[chk] L9 e28 hit  rel 1.781e-02
[chk] L9 e230 hit  rel 2.182e-02
[chk] L9 e164 hit  rel 1.925e-02
[chk] L9 e177 hit  rel 1.917e-02
[chk] L9 e84 pcie rel 2.255e-02
[chk] L10 e11 hit  rel 2.186e-02
[chk] L10 e161 hit  rel 1.931e-02
[chk] L10 e219 pcie rel 2.221e-02
[chk] L10 e218 pcie rel 1.953e-02
[chk] L11 e15 hit  rel 2.155e-02
[chk] L11 e235 pcie rel 2.038e-02
[chk] L11 e7 hit  rel 2.278e-02
[chk] L11 e212 pcie rel 1.708e-02
[chk] L12 e241 hit  rel 2.166e-02
[chk] L12 e127 hit  rel 2.370e-02
[chk] L12 e229 hit  rel 2.646e-02
[chk] L12 e37 pcie rel 2.031e-02
[chk] L12 e39 hit  rel 1.981e-02
[chk] L13 e93 hit  rel 1.955e-02
[chk] L13 e189 pcie rel 1.925e-02
[chk] L13 e191 hit  rel 2.211e-02
[chk] L13 e98 hit  rel 2.180e-02
[chk] L13 e198 hit  rel 2.213e-02
[chk] L13 e150 hit  rel 2.359e-02
[chk] L14 e169 hit  rel 2.044e-02
[chk] L14 e21 hit  rel 1.938e-02
[chk] L14 e50 hit  rel 2.094e-02
[chk] L14 e242 hit  rel 2.142e-02
[chk] L14 e59 pcie rel 2.141e-02
[chk] L15 e53 hit  rel 2.185e-02
[chk] L15 e28 hit  rel 1.962e-02
[chk] L15 e46 hit  rel 1.838e-02
[chk] L15 e207 hit  rel 2.008e-02
[chk] L15 e71 hit  rel 2.252e-02
[chk] L15 e39 hit  rel 2.024e-02
[chk] L16 e82 hit  rel 2.238e-02
[chk] L16 e31 hit  rel 2.004e-02
[chk] L16 e32 hit  rel 1.885e-02
[chk] L16 e102 pcie rel 1.699e-02
[chk] L17 e239 hit  rel 1.861e-02
[chk] L17 e231 pcie rel 1.852e-02
[chk] L17 e44 hit  rel 2.053e-02
[chk] L17 e25 hit  rel 2.016e-02
[chk] L17 e5 hit  rel 1.990e-02
[chk] L18 e5 hit  rel 1.859e-02
[chk] L18 e137 pcie rel 2.318e-02
[chk] L18 e169 pcie rel 1.967e-02
[chk] L19 e7 hit  rel 1.946e-02
[chk] L19 e84 hit  rel 1.976e-02
[chk] L19 e60 hit  rel 1.993e-02
[chk] L19 e99 pcie rel 1.880e-02
[chk] L19 e214 hit  rel 1.815e-02
[chk] L20 e3 hit  rel 1.895e-02
[chk] L20 e203 hit  rel 1.971e-02
[chk] L20 e153 hit  rel 1.930e-02
[chk] L20 e71 pcie rel 2.256e-02
[chk] L21 e189 hit  rel 1.719e-02
[chk] L21 e56 pcie rel 1.804e-02
[chk] L21 e59 hit  rel 2.312e-02
[chk] L21 e26 hit  rel 2.162e-02
[chk] L21 e158 hit  rel 1.857e-02
[chk] L22 e223 hit  rel 2.149e-02
[chk] L22 e103 hit  rel 1.968e-02
[chk] L22 e31 hit  rel 1.956e-02
[chk] L22 e251 pcie rel 1.852e-02
[chk] L22 e26 hit  rel 1.810e-02
[chk] L23 e134 hit  rel 1.960e-02
[chk] L23 e123 hit  rel 2.047e-02
[chk] L23 e1 pcie rel 2.085e-02
[chk] L23 e210 pcie rel 1.972e-02
[chk] L24 e107 hit  rel 2.111e-02
[chk] L24 e93 hit  rel 2.211e-02
[chk] L24 e176 hit  rel 2.064e-02
[chk] L24 e151 hit  rel 2.517e-02
[chk] L24 e167 hit  rel 2.128e-02
[chk] L24 e54 pcie rel 2.233e-02
[chk] L25 e241 hit  rel 2.057e-02
[chk] L25 e31 hit  rel 2.259e-02
[chk] L25 e204 hit  rel 2.182e-02
[chk] L25 e162 hit  rel 2.086e-02
[chk] L25 e240 pcie rel 1.903e-02
[chk] L26 e34 hit  rel 2.358e-02
[chk] L26 e29 hit  rel 2.182e-02
[chk] L26 e162 hit  rel 2.229e-02
[chk] L26 e67 hit  rel 2.225e-02
[chk] L26 e130 hit  rel 1.849e-02
[chk] L27 e32 hit  rel 2.253e-02
[chk] L27 e67 hit  rel 2.271e-02
[chk] L27 e242 hit  rel 2.453e-02
[chk] L27 e98 pcie rel 2.116e-02
[chk] L27 e149 pcie rel 2.041e-02
[chk] L28 e243 hit  rel 2.060e-02
[chk] L28 e18 hit  rel 1.996e-02
[chk] L28 e60 pcie rel 2.524e-02
[chk] L28 e154 hit  rel 2.066e-02
[chk] L29 e193 pcie rel 2.220e-02
[chk] L29 e107 hit  rel 2.008e-02
[chk] L29 e24 pcie rel 2.083e-02
[chk] L29 e253 hit  rel 2.110e-02
[chk] L30 e207 hit  rel 2.396e-02
[chk] L30 e91 hit  rel 1.737e-02
[chk] L30 e134 pcie rel 2.372e-02
[chk] L30 e190 pcie rel 1.942e-02
[chk] L31 e27 hit  rel 2.179e-02
[chk] L31 e17 hit  rel 2.423e-02
[chk] L31 e35 pcie rel 2.138e-02
[chk] L31 e216 pcie rel 1.688e-02
[chk] L31 e45 hit  rel 2.022e-02
[chk] L32 e190 hit  rel 2.151e-02
[chk] L32 e122 hit  rel 2.189e-02
[chk] L32 e164 hit  rel 2.250e-02
[chk] L32 e154 pcie rel 1.814e-02
[chk] L32 e227 hit  rel 2.455e-02
[chk] L33 e247 hit  rel 2.065e-02
[chk] L33 e233 hit  rel 1.899e-02
[chk] L33 e182 hit  rel 2.316e-02
[chk] L33 e147 hit  rel 1.839e-02
[chk] L33 e72 pcie rel 2.056e-02
[chk] L34 e119 hit  rel 2.193e-02
[chk] L34 e70 hit  rel 2.195e-02
[chk] L34 e113 hit  rel 2.024e-02
[chk] L34 e211 pcie rel 2.677e-02
[chk] L35 e82 hit  rel 2.321e-02
[chk] L35 e142 hit  rel 2.529e-02
[chk] L35 e134 pcie rel 2.711e-02
[chk] L35 e37 pcie rel 2.424e-02
[chk] L35 e144 hit  rel 2.089e-02
[chk] L36 e54 hit  rel 2.073e-02
[chk] L36 e41 hit  rel 2.143e-02
[chk] L36 e130 hit  rel 2.229e-02
[chk] L36 e159 hit  rel 1.909e-02
[chk] L36 e222 hit  rel 2.613e-02
[chk] L37 e250 hit  rel 2.629e-02
[chk] L37 e63 hit  rel 2.486e-02
[chk] L37 e133 pcie rel 2.086e-02
[chk] L37 e44 pcie rel 1.912e-02
[chk] L38 e11 hit  rel 2.283e-02
[chk] L38 e72 hit  rel 2.288e-02
[chk] L38 e222 pcie rel 2.524e-02
[chk] L38 e123 hit  rel 2.177e-02
[chk] L38 e133 hit  rel 2.020e-02
[chk] L38 e63 hit  rel 2.105e-02
[chk] L39 e54 hit  rel 2.288e-02
[chk] L39 e210 hit  rel 2.392e-02
[chk] L39 e170 hit  rel 2.126e-02
[chk] L39 e85 hit  rel 1.718e-02
[chk] L39 e182 hit  rel 1.698e-02
[chk] L40 e68 pcie rel 2.343e-02
[chk] L40 e133 hit  rel 2.553e-02
[chk] L40 e94 pcie rel 2.431e-02
[chk] L40 e195 hit  rel 2.346e-02
[chk] L40 e26 hit  rel 2.066e-02
[chk] L41 e137 hit  rel 2.197e-02
[chk] L41 e95 hit  rel 1.867e-02
[chk] L41 e66 hit  rel 2.313e-02
[chk] L41 e80 pcie rel 2.023e-02
[chk] L42 e120 hit  rel 2.056e-02
[chk] L42 e216 hit  rel 1.878e-02
[chk] L42 e233 hit  rel 1.763e-02
[chk] L42 e26 hit  rel 2.155e-02
[chk] L42 e48 pcie rel 2.234e-02
[chk] L0 e219 pcie rel 2.552e-02
[chk] L0 e126 pcie rel 2.430e-02
[chk] L0 e92 pcie rel 2.366e-02
[chk] L1 e129 pcie rel 2.921e-02
[chk] L1 e156 pcie rel 2.441e-02
[chk] L1 e227 pcie rel 2.164e-02
[chk] L2 e153 pcie rel 2.088e-02
[chk] L2 e203 pcie rel 2.792e-02
[chk] L2 e39 hit  rel 2.097e-02
[chk] L2 e76 pcie rel 1.972e-02
[chk] L3 e222 hit  rel 2.178e-02
[chk] L3 e64 hit  rel 2.073e-02
[chk] L3 e217 hit  rel 2.551e-02
[chk] L3 e9 hit  rel 2.214e-02
[chk] L3 e1 hit  rel 2.046e-02
[chk] L4 e234 hit  rel 1.936e-02
[chk] L4 e97 hit  rel 1.843e-02
[chk] L4 e183 hit  rel 2.485e-02
[chk] L4 e51 hit  rel 1.887e-02
[chk] L4 e218 pcie rel 1.924e-02
[chk] L5 e79 hit  rel 2.164e-02
[chk] L5 e43 hit  rel 2.539e-02
[chk] L5 e50 pcie rel 1.966e-02
[chk] L5 e126 pcie rel 2.617e-02
[chk] L6 e74 hit  rel 2.105e-02
[chk] L6 e226 pcie rel 2.536e-02
[chk] L6 e233 hit  rel 2.263e-02
[chk] L6 e38 hit  rel 2.144e-02
[chk] L6 e166 hit  rel 2.518e-02
[chk] L6 e16 hit  rel 1.866e-02
[chk] L7 e88 hit  rel 2.746e-02
[chk] L7 e93 hit  rel 2.573e-02
[chk] L7 e122 hit  rel 2.365e-02
[chk] L7 e214 hit  rel 2.150e-02
[chk] L7 e192 pcie rel 2.088e-02
[chk] L8 e140 hit  rel 2.320e-02
[chk] L8 e169 hit  rel 1.971e-02
[chk] L8 e114 pcie rel 2.155e-02
[chk] L8 e135 pcie rel 1.572e-02
[chk] L9 e28 hit  rel 1.798e-02
[chk] L9 e228 pcie rel 2.211e-02
[chk] L9 e242 pcie rel 1.959e-02
[chk] L9 e230 hit  rel 2.142e-02
[chk] L10 e11 hit  rel 2.314e-02
[chk] L10 e161 hit  rel 1.971e-02
[chk] L10 e8 hit  rel 1.950e-02
[chk] L10 e132 pcie rel 1.890e-02
[chk] L11 e15 hit  rel 2.222e-02
[chk] L11 e222 hit  rel 1.834e-02
[chk] L11 e159 pcie rel 1.933e-02
[chk] L11 e148 pcie rel 2.112e-02
[chk] L12 e127 hit  rel 2.486e-02
[chk] L12 e241 hit  rel 2.297e-02
[chk] L12 e39 hit  rel 2.100e-02
[chk] L12 e99 pcie rel 1.853e-02
[chk] L12 e37 pcie rel 2.014e-02
[chk] L13 e98 hit  rel 2.464e-02
[chk] L13 e93 hit  rel 1.853e-02
[chk] L13 e248 hit  rel 2.418e-02
[chk] L13 e44 pcie rel 1.868e-02
[chk] L13 e191 hit  rel 1.968e-02
[chk] L14 e169 hit  rel 1.972e-02
[chk] L14 e21 hit  rel 1.980e-02
[chk] L14 e50 hit  rel 2.038e-02
[chk] L14 e197 hit  rel 2.355e-02
[chk] L14 e59 pcie rel 1.875e-02
[chk] L15 e53 hit  rel 2.177e-02
[chk] L15 e46 hit  rel 1.884e-02
[chk] L15 e28 hit  rel 2.070e-02
[chk] L15 e39 hit  rel 1.980e-02
[chk] L15 e188 hit  rel 1.766e-02
[chk] L16 e82 hit  rel 2.106e-02
[chk] L16 e31 hit  rel 2.238e-02
[chk] L16 e84 pcie rel 1.823e-02
[chk] L16 e104 pcie rel 2.117e-02
[chk] L16 e185 hit  rel 2.008e-02
[chk] L17 e44 hit  rel 1.862e-02
[chk] L17 e239 hit  rel 2.193e-02
[chk] L17 e69 pcie rel 1.884e-02
[chk] L17 e3 pcie rel 2.004e-02
[chk] L18 e5 hit  rel 1.869e-02
[chk] L18 e228 pcie rel 1.924e-02
[chk] L18 e230 pcie rel 2.127e-02
[chk] L18 e254 hit  rel 1.776e-02
[chk] L19 e214 hit  rel 1.949e-02
[chk] L19 e27 hit  rel 2.132e-02
[chk] L19 e104 hit  rel 1.873e-02
[chk] L19 e200 hit  rel 1.996e-02
[chk] L19 e107 pcie rel 2.035e-02
[chk] L20 e153 hit  rel 2.104e-02
[chk] L20 e203 hit  rel 2.305e-02
[chk] L20 e67 pcie rel 2.386e-02
[chk] L21 e59 hit  rel 2.029e-02
[chk] L21 e106 pcie rel 2.055e-02
[chk] L21 e89 hit  rel 1.882e-02
[chk] L21 e158 hit  rel 1.829e-02
[chk] L21 e144 pcie rel 2.242e-02
[chk] L22 e223 hit  rel 1.902e-02
[chk] L22 e189 hit  rel 1.946e-02
[chk] L22 e205 pcie rel 1.978e-02
[chk] L22 e148 pcie rel 1.900e-02
[chk] L23 e134 hit  rel 1.923e-02
[chk] L23 e56 hit  rel 1.986e-02
[chk] L23 e123 hit  rel 1.998e-02
[chk] L23 e184 pcie rel 1.848e-02
[chk] L24 e107 hit  rel 2.188e-02
[chk] L24 e93 hit  rel 2.315e-02
[chk] L24 e176 hit  rel 2.046e-02
[chk] L24 e84 hit  rel 2.091e-02
[chk] L24 e157 pcie rel 1.845e-02
[chk] L25 e241 hit  rel 2.099e-02
[chk] L25 e204 hit  rel 1.993e-02
[chk] L25 e31 hit  rel 2.120e-02
[chk] L25 e181 pcie rel 2.163e-02
[chk] L25 e168 pcie rel 2.073e-02
[chk] L26 e34 hit  rel 2.009e-02
[chk] L26 e29 hit  rel 2.202e-02
[chk] L26 e67 hit  rel 2.089e-02
[chk] L26 e162 hit  rel 2.256e-02
[chk] L26 e188 pcie rel 2.013e-02
[chk] L27 e32 hit  rel 1.955e-02
[chk] L27 e51 pcie rel 2.057e-02
[chk] L27 e9 pcie rel 1.959e-02
[chk] L27 e85 hit  rel 2.010e-02
[chk] L28 e243 hit  rel 2.056e-02
[chk] L28 e18 hit  rel 2.303e-02
[chk] L28 e32 pcie rel 2.044e-02
[chk] L28 e209 hit  rel 2.138e-02
[chk] L29 e86 hit  rel 2.006e-02
[chk] L29 e43 pcie rel 2.383e-02
[chk] L29 e224 pcie rel 2.313e-02
[chk] L29 e136 pcie rel 2.136e-02
[chk] L30 e207 hit  rel 1.923e-02
[chk] L30 e190 pcie rel 2.304e-02
[chk] L30 e87 pcie rel 2.244e-02
[chk] L31 e27 hit  rel 2.011e-02
[chk] L31 e174 hit  rel 2.575e-02
[chk] L31 e70 pcie rel 2.128e-02
[chk] L31 e7 pcie rel 2.138e-02
[chk] L32 e122 hit  rel 1.984e-02
[chk] L32 e164 hit  rel 1.945e-02
[chk] L32 e191 pcie rel 1.994e-02
[chk] L32 e43 hit  rel 2.233e-02
[chk] L32 e172 pcie rel 2.090e-02
[chk] L33 e247 hit  rel 2.061e-02
[chk] L33 e132 hit  rel 2.070e-02
[chk] L33 e185 pcie rel 2.067e-02
[chk] L33 e93 pcie rel 2.084e-02
[chk] L34 e70 hit  rel 2.292e-02
[chk] L34 e113 hit  rel 2.114e-02
[chk] L34 e220 pcie rel 2.042e-02
[chk] L34 e25 pcie rel 2.103e-02
[chk] L35 e36 hit  rel 2.309e-02
[chk] L35 e32 hit  rel 2.062e-02
[chk] L35 e142 hit  rel 1.931e-02
[chk] L35 e37 pcie rel 2.044e-02
[chk] L36 e20 hit  rel 1.937e-02
[chk] L36 e65 hit  rel 2.225e-02
[chk] L36 e69 hit  rel 2.050e-02
[chk] L36 e190 pcie rel 2.254e-02
[chk] L37 e250 hit  rel 2.398e-02
[chk] L37 e63 hit  rel 2.225e-02
[chk] L37 e4 hit  rel 2.340e-02
[chk] L37 e209 hit  rel 1.998e-02
[chk] L37 e127 pcie rel 1.927e-02
[chk] L38 e11 hit  rel 2.170e-02
[chk] L38 e123 hit  rel 2.202e-02
[chk] L38 e63 hit  rel 2.067e-02
[chk] L38 e239 hit  rel 2.098e-02
[chk] L39 e54 hit  rel 2.300e-02
[chk] L39 e113 pcie rel 2.644e-02
[chk] L39 e210 hit  rel 2.192e-02
[chk] L39 e178 pcie rel 2.156e-02
[chk] L40 e88 hit  rel 2.274e-02
[chk] L40 e133 hit  rel 2.218e-02
[chk] L40 e247 hit  rel 2.086e-02
[chk] L40 e26 hit  rel 2.127e-02
[chk] L40 e178 pcie rel 2.188e-02
[chk] L41 e191 hit  rel 2.290e-02
[chk] L41 e222 pcie rel 2.147e-02
[chk] L41 e121 pcie rel 1.952e-02
[chk] L41 e240 pcie rel 1.761e-02
[chk] L42 e9 hit  rel 1.903e-02
[chk] L42 e38 hit  rel 2.094e-02
[chk] L42 e216 hit  rel 2.211e-02
[chk] L42 e120 hit  rel 2.660e-02
[chk] L42 e97 pcie rel 2.458e-02
[chk] L0 e16 hit  rel 2.750e-02
[chk] L0 e41 pcie rel 2.115e-02
[chk] L0 e122 pcie rel 2.706e-02
[chk] L1 e127 pcie rel 1.938e-02
[chk] L1 e184 pcie rel 2.835e-02
[chk] L1 e206 pcie rel 2.047e-02
[chk] L2 e2 pcie rel 2.424e-02
[chk] L2 e115 pcie rel 1.995e-02
[chk] L2 e12 pcie rel 2.210e-02
[chk] L3 e64 hit  rel 1.965e-02
[chk] L3 e222 hit  rel 2.611e-02
[chk] L3 e217 hit  rel 2.420e-02
[chk] L3 e9 hit  rel 2.451e-02
[chk] L3 e120 pcie rel 1.709e-02
[chk] L4 e186 hit  rel 2.514e-02
[chk] L4 e234 hit  rel 2.031e-02
[chk] L4 e183 hit  rel 2.487e-02
[chk] L4 e26 pcie rel 1.824e-02
[chk] L4 e51 hit  rel 2.111e-02
[chk] L4 e201 hit  rel 1.870e-02
[chk] L5 e79 hit  rel 2.159e-02
[chk] L5 e43 hit  rel 2.487e-02
[chk] L5 e126 pcie rel 2.343e-02
[chk] L5 e209 hit  rel 1.758e-02
[chk] L5 e240 hit  rel 1.954e-02
[chk] L6 e38 hit  rel 2.167e-02
[chk] L6 e218 hit  rel 2.285e-02
[chk] L6 e57 pcie rel 1.968e-02
[chk] L6 e200 hit  rel 1.875e-02
[chk] L6 e85 hit  rel 2.057e-02
[chk] L7 e88 hit  rel 2.547e-02
[chk] L7 e93 hit  rel 2.036e-02
[chk] L7 e185 pcie rel 2.129e-02
[chk] L7 e235 pcie rel 2.017e-02
[chk] L8 e140 hit  rel 2.106e-02
[chk] L8 e168 hit  rel 2.060e-02
[chk] L8 e105 hit  rel 2.120e-02
[chk] L8 e111 pcie rel 2.202e-02
[chk] L9 e149 hit  rel 2.113e-02
[chk] L9 e28 hit  rel 1.818e-02
[chk] L9 e57 pcie rel 2.020e-02
[chk] L9 e242 pcie rel 2.092e-02
[chk] L10 e110 hit  rel 2.305e-02
[chk] L10 e102 hit  rel 2.106e-02
[chk] L10 e36 pcie rel 1.841e-02
[chk] L10 e2 pcie rel 1.964e-02
[chk] L11 e182 hit  rel 1.797e-02
[chk] L11 e113 hit  rel 1.889e-02
[chk] L11 e15 hit  rel 2.206e-02
[chk] L11 e125 hit  rel 2.300e-02
[chk] L11 e148 pcie rel 1.973e-02
[chk] L12 e229 hit  rel 2.626e-02
[chk] L12 e131 hit  rel 1.718e-02
[chk] L12 e143 pcie rel 2.346e-02
[chk] L12 e241 hit  rel 2.139e-02
[chk] L12 e127 hit  rel 2.396e-02
[chk] L13 e93 hit  rel 2.441e-02
[chk] L13 e160 pcie rel 2.043e-02
[chk] L13 e122 hit  rel 2.226e-02
[chk] L13 e111 pcie rel 2.283e-02
[chk] L13 e61 hit  rel 1.810e-02
[chk] L14 e21 hit  rel 2.525e-02
[chk] L14 e56 hit  rel 2.532e-02
[chk] L14 e132 hit  rel 2.615e-02
[chk] L14 e227 hit  rel 2.177e-02
[chk] L14 e91 hit  rel 2.334e-02
[chk] L15 e152 pcie rel 2.007e-02
[chk] L15 e28 hit  rel 2.014e-02
[chk] L15 e37 pcie rel 2.106e-02
[chk] L15 e53 hit  rel 1.965e-02
[chk] L15 e43 hit  rel 1.945e-02
[chk] L16 e185 hit  rel 1.894e-02
[chk] L16 e49 hit  rel 1.991e-02
[chk] L16 e239 hit  rel 2.079e-02
[chk] L16 e145 pcie rel 2.407e-02
[chk] L17 e44 hit  rel 2.008e-02
[chk] L17 e239 hit  rel 2.116e-02
[chk] L17 e168 hit  rel 2.105e-02
[chk] L17 e188 hit  rel 2.191e-02
[chk] L17 e196 pcie rel 1.927e-02
[chk] L18 e254 hit  rel 2.295e-02
[chk] L18 e131 pcie rel 1.986e-02
[chk] L18 e171 hit  rel 2.041e-02
[chk] L18 e56 pcie rel 2.329e-02
[chk] L19 e214 hit  rel 1.969e-02
[chk] L19 e14 hit  rel 1.902e-02
[chk] L19 e249 hit  rel 1.882e-02
[chk] L19 e200 hit  rel 2.109e-02
[chk] L19 e27 hit  rel 1.961e-02
[chk] L19 e105 hit  rel 2.361e-02
[chk] L20 e153 hit  rel 1.787e-02
[chk] L20 e25 hit  rel 2.352e-02
[chk] L20 e122 pcie rel 1.874e-02
[chk] L20 e139 pcie rel 2.214e-02
[chk] L21 e144 pcie rel 2.490e-02
[chk] L21 e89 hit  rel 1.905e-02
[chk] L21 e59 hit  rel 2.424e-02
[chk] L21 e213 pcie rel 1.850e-02
[chk] L22 e189 hit  rel 2.137e-02
[chk] L22 e148 pcie rel 1.965e-02
[chk] L22 e9 pcie rel 1.928e-02
[chk] L22 e95 pcie rel 2.019e-02
[chk] L23 e134 hit  rel 1.944e-02
[chk] L23 e56 hit  rel 1.858e-02
[chk] L23 e123 hit  rel 2.212e-02
[chk] L23 e147 pcie rel 2.002e-02
[chk] L24 e93 hit  rel 2.335e-02
[chk] L24 e84 hit  rel 2.002e-02
[chk] L24 e176 hit  rel 2.342e-02
[chk] L24 e107 hit  rel 2.235e-02
[chk] L24 e189 pcie rel 2.025e-02
[chk] L25 e241 hit  rel 2.282e-02
[chk] L25 e204 hit  rel 2.060e-02
[chk] L25 e10 pcie rel 2.050e-02
[chk] L25 e172 pcie rel 2.160e-02
[chk] L25 e31 hit  rel 2.092e-02
[chk] L26 e34 hit  rel 2.136e-02
[chk] L26 e67 hit  rel 1.949e-02
[chk] L26 e162 hit  rel 2.227e-02
[chk] L26 e169 hit  rel 2.209e-02
[chk] L26 e133 pcie rel 2.376e-02
[chk] L27 e32 hit  rel 1.915e-02
[chk] L27 e242 hit  rel 2.186e-02
[chk] L27 e51 pcie rel 2.135e-02
[chk] L27 e156 pcie rel 2.152e-02
[chk] L28 e243 hit  rel 2.016e-02
[chk] L28 e209 hit  rel 2.088e-02
[chk] L28 e18 hit  rel 2.247e-02
[chk] L28 e113 pcie rel 2.300e-02
[chk] L29 e86 hit  rel 1.859e-02
[chk] L29 e43 pcie rel 2.303e-02
[chk] L29 e224 pcie rel 2.349e-02
[chk] L29 e39 hit  rel 2.283e-02
[chk] L29 e201 hit  rel 2.023e-02
[chk] L30 e134 pcie rel 2.013e-02
[chk] L30 e249 pcie rel 2.162e-02
[chk] L30 e151 hit  rel 2.545e-02
[chk] L31 e27 hit  rel 2.170e-02
[chk] L31 e11 pcie rel 2.287e-02
[chk] L31 e149 pcie rel 2.137e-02
[chk] L31 e51 hit  rel 2.203e-02
[chk] L32 e164 hit  rel 1.936e-02
[chk] L32 e122 hit  rel 2.045e-02
[chk] L32 e92 pcie rel 2.044e-02
[chk] L32 e83 pcie rel 2.151e-02
[chk] L33 e247 hit  rel 2.225e-02
[chk] L33 e132 hit  rel 2.005e-02
[chk] L33 e117 hit  rel 2.227e-02
[chk] L33 e113 hit  rel 2.016e-02
[chk] L33 e185 pcie rel 1.914e-02
[chk] L34 e70 hit  rel 2.094e-02
[chk] L34 e113 hit  rel 2.164e-02
[chk] L34 e49 pcie rel 2.210e-02
[chk] L34 e209 pcie rel 2.060e-02
[chk] L35 e32 hit  rel 1.998e-02
[chk] L35 e15 hit  rel 2.196e-02
[chk] L35 e142 hit  rel 2.130e-02
[chk] L35 e36 hit  rel 1.952e-02
[chk] L35 e37 pcie rel 2.117e-02
[chk] L36 e65 hit  rel 2.208e-02
[chk] L36 e20 hit  rel 2.325e-02
[chk] L36 e69 hit  rel 2.291e-02
[chk] L36 e234 hit  rel 2.144e-02
[chk] L36 e139 pcie rel 2.400e-02
[chk] L37 e209 hit  rel 2.439e-02
[chk] L37 e255 pcie rel 2.112e-02
[chk] L37 e175 hit  rel 2.290e-02
[chk] L37 e194 pcie rel 2.274e-02
[chk] L38 e11 hit  rel 1.985e-02
[chk] L38 e239 hit  rel 2.096e-02
[chk] L38 e63 hit  rel 2.022e-02
[chk] L38 e243 hit  rel 2.216e-02
[chk] L39 e115 pcie rel 2.038e-02
[chk] L39 e30 hit  rel 2.005e-02
[chk] L39 e54 hit  rel 2.226e-02
[chk] L39 e182 hit  rel 1.727e-02
[chk] L39 e70 hit  rel 2.544e-02
[chk] L39 e139 hit  rel 2.318e-02
[chk] L40 e88 hit  rel 2.103e-02
[chk] L40 e26 hit  rel 2.117e-02
[chk] L40 e46 pcie rel 2.592e-02
[chk] L40 e25 hit  rel 1.892e-02
[chk] L40 e247 hit  rel 1.886e-02
[chk] L41 e16 hit  rel 2.099e-02
[chk] L41 e103 pcie rel 1.993e-02
[chk] L41 e133 pcie rel 2.112e-02
[chk] L42 e165 hit  rel 3.210e-02
[chk] L42 e218 hit  rel 1.803e-02
[chk] L42 e84 hit  rel 2.052e-02
[chk] L42 e35 pcie rel 2.373e-02
[chk] L42 e97 pcie rel 3.013e-02
[chk] L0 e178 hit  rel 2.272e-02
[chk] L0 e16 hit  rel 1.940e-02
[chk] L0 e44 hit  rel 2.176e-02
[chk] L0 e42 hit  rel 2.092e-02
[chk] L0 e66 pcie rel 2.459e-02
[chk] L1 e116 pcie rel 2.527e-02
[chk] L1 e2 hit  rel 2.250e-02
[chk] L1 e157 pcie rel 1.999e-02
[chk] L2 e120 pcie rel 2.298e-02
[chk] L2 e68 pcie rel 2.359e-02
[chk] L2 e178 pcie rel 2.947e-02
[chk] L2 e55 hit  rel 1.956e-02
[chk] L3 e9 hit  rel 2.970e-02
[chk] L3 e217 hit  rel 2.233e-02
[chk] L3 e64 hit  rel 2.105e-02
[chk] L3 e222 hit  rel 2.091e-02
[chk] L3 e233 pcie rel 2.026e-02
[chk] L4 e51 hit  rel 2.346e-02
[chk] L4 e118 hit  rel 2.187e-02
[chk] L4 e186 hit  rel 2.210e-02
[chk] L4 e163 hit  rel 2.284e-02
[chk] L4 e183 hit  rel 2.147e-02
[chk] L5 e55 pcie rel 2.342e-02
[chk] L5 e79 hit  rel 2.652e-02
[chk] L5 e126 pcie rel 2.161e-02
[chk] L5 e198 hit  rel 1.940e-02
[chk] L5 e42 hit  rel 1.673e-02
[chk] L6 e218 hit  rel 2.154e-02
[chk] L6 e38 hit  rel 2.316e-02
[chk] L6 e85 hit  rel 2.237e-02
[chk] L6 e177 pcie rel 2.169e-02
[chk] L6 e203 hit  rel 2.181e-02
[chk] L7 e93 hit  rel 2.009e-02
[chk] L7 e128 pcie rel 1.951e-02
[chk] L7 e143 hit  rel 1.957e-02
[chk] L7 e55 pcie rel 1.999e-02
[chk] L8 e140 hit  rel 1.774e-02
[chk] L8 e219 hit  rel 2.202e-02
[chk] L8 e114 pcie rel 2.417e-02
[chk] L8 e105 hit  rel 1.966e-02
[chk] L9 e73 pcie rel 2.192e-02
[chk] L9 e149 hit  rel 2.042e-02
[chk] L9 e44 pcie rel 2.007e-02
[chk] L9 e194 pcie rel 1.828e-02
[chk] L10 e110 hit  rel 1.882e-02
[chk] L10 e156 hit  rel 2.012e-02
[chk] L10 e122 hit  rel 1.913e-02
[chk] L10 e158 hit  rel 2.273e-02
[chk] L10 e161 hit  rel 2.138e-02
[chk] L11 e7 hit  rel 2.340e-02
[chk] L11 e236 hit  rel 2.069e-02
[chk] L11 e220 pcie rel 2.157e-02
[chk] L11 e242 hit  rel 1.868e-02
[chk] L11 e182 hit  rel 2.105e-02
[chk] L12 e229 hit  rel 2.663e-02
[chk] L12 e55 pcie rel 1.914e-02
[chk] L12 e64 hit  rel 1.908e-02
[chk] L12 e235 pcie rel 2.010e-02
[chk] L13 e93 hit  rel 2.116e-02
[chk] L13 e160 pcie rel 2.166e-02
[chk] L13 e111 pcie rel 2.591e-02
[chk] L14 e21 hit  rel 2.541e-02
[chk] L14 e56 hit  rel 2.461e-02
[chk] L14 e144 pcie rel 2.488e-02
[chk] L14 e183 pcie rel 1.711e-02
[chk] L15 e152 pcie rel 2.003e-02
[chk] L15 e53 hit  rel 1.933e-02
[chk] L15 e151 pcie rel 1.939e-02
[chk] L15 e69 pcie rel 1.769e-02
[chk] L16 e185 hit  rel 2.199e-02
[chk] L16 e11 pcie rel 1.999e-02
[chk] L16 e151 hit  rel 2.017e-02
[chk] L17 e44 hit  rel 1.844e-02
[chk] L17 e188 hit  rel 1.945e-02
[chk] L17 e168 hit  rel 1.947e-02
[chk] L17 e181 hit  rel 1.917e-02
[chk] L17 e196 pcie rel 2.119e-02
[chk] L18 e254 hit  rel 2.459e-02
[chk] L18 e56 pcie rel 2.411e-02
[chk] L18 e137 pcie rel 1.994e-02
[chk] L18 e243 pcie rel 2.152e-02
[chk] L19 e14 hit  rel 1.824e-02
[chk] L19 e249 hit  rel 1.905e-02
[chk] L19 e105 hit  rel 2.226e-02
[chk] L19 e200 hit  rel 1.908e-02
[chk] L20 e25 hit  rel 2.082e-02
[chk] L20 e94 hit  rel 2.635e-02
[chk] L20 e153 hit  rel 2.088e-02
[chk] L20 e139 pcie rel 2.228e-02
[chk] L20 e175 pcie rel 1.829e-02
[chk] L21 e144 pcie rel 2.384e-02
[chk] L21 e204 hit  rel 2.098e-02
[chk] L21 e79 pcie rel 1.977e-02
[chk] L21 e59 hit  rel 1.884e-02
[chk] L22 e189 hit  rel 2.522e-02
[chk] L22 e200 pcie rel 2.088e-02
[chk] L22 e95 pcie rel 2.039e-02
[chk] L23 e134 hit  rel 2.075e-02
[chk] L23 e184 pcie rel 1.927e-02
[chk] L23 e56 hit  rel 2.137e-02
[chk] L23 e44 pcie rel 2.069e-02
[chk] L24 e93 hit  rel 2.163e-02
[chk] L24 e84 hit  rel 2.067e-02
[chk] L24 e176 hit  rel 1.902e-02
[chk] L24 e107 hit  rel 2.050e-02
[chk] L24 e189 pcie rel 2.199e-02
[chk] L25 e204 hit  rel 2.106e-02
[chk] L25 e241 hit  rel 2.204e-02
[chk] L25 e181 pcie rel 2.274e-02
[chk] L25 e10 pcie rel 2.049e-02
[chk] L26 e34 hit  rel 2.305e-02
[chk] L26 e119 hit  rel 2.153e-02
[chk] L26 e67 hit  rel 2.076e-02
[chk] L26 e223 pcie rel 2.087e-02
[chk] L26 e162 hit  rel 2.116e-02
[chk] L27 e32 hit  rel 1.993e-02
[chk] L27 e242 hit  rel 2.065e-02
[chk] L27 e123 pcie rel 1.973e-02
[chk] L27 e240 pcie rel 2.073e-02
[chk] L28 e243 hit  rel 2.192e-02
[chk] L28 e209 hit  rel 2.140e-02
[chk] L28 e12 pcie rel 2.177e-02
[chk] L28 e238 hit  rel 2.070e-02
[chk] L29 e86 hit  rel 1.971e-02
[chk] L29 e34 hit  rel 1.988e-02
[chk] L29 e13 pcie rel 2.231e-02
[chk] L29 e43 pcie rel 2.206e-02
[chk] L30 e6 pcie rel 2.131e-02
[chk] L30 e87 pcie rel 2.162e-02
[chk] L30 e221 hit  rel 2.241e-02
[chk] L30 e2 pcie rel 2.399e-02
[chk] L31 e27 hit  rel 2.085e-02
[chk] L31 e237 pcie rel 2.173e-02
[chk] L31 e205 pcie rel 2.087e-02
[chk] L32 e164 hit  rel 2.061e-02
[chk] L32 e118 hit  rel 2.043e-02
[chk] L32 e8 hit  rel 2.200e-02
[chk] L32 e43 hit  rel 1.870e-02
[chk] L32 e92 pcie rel 2.158e-02
[chk] L33 e247 hit  rel 2.316e-02
[chk] L33 e250 pcie rel 2.238e-02
[chk] L33 e117 hit  rel 2.259e-02
[chk] L33 e232 hit  rel 2.198e-02
[chk] L33 e132 hit  rel 2.042e-02
[chk] L34 e70 hit  rel 2.116e-02
[chk] L34 e113 hit  rel 2.096e-02
[chk] L34 e142 hit  rel 2.304e-02
[chk] L34 e209 pcie rel 2.242e-02
[chk] L34 e211 pcie rel 2.263e-02
[chk] L35 e32 hit  rel 1.997e-02
[chk] L35 e142 hit  rel 2.143e-02
[chk] L35 e239 hit  rel 2.187e-02
[chk] L35 e31 pcie rel 1.998e-02
[chk] L36 e20 hit  rel 2.411e-02
[chk] L36 e65 hit  rel 1.962e-02
[chk] L36 e81 hit  rel 2.182e-02
[chk] L36 e41 hit  rel 2.340e-02
[chk] L36 e139 pcie rel 2.332e-02
[chk] L37 e179 hit  rel 2.398e-02
[chk] L37 e175 hit  rel 2.239e-02
[chk] L37 e92 pcie rel 2.161e-02
[chk] L37 e177 pcie rel 2.040e-02
[chk] L38 e11 hit  rel 2.182e-02
[chk] L38 e239 hit  rel 2.670e-02
[chk] L38 e63 hit  rel 2.152e-02
[chk] L38 e211 hit  rel 2.166e-02
[chk] L38 e244 hit  rel 2.198e-02
[chk] L39 e249 hit  rel 2.372e-02
[chk] L39 e54 hit  rel 2.427e-02
[chk] L39 e1 hit  rel 2.038e-02
[chk] L39 e146 hit  rel 2.245e-02
[chk] L39 e204 hit  rel 2.235e-02
[chk] L39 e178 pcie rel 2.042e-02
[chk] L40 e88 hit  rel 2.022e-02
[chk] L40 e247 hit  rel 2.137e-02
[chk] L40 e26 hit  rel 2.151e-02
[chk] L40 e15 hit  rel 2.173e-02
[chk] L40 e237 hit  rel 2.178e-02
[chk] L41 e16 hit  rel 2.343e-02
[chk] L41 e6 pcie rel 2.012e-02
[chk] L41 e133 pcie rel 2.252e-02
[chk] L41 e80 pcie rel 2.204e-02
[chk] L42 e218 hit  rel 1.817e-02
[chk] L42 e165 hit  rel 3.011e-02
[chk] L42 e254 hit  rel 1.939e-02
[chk] L42 e145 hit  rel 1.944e-02
[chk] L42 e9 hit  rel 2.229e-02
[chk] L42 e167 hit  rel 2.101e-02
[chk] L0 e74 hit  rel 2.228e-02
[chk] L0 e86 pcie rel 2.594e-02
[chk] L0 e151 pcie rel 2.233e-02
[chk] L1 e196 pcie rel 2.161e-02
[chk] L1 e158 pcie rel 1.973e-02
[chk] L1 e68 pcie rel 1.816e-02
ggml_backend_cuda_graph_compute: CUDA graph warmup complete
[chk] L2 e152 hit  rel 2.179e-02
[chk] L2 e246 pcie rel 1.927e-02
[chk] L2 e245 pcie rel 1.933e-02
[chk] L2 e26 pcie rel 2.015e-02
[chk] L3 e9 hit  rel 2.293e-02
[chk] L3 e217 hit  rel 2.203e-02
[chk] L3 e188 hit  rel 2.071e-02
[chk] L3 e39 hit  rel 2.702e-02
ggml_backend_cuda_graph_compute: CUDA graph warmup complete
[chk] L4 e52 hit  rel 2.182e-02
[chk] L4 e184 hit  rel 2.099e-02
[chk] L4 e222 hit  rel 2.439e-02
[chk] L4 e95 pcie rel 1.936e-02
[chk] L4 e186 hit  rel 1.873e-02
[chk] L4 e193 hit  rel 2.097e-02
[chk] L5 e42 hit  rel 2.116e-02
[chk] L5 e79 hit  rel 2.082e-02
[chk] L5 e182 pcie rel 2.130e-02
ggml_backend_cuda_graph_compute: CUDA graph warmup complete
[chk] L6 e19 hit  rel 2.155e-02
[chk] L6 e85 hit  rel 2.089e-02
[chk] L6 e135 hit  rel 1.895e-02
[chk] L6 e203 hit  rel 2.334e-02
[chk] L6 e162 pcie rel 2.154e-02
[chk] L7 e170 hit  rel 2.199e-02
[chk] L7 e114 pcie rel 2.139e-02
[chk] L7 e64 pcie rel 2.686e-02
[chk] L7 e160 hit  rel 2.398e-02
ggml_backend_cuda_graph_compute: CUDA graph warmup complete
[chk] L8 e168 hit  rel 2.802e-02
[chk] L8 e105 hit  rel 2.015e-02
[chk] L8 e106 hit  rel 2.278e-02
[chk] L8 e239 hit  rel 2.331e-02
[chk] L8 e147 hit  rel 2.346e-02
[chk] L8 e101 pcie rel 1.852e-02
[chk] L9 e149 hit  rel 1.984e-02
[chk] L9 e186 hit  rel 1.994e-02
[chk] L9 e164 hit  rel 1.809e-02
[chk] L9 e81 pcie rel 1.687e-02
ggml_backend_cuda_graph_compute: CUDA graph warmup complete
[chk] L10 e67 hit  rel 2.135e-02
[chk] L10 e156 hit  rel 2.014e-02
[chk] L10 e3 hit  rel 1.995e-02
[chk] L10 e171 pcie rel 1.662e-02
[chk] L10 e44 hit  rel 2.167e-02
[chk] L11 e113 hit  rel 1.916e-02
[chk] L11 e236 hit  rel 1.776e-02
[chk] L11 e77 hit  rel 2.019e-02
[chk] L11 e7 hit  rel 2.380e-02
[chk] L11 e5 hit  rel 1.780e-02
[chk] L11 e31 pcie rel 2.300e-02
ggml_backend_cuda_graph_compute: CUDA graph warmup complete
[chk] L12 e199 hit  rel 1.970e-02
[chk] L12 e229 hit  rel 2.494e-02
[chk] L12 e248 pcie rel 2.108e-02
[chk] L12 e230 pcie rel 1.933e-02
[chk] L13 e93 hit  rel 2.649e-02
[chk] L13 e214 hit  rel 1.872e-02
[chk] L13 e122 hit  rel 2.297e-02
[chk] L13 e104 pcie rel 2.089e-02
ggml_backend_cuda_graph_compute: CUDA graph warmup complete
[chk] L14 e56 hit  rel 2.051e-02
[chk] L14 e134 hit  rel 2.016e-02
[chk] L14 e21 hit  rel 2.842e-02
[chk] L14 e20 pcie rel 2.605e-02
[chk] L14 e132 hit  rel 2.338e-02
[chk] L14 e227 hit  rel 2.221e-02
[chk] L15 e217 hit  rel 1.956e-02
[chk] L15 e108 pcie rel 2.003e-02
[chk] L15 e43 hit  rel 1.846e-02
[chk] L15 e103 pcie rel 2.331e-02
ggml_backend_cuda_graph_compute: CUDA graph warmup complete
[chk] L16 e185 hit  rel 2.560e-02
[chk] L16 e93 pcie rel 2.335e-02
[chk] L16 e9 pcie rel 2.236e-02
[chk] L17 e131 hit  rel 2.114e-02
[chk] L17 e168 hit  rel 2.100e-02
[chk] L17 e49 pcie rel 2.382e-02
[chk] L17 e99 pcie rel 2.092e-02
ggml_backend_cuda_graph_compute: CUDA graph warmup complete
[chk] L18 e164 hit  rel 2.055e-02
[chk] L18 e254 hit  rel 2.155e-02
[chk] L18 e181 pcie rel 1.736e-02
[chk] L18 e171 hit  rel 2.010e-02
[chk] L18 e228 pcie rel 2.094e-02
[chk] L19 e151 hit  rel 1.772e-02
[chk] L19 e175 hit  rel 2.046e-02
[chk] L19 e85 hit  rel 2.194e-02
[chk] L19 e14 hit  rel 1.977e-02
[chk] L19 e218 hit  rel 2.292e-02
ggml_backend_cuda_graph_compute: CUDA graph warmup complete
[chk] L20 e104 hit  rel 1.975e-02
[chk] L20 e25 hit  rel 1.936e-02
[chk] L20 e176 hit  rel 1.978e-02
[chk] L20 e122 pcie rel 2.347e-02
[chk] L20 e179 pcie rel 2.167e-02
[chk] L21 e165 hit  rel 2.023e-02
[chk] L21 e162 pcie rel 2.124e-02
[chk] L21 e59 hit  rel 2.125e-02
[chk] L21 e16 pcie rel 1.970e-02
ggml_backend_cuda_graph_compute: CUDA graph warmup complete
[chk] L22 e189 hit  rel 1.794e-02
[chk] L22 e120 pcie rel 1.742e-02
[chk] L22 e196 pcie rel 1.911e-02
[chk] L22 e194 hit  rel 2.367e-02
[chk] L23 e134 hit  rel 2.059e-02
[chk] L23 e56 hit  rel 2.070e-02
[chk] L23 e35 pcie rel 1.976e-02
[chk] L23 e147 pcie rel 2.388e-02
ggml_backend_cuda_graph_compute: CUDA graph warmup complete
[chk] L24 e93 hit  rel 2.338e-02
[chk] L24 e84 hit  rel 2.426e-02
[chk] L24 e176 hit  rel 1.991e-02
[chk] L24 e228 pcie rel 2.056e-02
[chk] L25 e241 hit  rel 2.162e-02
[chk] L25 e204 hit  rel 2.143e-02
[chk] L25 e66 pcie rel 2.084e-02
[chk] L25 e142 hit  rel 2.050e-02
ggml_backend_cuda_graph_compute: CUDA graph warmup complete
[chk] L26 e119 hit  rel 1.986e-02
[chk] L26 e67 hit  rel 1.851e-02
[chk] L26 e34 hit  rel 2.294e-02
[chk] L26 e19 hit  rel 1.934e-02
[chk] L26 e133 pcie rel 2.463e-02
[chk] L27 e32 hit  rel 2.141e-02
[chk] L27 e109 hit  rel 2.042e-02
[chk] L27 e242 hit  rel 1.920e-02
[chk] L27 e96 pcie rel 2.072e-02
[chk] L27 e175 pcie rel 2.040e-02
ggml_backend_cuda_graph_compute: CUDA graph warmup complete
[chk] L28 e243 hit  rel 2.213e-02
[chk] L28 e209 hit  rel 2.068e-02
[chk] L28 e108 pcie rel 1.966e-02
[chk] L28 e9 pcie rel 1.986e-02
[chk] L29 e217 hit  rel 2.161e-02
[chk] L29 e34 hit  rel 2.120e-02
[chk] L29 e145 pcie rel 2.160e-02
[chk] L29 e201 hit  rel 2.212e-02
ggml_backend_cuda_graph_compute: CUDA graph warmup complete
[chk] L30 e221 hit  rel 2.278e-02
[chk] L30 e224 hit  rel 2.190e-02
[chk] L30 e151 hit  rel 2.178e-02
[chk] L30 e247 hit  rel 2.063e-02
[chk] L30 e87 pcie rel 2.108e-02
[chk] L31 e27 hit  rel 2.285e-02
[chk] L31 e191 pcie rel 1.923e-02
[chk] L31 e99 hit  rel 2.128e-02
[chk] L31 e33 hit  rel 1.876e-02
[chk] L31 e218 pcie rel 2.166e-02
ggml_backend_cuda_graph_compute: CUDA graph warmup complete
[chk] L32 e164 hit  rel 1.983e-02
[chk] L32 e26 pcie rel 2.171e-02
[chk] L32 e144 pcie rel 2.279e-02
[chk] L33 e247 hit  rel 2.125e-02
[chk] L33 e232 hit  rel 2.011e-02
[chk] L33 e49 pcie rel 2.396e-02
[chk] L33 e252 pcie rel 2.009e-02
[chk] L33 e113 hit  rel 2.033e-02
ggml_backend_cuda_graph_compute: CUDA graph warmup complete
[chk] L34 e70 hit  rel 2.123e-02
[chk] L34 e142 hit  rel 2.163e-02
[chk] L34 e113 hit  rel 2.601e-02
[chk] L34 e22 pcie rel 2.064e-02
[chk] L35 e32 hit  rel 1.872e-02
[chk] L35 e64 hit  rel 2.141e-02
[chk] L35 e69 pcie rel 2.225e-02
[chk] L35 e142 hit  rel 2.376e-02
[chk] L35 e37 pcie rel 2.187e-02
ggml_backend_cuda_graph_compute: CUDA graph warmup complete
[chk] L36 e81 hit  rel 2.087e-02
[chk] L36 e9 hit  rel 2.060e-02
[chk] L36 e65 hit  rel 2.334e-02
[chk] L36 e20 hit  rel 2.362e-02
[chk] L36 e159 hit  rel 2.000e-02
[chk] L37 e175 hit  rel 2.178e-02
[chk] L37 e133 pcie rel 2.214e-02
[chk] L37 e91 pcie rel 2.124e-02
[chk] L37 e84 pcie rel 2.225e-02
ggml_backend_cuda_graph_compute: CUDA graph warmup complete
[chk] L38 e239 hit  rel 2.411e-02
[chk] L38 e177 hit  rel 2.171e-02
[chk] L38 e11 hit  rel 2.221e-02
[chk] L38 e168 pcie rel 2.405e-02
[chk] L39 e135 hit  rel 1.986e-02
[chk] L39 e204 hit  rel 2.725e-02
[chk] L39 e22 hit  rel 2.283e-02
[chk] L39 e146 hit  rel 2.250e-02
[chk] L39 e185 hit  rel 2.202e-02
[chk] L39 e251 pcie rel 2.579e-02
ggml_backend_cuda_graph_compute: CUDA graph warmup complete
[chk] L40 e88 hit  rel 1.952e-02
[chk] L40 e168 pcie rel 2.171e-02
[chk] L40 e29 pcie rel 2.359e-02
[chk] L41 e156 hit  rel 1.804e-02
[chk] L41 e47 hit  rel 2.368e-02
[chk] L41 e174 hit  rel 2.362e-02
[chk] L41 e229 hit  rel 1.984e-02
[chk] L41 e161 pcie rel 2.617e-02
ggml_backend_cuda_graph_compute: CUDA graph warmup complete
[chk] L42 e111 hit  rel 1.640e-02
[chk] L42 e244 hit  rel 1.976e-02
[chk] L42 e154 hit  rel 2.099e-02
[chk] L42 e141 hit  rel 1.890e-02
[chk] L42 e39 pcie rel 2.066e-02
[chk] L0 e7 pcie rel 2.778e-02
[chk] L0 e126 pcie rel 2.466e-02
[chk] L0 e43 pcie rel 2.506e-02
[chk] L1 e229 hit  rel 2.108e-02
[chk] L1 e32 hit  rel 2.026e-02
[chk] L1 e130 pcie rel 2.187e-02
[chk] L1 e90 pcie rel 2.285e-02
[chk] L2 e27 pcie rel 2.875e-02
[chk] L2 e37 pcie rel 2.341e-02
[chk] L2 e88 pcie rel 2.607e-02
[chk] L3 e9 hit  rel 2.240e-02
[chk] L3 e20 hit  rel 2.141e-02
[chk] L3 e217 hit  rel 2.465e-02
[chk] L3 e233 pcie rel 2.155e-02
[chk] L3 e188 hit  rel 2.135e-02
[chk] L4 e191 hit  rel 2.322e-02
[chk] L4 e137 pcie rel 3.021e-02
[chk] L4 e183 hit  rel 1.828e-02
[chk] L4 e175 pcie rel 1.633e-02
[chk] L4 e186 hit  rel 2.141e-02
[chk] L5 e79 hit  rel 2.131e-02
[chk] L5 e42 hit  rel 2.280e-02
[chk] L5 e14 hit  rel 2.181e-02
[chk] L5 e126 pcie rel 2.318e-02
[chk] L6 e218 hit  rel 2.469e-02
[chk] L6 e80 pcie rel 2.710e-02
[chk] L6 e166 hit  rel 2.106e-02
[chk] L6 e107 pcie rel 1.825e-02
[chk] L6 e233 hit  rel 2.044e-02
[chk] L7 e170 hit  rel 2.197e-02
[chk] L7 e143 hit  rel 2.186e-02
[chk] L7 e128 pcie rel 2.089e-02
[chk] L7 e245 pcie rel 2.025e-02
[chk] L8 e82 hit  rel 1.800e-02
[chk] L8 e168 hit  rel 2.537e-02
[chk] L8 e239 hit  rel 2.226e-02
[chk] L8 e105 hit  rel 1.873e-02
[chk] L8 e106 hit  rel 2.189e-02
[chk] L9 e149 hit  rel 2.326e-02
[chk] L9 e186 hit  rel 1.947e-02
[chk] L9 e211 hit  rel 1.939e-02
[chk] L9 e1 pcie rel 2.137e-02
[chk] L9 e111 pcie rel 1.942e-02
[chk] L10 e110 hit  rel 2.218e-02
[chk] L10 e156 hit  rel 2.127e-02
[chk] L10 e24 pcie rel 2.175e-02
[chk] L10 e8 hit  rel 1.961e-02
[chk] L11 e236 hit  rel 2.266e-02
[chk] L11 e7 hit  rel 2.381e-02
[chk] L11 e68 pcie rel 1.838e-02
[chk] L11 e79 pcie rel 1.875e-02
[chk] L12 e229 hit  rel 2.528e-02
[chk] L12 e199 hit  rel 2.090e-02
[chk] L12 e235 pcie rel 1.909e-02
[chk] L12 e136 pcie rel 1.894e-02
[chk] L12 e119 hit  rel 2.012e-02
[chk] L13 e93 hit  rel 2.518e-02
[chk] L13 e214 hit  rel 1.887e-02
[chk] L13 e99 hit  rel 1.935e-02
[chk] L13 e111 pcie rel 2.023e-02
[chk] L14 e21 hit  rel 2.721e-02
[chk] L14 e56 hit  rel 1.974e-02
[chk] L14 e114 pcie rel 2.594e-02
[chk] L14 e144 pcie rel 2.258e-02
[chk] L15 e53 hit  rel 2.302e-02
[chk] L15 e217 hit  rel 1.858e-02
[chk] L15 e37 pcie rel 2.332e-02
[chk] L15 e43 hit  rel 2.033e-02
[chk] L15 e69 pcie rel 2.094e-02
[chk] L16 e185 hit  rel 2.209e-02
[chk] L16 e151 hit  rel 2.251e-02
[chk] L16 e230 pcie rel 2.086e-02
[chk] L16 e109 hit  rel 2.077e-02
[chk] L17 e186 hit  rel 1.996e-02
[chk] L17 e42 pcie rel 1.968e-02
[chk] L17 e122 hit  rel 1.857e-02
[chk] L17 e49 pcie rel 2.096e-02
[chk] L17 e181 hit  rel 1.791e-02
[chk] L18 e226 hit  rel 1.869e-02
[chk] L18 e254 hit  rel 2.178e-02
[chk] L18 e165 pcie rel 2.120e-02
[chk] L18 e243 pcie rel 2.122e-02
[chk] L19 e14 hit  rel 1.900e-02
[chk] L19 e249 hit  rel 2.150e-02
[chk] L19 e90 pcie rel 1.942e-02
[chk] L19 e6 pcie rel 1.841e-02
[chk] L20 e104 hit  rel 1.953e-02
[chk] L20 e25 hit  rel 1.966e-02
[chk] L20 e13 pcie rel 2.293e-02
[chk] L20 e40 pcie rel 2.217e-02
[chk] L21 e79 pcie rel 2.106e-02
[chk] L21 e15 pcie rel 2.129e-02
[chk] L21 e59 hit  rel 2.016e-02
[chk] L22 e189 hit  rel 2.606e-02
[chk] L22 e207 pcie rel 2.089e-02
[chk] L22 e143 pcie rel 1.882e-02
[chk] L22 e174 pcie rel 1.919e-02
[chk] L23 e56 hit  rel 1.958e-02
[chk] L23 e134 hit  rel 2.061e-02
[chk] L23 e147 pcie rel 2.015e-02
[chk] L23 e35 pcie rel 1.936e-02
[chk] L24 e93 hit  rel 2.232e-02
[chk] L24 e176 hit  rel 1.998e-02
[chk] L24 e84 hit  rel 2.274e-02
[chk] L24 e238 pcie rel 2.123e-02
[chk] L25 e241 hit  rel 2.346e-02
[chk] L25 e204 hit  rel 2.043e-02
[chk] L25 e142 hit  rel 2.085e-02
[chk] L25 e31 hit  rel 1.988e-02
[chk] L25 e251 pcie rel 2.062e-02
[chk] L26 e119 hit  rel 1.827e-02
[chk] L26 e67 hit  rel 1.974e-02
[chk] L26 e34 hit  rel 2.462e-02
[chk] L26 e247 pcie rel 2.220e-02
[chk] L26 e162 hit  rel 2.022e-02
[chk] L27 e32 hit  rel 2.109e-02
[chk] L27 e242 hit  rel 2.142e-02
[chk] L27 e96 pcie rel 2.087e-02
[chk] L27 e80 pcie rel 2.202e-02
[chk] L28 e243 hit  rel 2.099e-02
[chk] L28 e209 hit  rel 2.030e-02
[chk] L28 e34 pcie rel 2.116e-02
[chk] L28 e113 pcie rel 2.028e-02
[chk] L29 e34 hit  rel 2.393e-02
[chk] L29 e217 hit  rel 2.096e-02
[chk] L29 e145 pcie rel 2.198e-02
[chk] L29 e43 pcie rel 2.183e-02
[chk] L30 e221 hit  rel 1.967e-02
[chk] L30 e151 hit  rel 2.001e-02
[chk] L30 e247 hit  rel 2.063e-02
[chk] L30 e249 pcie rel 2.145e-02
[chk] L31 e27 hit  rel 2.198e-02
[chk] L31 e99 hit  rel 2.013e-02
[chk] L31 e44 pcie rel 2.140e-02
[chk] L31 e218 pcie rel 1.994e-02
[chk] L32 e164 hit  rel 2.165e-02
[chk] L32 e246 hit  rel 2.106e-02
[chk] L32 e212 hit  rel 2.264e-02
[chk] L32 e198 pcie rel 2.061e-02
[chk] L32 e37 pcie rel 2.100e-02
[chk] L33 e247 hit  rel 2.159e-02
[chk] L33 e232 hit  rel 2.028e-02
[chk] L33 e132 hit  rel 2.220e-02
[chk] L33 e151 pcie rel 2.132e-02
[chk] L34 e70 hit  rel 2.106e-02
[chk] L34 e113 hit  rel 2.150e-02
[chk] L34 e142 hit  rel 2.141e-02
[chk] L34 e211 pcie rel 2.131e-02
[chk] L34 e215 pcie rel 2.347e-02
[chk] L35 e144 hit  rel 2.070e-02
[chk] L35 e32 hit  rel 2.149e-02
[chk] L35 e142 hit  rel 2.039e-02
[chk] L35 e25 pcie rel 2.440e-02
[chk] L36 e81 hit  rel 1.940e-02
[chk] L36 e9 hit  rel 2.162e-02
[chk] L36 e20 hit  rel 2.563e-02
[chk] L36 e234 hit  rel 2.041e-02
[chk] L36 e68 pcie rel 2.074e-02
[chk] L37 e109 pcie rel 1.947e-02
[chk] L37 e38 hit  rel 2.084e-02
[chk] L37 e92 pcie rel 2.132e-02
[chk] L38 e239 hit  rel 2.419e-02
[chk] L38 e226 pcie rel 2.412e-02
[chk] L38 e11 hit  rel 2.218e-02
[chk] L38 e215 pcie rel 2.485e-02
[chk] L38 e63 hit  rel 2.129e-02
[chk] L39 e146 hit  rel 2.263e-02
[chk] L39 e1 hit  rel 2.269e-02
[chk] L39 e249 hit  rel 2.498e-02
[chk] L39 e30 hit  rel 2.417e-02
[chk] L39 e135 hit  rel 2.294e-02
[chk] L39 e22 hit  rel 2.387e-02
[chk] L40 e88 hit  rel 1.854e-02
[chk] L40 e26 hit  rel 1.835e-02
[chk] L40 e37 pcie rel 2.147e-02
[chk] L40 e247 hit  rel 1.892e-02
[chk] L40 e240 hit  rel 2.074e-02
[chk] L41 e45 pcie rel 2.382e-02
[chk] L41 e66 hit  rel 2.332e-02
[chk] L41 e16 hit  rel 2.259e-02
[chk] L41 e172 pcie rel 2.274e-02
[chk] L42 e84 hit  rel 1.975e-02
[chk] L42 e218 hit  rel 2.013e-02
[chk] L42 e143 hit  rel 2.905e-02
[chk] L42 e39 pcie rel 2.298e-02
[chk] L0 e47 pcie rel 2.693e-02
[chk] L0 e20 pcie rel 2.158e-02
[chk] L0 e75 pcie rel 2.344e-02
[chk] L1 e229 hit  rel 2.110e-02
[chk] L1 e32 hit  rel 1.889e-02
[chk] L1 e17 pcie rel 2.307e-02
[chk] L1 e44 pcie rel 1.968e-02
[chk] L2 e161 pcie rel 2.040e-02
[chk] L2 e53 hit  rel 1.842e-02
[chk] L2 e243 pcie rel 2.060e-02
[chk] L2 e19 hit  rel 2.004e-02
[chk] L2 e101 hit  rel 2.217e-02
[chk] L3 e9 hit  rel 2.273e-02
[chk] L3 e39 hit  rel 2.106e-02
[chk] L3 e158 pcie rel 2.093e-02
[chk] L3 e217 hit  rel 2.030e-02
[chk] L3 e188 hit  rel 2.251e-02
[chk] L4 e52 hit  rel 1.953e-02
[chk] L4 e222 hit  rel 2.066e-02
[chk] L4 e191 hit  rel 1.891e-02
[chk] L4 e193 hit  rel 1.968e-02
[chk] L4 e95 pcie rel 1.884e-02
[chk] L5 e42 hit  rel 2.338e-02
[chk] L5 e53 pcie rel 2.106e-02
[chk] L5 e229 hit  rel 2.089e-02
[chk] L5 e182 pcie rel 1.815e-02
[chk] L6 e85 hit  rel 2.309e-02
[chk] L6 e19 hit  rel 2.566e-02
[chk] L6 e218 hit  rel 2.346e-02
[chk] L6 e135 hit  rel 2.069e-02
[chk] L6 e120 pcie rel 1.912e-02
[chk] L7 e170 hit  rel 2.140e-02
[chk] L7 e245 pcie rel 2.079e-02
[chk] L7 e114 pcie rel 2.246e-02
[chk] L7 e223 hit  rel 2.281e-02
[chk] L8 e168 hit  rel 2.687e-02
[chk] L8 e106 hit  rel 2.034e-02
[chk] L8 e239 hit  rel 2.234e-02
[chk] L8 e105 hit  rel 1.935e-02
[chk] L8 e147 hit  rel 2.116e-02
[chk] L9 e149 hit  rel 2.348e-02
[chk] L9 e186 hit  rel 2.601e-02
[chk] L9 e164 hit  rel 1.836e-02
[chk] L9 e1 pcie rel 2.394e-02
[chk] L9 e230 hit  rel 2.281e-02
[chk] L10 e156 hit  rel 2.280e-02
[chk] L10 e67 hit  rel 2.151e-02
[chk] L10 e171 pcie rel 2.220e-02
[chk] L10 e189 pcie rel 2.078e-02
[chk] L11 e113 hit  rel 2.215e-02
[chk] L11 e7 hit  rel 2.152e-02
[chk] L11 e77 hit  rel 2.320e-02
[chk] L11 e236 hit  rel 1.850e-02
[chk] L11 e220 pcie rel 1.827e-02
[chk] L12 e199 hit  rel 2.080e-02
[chk] L12 e229 hit  rel 2.546e-02
[chk] L12 e242 pcie rel 1.980e-02
[chk] L12 e192 pcie rel 1.988e-02
[chk] L13 e93 hit  rel 2.235e-02
[chk] L13 e25 pcie rel 2.154e-02
[chk] L13 e214 hit  rel 1.998e-02
[chk] L13 e122 hit  rel 2.312e-02
[chk] L13 e236 pcie rel 2.236e-02
[chk] L14 e56 hit  rel 2.086e-02
[chk] L14 e21 hit  rel 2.673e-02
[chk] L14 e134 hit  rel 2.055e-02
[chk] L14 e227 hit  rel 2.205e-02
[chk] L14 e35 pcie rel 2.195e-02
[chk] L15 e217 hit  rel 2.251e-02
[chk] L15 e43 hit  rel 1.934e-02
[chk] L15 e250 pcie rel 2.262e-02
[chk] L15 e81 pcie rel 2.039e-02
[chk] L16 e185 hit  rel 2.375e-02
[chk] L16 e222 pcie rel 2.351e-02
[chk] L16 e93 pcie rel 1.850e-02
[chk] L17 e49 pcie rel 2.412e-02
[chk] L17 e131 hit  rel 1.995e-02
[chk] L17 e26 hit  rel 2.230e-02
[chk] L17 e102 pcie rel 2.144e-02
[chk] L17 e146 hit  rel 1.900e-02
[chk] L18 e254 hit  rel 2.006e-02
[chk] L18 e164 hit  rel 2.038e-02
[chk] L18 e228 pcie rel 2.097e-02
[chk] L18 e100 hit  rel 2.147e-02
[chk] L19 e1 pcie rel 2.061e-02
[chk] L19 e151 hit  rel 1.771e-02
[chk] L19 e175 hit  rel 1.957e-02
[chk] L19 e177 hit  rel 2.094e-02
[chk] L19 e218 hit  rel 1.982e-02
[chk] L19 e237 hit  rel 1.958e-02
[chk] L20 e104 hit  rel 2.540e-02
[chk] L20 e97 hit  rel 1.888e-02
[chk] L20 e194 pcie rel 2.119e-02
[chk] L21 e79 pcie rel 1.943e-02
[chk] L21 e165 hit  rel 1.805e-02
[chk] L21 e162 pcie rel 2.091e-02
[chk] L21 e59 hit  rel 2.026e-02
[chk] L22 e189 hit  rel 2.241e-02
[chk] L22 e121 pcie rel 2.054e-02
[chk] L22 e1 hit  rel 2.040e-02
[chk] L22 e205 pcie rel 1.962e-02
[chk] L23 e56 hit  rel 1.994e-02
[chk] L23 e134 hit  rel 2.012e-02
[chk] L23 e184 pcie rel 2.050e-02
[chk] L23 e123 hit  rel 1.870e-02
[chk] L23 e142 hit  rel 2.283e-02
[chk] L24 e93 hit  rel 2.257e-02
[chk] L24 e238 pcie rel 1.985e-02
[chk] L24 e176 hit  rel 2.058e-02
[chk] L24 e84 hit  rel 1.967e-02
[chk] L24 e20 pcie rel 2.201e-02
[chk] L25 e241 hit  rel 2.437e-02
[chk] L25 e204 hit  rel 2.079e-02
[chk] L25 e142 hit  rel 2.156e-02
[chk] L25 e149 pcie rel 1.992e-02
[chk] L26 e67 hit  rel 2.043e-02
[chk] L26 e119 hit  rel 2.089e-02
[chk] L26 e34 hit  rel 2.142e-02
[chk] L26 e169 hit  rel 2.281e-02
[chk] L26 e198 hit  rel 2.102e-02
[chk] L26 e133 pcie rel 2.301e-02
[chk] L27 e32 hit  rel 2.248e-02
[chk] L27 e242 hit  rel 2.137e-02
[chk] L27 e96 pcie rel 2.242e-02
[chk] L27 e76 hit  rel 1.927e-02
[chk] L27 e105 hit  rel 2.055e-02
[chk] L28 e243 hit  rel 2.168e-02
[chk] L28 e209 hit  rel 1.915e-02
[chk] L28 e113 pcie rel 2.074e-02
[chk] L28 e231 pcie rel 2.275e-02
[chk] L29 e217 hit  rel 2.406e-02
[chk] L29 e145 pcie rel 2.033e-02
[chk] L29 e194 pcie rel 2.395e-02
[chk] L29 e201 hit  rel 2.270e-02
[chk] L30 e221 hit  rel 2.140e-02
[chk] L30 e5 pcie rel 1.935e-02
[chk] L30 e224 hit  rel 2.164e-02
[chk] L30 e247 hit  rel 2.009e-02
[chk] L31 e27 hit  rel 2.346e-02
[chk] L31 e99 hit  rel 2.261e-02
[chk] L31 e218 pcie rel 2.345e-02
[chk] L31 e44 pcie rel 2.034e-02
[chk] L32 e164 hit  rel 2.068e-02
[chk] L32 e224 pcie rel 1.996e-02
[chk] L32 e198 pcie rel 2.111e-02
[chk] L32 e52 pcie rel 2.235e-02
[chk] L33 e247 hit  rel 2.057e-02
[chk] L33 e232 hit  rel 2.134e-02
[chk] L33 e132 hit  rel 1.884e-02
[chk] L33 e185 pcie rel 1.930e-02
[chk] L33 e117 hit  rel 1.931e-02
[chk] L34 e70 hit  rel 2.190e-02
[chk] L34 e211 pcie rel 2.166e-02
[chk] L34 e99 pcie rel 2.057e-02
[chk] L34 e253 hit  rel 2.264e-02
[chk] L35 e144 hit  rel 2.218e-02
[chk] L35 e32 hit  rel 2.113e-02
[chk] L35 e142 hit  rel 2.271e-02
[chk] L35 e80 hit  rel 2.040e-02
[chk] L35 e69 pcie rel 1.956e-02
[chk] L36 e81 hit  rel 1.975e-02
[chk] L36 e67 pcie rel 2.062e-02
[chk] L36 e20 hit  rel 2.085e-02
[chk] L36 e9 hit  rel 2.226e-02
[chk] L36 e234 hit  rel 2.001e-02
[chk] L37 e133 pcie rel 1.881e-02
[chk] L37 e185 pcie rel 2.495e-02
[chk] L37 e231 pcie rel 2.345e-02
[chk] L38 e239 hit  rel 2.248e-02
[chk] L38 e177 hit  rel 2.288e-02
[chk] L38 e11 hit  rel 2.065e-02
[chk] L38 e63 hit  rel 2.133e-02
[chk] L38 e208 pcie rel 2.202e-02
[chk] L39 e135 hit  rel 2.371e-02
[chk] L39 e146 hit  rel 2.117e-02
[chk] L39 e204 hit  rel 2.228e-02
[chk] L39 e22 hit  rel 2.584e-02
[chk] L39 e112 pcie rel 2.058e-02
[chk] L40 e88 hit  rel 2.056e-02
[chk] L40 e46 pcie rel 2.662e-02
[chk] L40 e26 hit  rel 2.018e-02
[chk] L40 e119 pcie rel 2.229e-02
[chk] L41 e47 hit  rel 2.384e-02
[chk] L41 e229 hit  rel 2.116e-02
[chk] L41 e174 hit  rel 2.340e-02
[chk] L41 e89 pcie rel 2.317e-02
[chk] L42 e141 hit  rel 1.663e-02
[chk] L42 e111 hit  rel 1.974e-02
[chk] L42 e154 hit  rel 2.617e-02
[chk] L42 e208 hit  rel 2.182e-02
[chk] L42 e35 pcie rel 2.090e-02
[chk] L42 e189 hit  rel 2.342e-02
[chk] L0 e9 pcie rel 2.126e-02
[chk] L0 e12 pcie rel 2.254e-02
[chk] L0 e148 pcie rel 2.695e-02
[chk] L1 e252 pcie rel 2.070e-02
[chk] L1 e139 pcie rel 2.288e-02
[chk] L1 e165 pcie rel 2.868e-02
[chk] L2 e6 pcie rel 2.562e-02
[chk] L2 e137 pcie rel 2.002e-02
[chk] L2 e243 pcie rel 2.593e-02
[chk] L3 e9 hit  rel 2.050e-02
[chk] L3 e20 hit  rel 2.272e-02
[chk] L3 e217 hit  rel 2.594e-02
[chk] L3 e160 hit  rel 1.801e-02
[chk] L3 e152 pcie rel 2.718e-02
[chk] L4 e191 hit  rel 1.854e-02
[chk] L4 e254 pcie rel 1.850e-02
[chk] L4 e155 pcie rel 1.749e-02
[chk] L5 e28 hit  rel 2.707e-02
[chk] L5 e79 hit  rel 2.255e-02
[chk] L5 e195 pcie rel 1.915e-02
[chk] L5 e53 pcie rel 1.889e-02
[chk] L6 e218 hit  rel 2.355e-02
[chk] L6 e199 pcie rel 1.682e-02
[chk] L6 e166 hit  rel 1.791e-02
[chk] L6 e67 pcie rel 2.841e-02
[chk] L7 e143 hit  rel 2.916e-02
[chk] L7 e170 hit  rel 2.165e-02
[chk] L7 e121 pcie rel 2.231e-02
[chk] L7 e235 pcie rel 2.035e-02
[chk] L8 e82 hit  rel 1.890e-02
[chk] L8 e168 hit  rel 2.484e-02
[chk] L8 e239 hit  rel 2.271e-02
[chk] L8 e106 hit  rel 2.199e-02
[chk] L8 e169 hit  rel 2.330e-02
[chk] L9 e186 hit  rel 2.431e-02
[chk] L9 e149 hit  rel 1.890e-02
[chk] L9 e211 hit  rel 1.937e-02
[chk] L9 e40 pcie rel 2.011e-02
[chk] L9 e101 hit  rel 2.520e-02
[chk] L10 e110 hit  rel 1.993e-02
[chk] L10 e156 hit  rel 2.421e-02
[chk] L10 e24 pcie rel 2.226e-02
[chk] L10 e29 pcie rel 1.851e-02
[chk] L10 e161 hit  rel 1.873e-02
[chk] L11 e236 hit  rel 2.709e-02
[chk] L11 e7 hit  rel 2.317e-02
[chk] L11 e147 pcie rel 2.054e-02
[chk] L11 e203 pcie rel 2.193e-02
[chk] L12 e229 hit  rel 2.611e-02
[chk] L12 e215 hit  rel 2.585e-02
[chk] L12 e199 hit  rel 2.538e-02
[chk] L12 e126 pcie rel 1.737e-02
[chk] L13 e93 hit  rel 1.984e-02
[chk] L13 e24 pcie rel 2.385e-02
[chk] L13 e168 pcie rel 1.853e-02
[chk] L14 e21 hit  rel 2.342e-02
[chk] L14 e20 pcie rel 2.447e-02
[chk] L14 e56 hit  rel 2.065e-02
[chk] L14 e227 hit  rel 2.480e-02
[chk] L14 e255 pcie rel 1.811e-02
[chk] L15 e53 hit  rel 2.039e-02
[chk] L15 e69 pcie rel 2.011e-02
[chk] L15 e13 pcie rel 2.131e-02
[chk] L16 e185 hit  rel 1.906e-02
[chk] L16 e226 pcie rel 2.471e-02
[chk] L16 e9 pcie rel 2.049e-02
[chk] L16 e109 hit  rel 2.124e-02
[chk] L17 e49 pcie rel 1.926e-02
[chk] L17 e168 hit  rel 2.331e-02
[chk] L17 e137 pcie rel 2.016e-02
[chk] L18 e254 hit  rel 2.277e-02
[chk] L18 e226 hit  rel 1.879e-02
[chk] L18 e96 pcie rel 2.192e-02
[chk] L18 e132 pcie rel 2.141e-02
[chk] L19 e14 hit  rel 2.182e-02
[chk] L19 e90 pcie rel 2.228e-02
[chk] L19 e249 hit  rel 2.107e-02
[chk] L19 e190 hit  rel 2.014e-02
[chk] L19 e150 hit  rel 1.914e-02
[chk] L20 e25 hit  rel 2.252e-02
[chk] L20 e104 hit  rel 2.099e-02
[chk] L20 e153 hit  rel 1.898e-02
[chk] L20 e132 pcie rel 1.822e-02
[chk] L21 e33 pcie rel 1.862e-02
[chk] L21 e224 pcie rel 2.101e-02
[chk] L21 e89 hit  rel 2.011e-02
[chk] L21 e79 pcie rel 2.183e-02
[chk] L22 e189 hit  rel 2.376e-02
[chk] L22 e188 pcie rel 2.125e-02
[chk] L22 e9 pcie rel 1.897e-02
[chk] L23 e56 hit  rel 1.841e-02
[chk] L23 e184 pcie rel 2.177e-02
[chk] L23 e134 hit  rel 2.106e-02
[chk] L23 e123 hit  rel 1.976e-02
[chk] L23 e186 pcie rel 2.154e-02
[chk] L24 e93 hit  rel 2.303e-02
[chk] L24 e176 hit  rel 1.934e-02
[chk] L24 e7 pcie rel 2.175e-02
[chk] L24 e124 pcie rel 1.976e-02
[chk] L25 e241 hit  rel 2.221e-02
[chk] L25 e204 hit  rel 2.275e-02
[chk] L25 e216 pcie rel 2.093e-02
[chk] L25 e75 pcie rel 2.158e-02
[chk] L26 e119 hit  rel 2.052e-02
[chk] L26 e67 hit  rel 2.166e-02
[chk] L26 e169 hit  rel 2.212e-02
[chk] L26 e34 hit  rel 2.155e-02
[chk] L27 e32 hit  rel 1.755e-02
[chk] L27 e242 hit  rel 2.284e-02
[chk] L27 e103 pcie rel 2.089e-02
[chk] L27 e214 pcie rel 1.999e-02
[chk] L28 e243 hit  rel 2.074e-02
[chk] L28 e209 hit  rel 2.129e-02
[chk] L28 e12 pcie rel 2.078e-02
[chk] L28 e113 pcie rel 1.995e-02
[chk] L28 e51 hit  rel 2.007e-02
[chk] L29 e145 pcie rel 2.080e-02
[chk] L29 e217 hit  rel 2.246e-02
[chk] L29 e201 hit  rel 1.973e-02
[chk] L29 e34 hit  rel 2.168e-02
[chk] L30 e221 hit  rel 2.272e-02
[chk] L30 e52 pcie rel 2.204e-02
[chk] L30 e14 pcie rel 2.142e-02
[chk] L30 e247 hit  rel 2.187e-02
[chk] L31 e27 hit  rel 2.127e-02
[chk] L31 e34 pcie rel 2.166e-02
[chk] L31 e11 pcie rel 2.256e-02
[chk] L31 e218 pcie rel 2.159e-02
[chk] L32 e164 hit  rel 2.091e-02
[chk] L32 e118 hit  rel 2.391e-02
[chk] L32 e180 pcie rel 2.065e-02
[chk] L32 e144 pcie rel 2.020e-02
[chk] L33 e247 hit  rel 2.035e-02
[chk] L33 e232 hit  rel 2.055e-02
[chk] L33 e117 hit  rel 2.126e-02
[chk] L33 e0 pcie rel 2.143e-02
[chk] L34 e70 hit  rel 2.131e-02
[chk] L34 e113 hit  rel 2.128e-02
[chk] L34 e142 hit  rel 2.170e-02
[chk] L34 e22 pcie rel 2.100e-02
[chk] L34 e240 hit  rel 2.159e-02
[chk] L35 e32 hit  rel 2.227e-02
[chk] L35 e144 hit  rel 2.438e-02
[chk] L35 e56 pcie rel 2.177e-02
[chk] L35 e39 pcie rel 2.029e-02
[chk] L36 e9 hit  rel 2.202e-02
[chk] L36 e20 hit  rel 2.273e-02
[chk] L36 e81 hit  rel 2.072e-02
[chk] L36 e69 hit  rel 2.326e-02
[chk] L36 e190 pcie rel 2.133e-02
[chk] L37 e133 pcie rel 2.198e-02
[chk] L37 e181 pcie rel 2.295e-02
[chk] L37 e163 pcie rel 1.942e-02
[chk] L38 e239 hit  rel 1.999e-02
[chk] L38 e11 hit  rel 2.035e-02
[chk] L38 e63 hit  rel 1.996e-02
[chk] L38 e215 pcie rel 1.829e-02
[chk] L39 e1 hit  rel 2.246e-02
[chk] L39 e146 hit  rel 2.590e-02
[chk] L39 e54 hit  rel 2.551e-02
[chk] L39 e30 hit  rel 2.164e-02
[chk] L39 e182 hit  rel 1.651e-02
[chk] L39 e139 hit  rel 2.237e-02
[chk] L40 e88 hit  rel 1.938e-02
[chk] L40 e26 hit  rel 2.040e-02
[chk] L40 e168 pcie rel 2.297e-02
[chk] L40 e15 hit  rel 2.214e-02
[chk] L40 e247 hit  rel 1.966e-02
[chk] L41 e205 hit  rel 2.145e-02
[chk] L41 e16 hit  rel 2.373e-02
[chk] L41 e113 pcie rel 2.088e-02
[chk] L41 e129 pcie rel 2.140e-02
[chk] L42 e218 hit  rel 1.892e-02
[chk] L42 e39 pcie rel 1.495e-02
[chk] L42 e7 pcie rel 2.352e-02
[chk] L0 e231 pcie rel 3.003e-02
[chk] L0 e170 pcie rel 2.178e-02
[chk] L0 e174 hit  rel 2.790e-02
[chk] L0 e126 pcie rel 2.461e-02
[chk] L1 e222 pcie rel 2.124e-02
[chk] L1 e42 pcie rel 1.963e-02
[chk] L1 e236 pcie rel 1.811e-02
[chk] L2 e100 hit  rel 1.940e-02
[chk] L2 e106 pcie rel 1.955e-02
[chk] L2 e255 pcie rel 2.082e-02
[chk] L3 e9 hit  rel 2.366e-02
[chk] L3 e39 hit  rel 2.097e-02
[chk] L3 e188 hit  rel 2.450e-02
[chk] L3 e158 pcie rel 2.083e-02
[chk] L3 e173 hit  rel 1.829e-02
[chk] L3 e217 hit  rel 2.185e-02
[chk] L4 e52 hit  rel 1.802e-02
[chk] L4 e193 hit  rel 2.517e-02
[chk] L4 e184 hit  rel 1.833e-02
[chk] L4 e222 hit  rel 2.202e-02
[chk] L5 e28 hit  rel 2.050e-02
[chk] L5 e42 hit  rel 1.823e-02
[chk] L5 e229 hit  rel 2.273e-02
[chk] L5 e214 hit  rel 2.593e-02
[chk] L5 e79 hit  rel 2.304e-02
[chk] L5 e171 pcie rel 2.087e-02
[chk] L6 e85 hit  rel 2.191e-02
[chk] L6 e233 hit  rel 2.126e-02
[chk] L6 e13 pcie rel 2.482e-02
[chk] L6 e38 hit  rel 2.023e-02
[chk] L7 e170 hit  rel 2.408e-02
[chk] L7 e128 pcie rel 2.168e-02
[chk] L7 e160 hit  rel 1.910e-02
[chk] L7 e223 hit  rel 2.008e-02
[chk] L8 e168 hit  rel 2.104e-02
[chk] L8 e171 pcie rel 2.081e-02
[chk] L8 e106 hit  rel 2.190e-02
[chk] L8 e147 hit  rel 1.851e-02
[chk] L8 e239 hit  rel 2.147e-02
[chk] L8 e105 hit  rel 2.146e-02
[chk] L9 e149 hit  rel 2.111e-02
[chk] L9 e186 hit  rel 2.418e-02
[chk] L9 e1 pcie rel 2.038e-02
[chk] L9 e101 hit  rel 2.319e-02
[chk] L9 e164 hit  rel 1.903e-02
[chk] L10 e156 hit  rel 2.291e-02
[chk] L10 e67 hit  rel 1.916e-02
[chk] L10 e244 pcie rel 2.058e-02
[chk] L10 e249 pcie rel 1.729e-02
[chk] L11 e236 hit  rel 2.527e-02
[chk] L11 e7 hit  rel 2.176e-02
[chk] L11 e77 hit  rel 1.931e-02
[chk] L11 e182 hit  rel 1.893e-02
[chk] L11 e168 pcie rel 1.954e-02
[chk] L12 e229 hit  rel 2.820e-02
[chk] L12 e199 hit  rel 2.527e-02
[chk] L12 e127 hit  rel 2.133e-02
[chk] L12 e206 pcie rel 2.327e-02
[chk] L12 e215 hit  rel 2.430e-02
[chk] L13 e93 hit  rel 2.327e-02
[chk] L13 e214 hit  rel 1.803e-02
[chk] L13 e122 hit  rel 1.803e-02
[chk] L13 e63 pcie rel 2.043e-02
[chk] L14 e21 hit  rel 2.147e-02
[chk] L14 e56 hit  rel 1.990e-02
[chk] L14 e20 pcie rel 1.998e-02
[chk] L14 e227 hit  rel 2.207e-02
[chk] L14 e134 hit  rel 1.765e-02
[chk] L15 e217 hit  rel 1.740e-02
[chk] L15 e37 pcie rel 2.016e-02
[chk] L15 e53 hit  rel 1.950e-02
[chk] L15 e72 hit  rel 1.957e-02
[chk] L15 e69 pcie rel 1.943e-02
[chk] L16 e185 hit  rel 1.881e-02
[chk] L16 e9 pcie rel 1.948e-02
[chk] L16 e88 pcie rel 1.858e-02
[chk] L16 e137 hit  rel 1.840e-02
[chk] L17 e49 pcie rel 2.084e-02
[chk] L17 e186 hit  rel 2.093e-02
[chk] L17 e168 hit  rel 2.378e-02
[chk] L18 e254 hit  rel 2.574e-02
[chk] L18 e228 pcie rel 2.077e-02
[chk] L18 e164 hit  rel 2.118e-02
[chk] L19 e1 pcie rel 1.907e-02
[chk] L19 e151 hit  rel 1.863e-02
[chk] L19 e68 hit  rel 2.133e-02
[chk] L19 e249 hit  rel 2.014e-02
[chk] L19 e152 pcie rel 1.867e-02
[chk] L20 e104 hit  rel 2.240e-02
[chk] L20 e97 hit  rel 1.899e-02
[chk] L20 e194 pcie rel 1.934e-02
[chk] L21 e79 pcie rel 2.157e-02
[chk] L21 e168 pcie rel 2.123e-02
[chk] L21 e89 hit  rel 2.132e-02
[chk] L21 e162 pcie rel 2.215e-02
[chk] L22 e189 hit  rel 2.091e-02
[chk] L22 e188 pcie rel 2.125e-02
[chk] L22 e150 pcie rel 1.983e-02
[chk] L23 e56 hit  rel 1.820e-02
[chk] L23 e134 hit  rel 1.981e-02
[chk] L23 e147 pcie rel 2.337e-02
[chk] L23 e161 pcie rel 2.049e-02
[chk] L24 e93 hit  rel 2.165e-02
[chk] L24 e238 pcie rel 2.308e-02
[chk] L24 e176 hit  rel 1.838e-02
[chk] L24 e7 pcie rel 2.154e-02
[chk] L24 e84 hit  rel 1.848e-02
[chk] L25 e241 hit  rel 2.423e-02
[chk] L25 e204 hit  rel 2.130e-02
[chk] L25 e151 hit  rel 2.394e-02
[chk] L25 e141 pcie rel 2.142e-02
[chk] L26 e67 hit  rel 2.671e-02
[chk] L26 e119 hit  rel 2.039e-02
[chk] L26 e34 hit  rel 2.223e-02
[chk] L26 e169 hit  rel 2.094e-02
[chk] L26 e162 hit  rel 2.027e-02
[chk] L26 e184 pcie rel 2.072e-02
[chk] L27 e32 hit  rel 2.258e-02
[chk] L27 e242 hit  rel 2.421e-02
[chk] L27 e56 pcie rel 2.094e-02
[chk] L27 e27 pcie rel 2.057e-02
[chk] L28 e243 hit  rel 1.930e-02
[chk] L28 e209 hit  rel 2.022e-02
[chk] L28 e72 hit  rel 1.973e-02
[chk] L28 e25 pcie rel 2.222e-02
[chk] L29 e217 hit  rel 2.382e-02
[chk] L29 e194 pcie rel 2.169e-02
[chk] L29 e25 pcie rel 2.368e-02
[chk] L29 e201 hit  rel 2.311e-02
[chk] L30 e221 hit  rel 2.160e-02
[chk] L30 e225 pcie rel 2.068e-02
[chk] L30 e14 pcie rel 2.154e-02
[chk] L30 e80 pcie rel 2.055e-02
[chk] L31 e27 hit  rel 2.417e-02
[chk] L31 e218 pcie rel 2.201e-02
[chk] L31 e44 pcie rel 2.111e-02
[chk] L31 e159 hit  rel 2.395e-02
[chk] L32 e164 hit  rel 2.103e-02
[chk] L32 e227 hit  rel 2.137e-02
[chk] L32 e92 pcie rel 2.003e-02
[chk] L32 e118 hit  rel 1.978e-02
[chk] L33 e247 hit  rel 2.052e-02
[chk] L33 e132 hit  rel 2.209e-02
[chk] L33 e232 hit  rel 2.151e-02
[chk] L33 e113 hit  rel 2.041e-02
[chk] L33 e192 pcie rel 1.993e-02
[chk] L34 e253 hit  rel 2.118e-02
[chk] L34 e70 hit  rel 2.148e-02
[chk] L34 e142 hit  rel 2.330e-02
[chk] L34 e211 pcie rel 2.475e-02
[chk] L35 e186 pcie rel 1.923e-02
[chk] L35 e144 hit  rel 2.055e-02
[chk] L35 e32 hit  rel 2.016e-02
[chk] L35 e80 hit  rel 2.014e-02
[chk] L35 e142 hit  rel 2.217e-02
[chk] L35 e167 hit  rel 1.961e-02
[chk] L36 e81 hit  rel 2.118e-02
[chk] L36 e74 pcie rel 2.135e-02
[chk] L36 e20 hit  rel 2.101e-02
[chk] L36 e9 hit  rel 2.186e-02
[chk] L36 e234 hit  rel 1.918e-02
[chk] L37 e63 hit  rel 2.452e-02
[chk] L37 e223 pcie rel 2.226e-02
[chk] L37 e185 pcie rel 2.331e-02
[chk] L38 e239 hit  rel 2.360e-02
[chk] L38 e177 hit  rel 2.160e-02
[chk] L38 e11 hit  rel 2.398e-02
[chk] L38 e208 pcie rel 2.218e-02
[chk] L38 e222 pcie rel 2.758e-02
[chk] L39 e146 hit  rel 1.875e-02
[chk] L39 e135 hit  rel 2.268e-02
[chk] L39 e22 hit  rel 2.982e-02
[chk] L39 e150 hit  rel 1.917e-02
[chk] L39 e6 pcie rel 2.030e-02
[chk] L40 e206 pcie rel 2.027e-02
[chk] L40 e26 hit  rel 1.859e-02
[chk] L40 e88 hit  rel 2.165e-02
[chk] L40 e10 pcie rel 1.675e-02
[chk] L41 e229 hit  rel 2.181e-02
[chk] L41 e89 pcie rel 2.267e-02
[chk] L41 e66 hit  rel 2.120e-02
[chk] L41 e174 hit  rel 2.169e-02
[chk] L42 e141 hit  rel 2.274e-02
[chk] L42 e111 hit  rel 1.661e-02
[chk] L42 e154 hit  rel 2.364e-02
[chk] L42 e130 hit  rel 1.999e-02
[chk] L42 e30 pcie rel 2.329e-02
[chk] L0 e44 hit  rel 2.142e-02
[chk] L0 e219 pcie rel 2.386e-02
[chk] L0 e4 pcie rel 2.621e-02
[chk] L0 e35 pcie rel 1.784e-02
[chk] L1 e178 hit  rel 3.019e-02
[chk] L1 e32 hit  rel 2.073e-02
[chk] L1 e175 pcie rel 2.566e-02
[chk] L1 e136 pcie rel 2.411e-02
[chk] L2 e13 hit  rel 2.105e-02
[chk] L2 e63 hit  rel 2.124e-02
[chk] L2 e207 pcie rel 2.638e-02
[chk] L2 e11 hit  rel 2.573e-02
[chk] L3 e9 hit  rel 2.120e-02
[chk] L3 e158 pcie rel 2.612e-02
[chk] L3 e217 hit  rel 2.732e-02
[chk] L3 e160 hit  rel 2.358e-02
[chk] L3 e143 hit  rel 1.841e-02
[chk] L4 e209 pcie rel 2.157e-02
[chk] L4 e191 hit  rel 1.842e-02
[chk] L4 e234 hit  rel 2.687e-02
[chk] L4 e184 hit  rel 2.091e-02
[chk] L4 e183 hit  rel 2.254e-02
[chk] L4 e51 hit  rel 2.202e-02
[chk] L5 e79 hit  rel 2.049e-02
[chk] L5 e42 hit  rel 1.991e-02
[chk] L5 e111 pcie rel 2.190e-02
[chk] L5 e110 hit  rel 2.272e-02
[chk] L6 e203 hit  rel 2.404e-02
[chk] L6 e233 hit  rel 2.095e-02
[chk] L6 e38 hit  rel 2.241e-02
[chk] L6 e61 hit  rel 2.014e-02
[chk] L6 e218 hit  rel 2.029e-02
[chk] L6 e16 hit  rel 2.023e-02
[chk] L7 e160 hit  rel 2.219e-02
[chk] L7 e235 pcie rel 1.936e-02
[chk] L7 e170 hit  rel 2.135e-02
[chk] L7 e78 hit  rel 2.008e-02
[chk] L7 e74 hit  rel 1.955e-02
[chk] L7 e93 hit  rel 2.055e-02
[chk] L8 e106 hit  rel 2.057e-02
[chk] L8 e105 hit  rel 1.879e-02
[chk] L8 e239 hit  rel 2.157e-02
[chk] L8 e219 hit  rel 1.893e-02
[chk] L8 e169 hit  rel 1.939e-02
[chk] L9 e149 hit  rel 1.822e-02
[chk] L9 e226 hit  rel 2.042e-02
[chk] L9 e186 hit  rel 1.983e-02
[chk] L9 e32 hit  rel 1.910e-02
[chk] L9 e230 hit  rel 2.081e-02
[chk] L9 e109 pcie rel 2.044e-02
[chk] L10 e156 hit  rel 1.990e-02
[chk] L10 e249 pcie rel 2.253e-02
[chk] L10 e110 hit  rel 1.828e-02
[chk] L10 e15 hit  rel 2.083e-02
[chk] L11 e134 pcie rel 2.638e-02
[chk] L11 e7 hit  rel 2.362e-02
[chk] L11 e152 pcie rel 2.382e-02
[chk] L11 e236 hit  rel 2.347e-02
[chk] L11 e182 hit  rel 2.186e-02
[chk] L12 e229 hit  rel 2.735e-02
[chk] L12 e127 hit  rel 2.189e-02
[chk] L12 e55 pcie rel 1.802e-02
[chk] L12 e199 hit  rel 2.819e-02
[chk] L12 e215 hit  rel 2.151e-02
[chk] L13 e93 hit  rel 2.493e-02
[chk] L13 e122 hit  rel 2.024e-02
[chk] L13 e61 hit  rel 1.749e-02
[chk] L13 e36 pcie rel 2.017e-02
[chk] L14 e56 hit  rel 2.417e-02
[chk] L14 e21 hit  rel 2.679e-02
[chk] L14 e132 hit  rel 2.284e-02
[chk] L14 e187 hit  rel 1.899e-02
[chk] L14 e20 pcie rel 2.224e-02
[chk] L15 e43 hit  rel 1.805e-02
[chk] L15 e37 pcie rel 2.055e-02
[chk] L15 e53 hit  rel 1.853e-02
[chk] L15 e87 hit  rel 1.795e-02
[chk] L15 e134 hit  rel 2.002e-02
[chk] L16 e102 pcie rel 1.921e-02
[chk] L16 e185 hit  rel 2.121e-02
[chk] L16 e222 pcie rel 2.006e-02
[chk] L16 e12 hit  rel 1.948e-02
[chk] L16 e81 hit  rel 1.951e-02
[chk] L17 e26 hit  rel 2.003e-02
[chk] L17 e223 pcie rel 2.086e-02
[chk] L17 e49 pcie rel 2.189e-02
[chk] L18 e254 hit  rel 2.035e-02
[chk] L18 e103 pcie rel 1.844e-02
[chk] L18 e100 hit  rel 1.957e-02
[chk] L18 e129 pcie rel 1.828e-02
[chk] L19 e7 hit  rel 1.802e-02
[chk] L19 e14 hit  rel 2.176e-02
[chk] L19 e163 pcie rel 1.885e-02
[chk] L19 e21 pcie rel 1.994e-02
[chk] L19 e249 hit  rel 2.243e-02
[chk] L20 e159 hit  rel 1.753e-02
[chk] L20 e104 hit  rel 2.051e-02
[chk] L20 e167 hit  rel 2.307e-02
[chk] L20 e194 pcie rel 1.999e-02
[chk] L20 e207 hit  rel 2.173e-02
[chk] L21 e180 hit  rel 1.872e-02
[chk] L21 e59 hit  rel 2.110e-02
[chk] L21 e234 hit  rel 1.982e-02
[chk] L21 e89 hit  rel 2.040e-02
[chk] L21 e83 pcie rel 2.023e-02
[chk] L22 e122 hit  rel 2.235e-02
[chk] L22 e189 hit  rel 2.139e-02
[chk] L22 e205 pcie rel 2.137e-02
[chk] L22 e95 pcie rel 1.806e-02
[chk] L23 e134 hit  rel 1.960e-02
[chk] L23 e57 hit  rel 2.130e-02
[chk] L23 e249 pcie rel 2.001e-02
[chk] L23 e98 pcie rel 2.108e-02
[chk] L24 e176 hit  rel 2.529e-02
[chk] L24 e36 hit  rel 2.513e-02
[chk] L24 e134 hit  rel 2.065e-02
[chk] L24 e93 hit  rel 2.493e-02
[chk] L24 e127 pcie rel 2.337e-02
[chk] L25 e241 hit  rel 2.151e-02
[chk] L25 e69 hit  rel 2.040e-02
[chk] L25 e53 hit  rel 2.050e-02
[chk] L25 e131 pcie rel 1.864e-02
[chk] L26 e88 hit  rel 2.199e-02
[chk] L26 e177 hit  rel 2.134e-02
[chk] L26 e130 hit  rel 1.840e-02
[chk] L26 e150 pcie rel 2.252e-02
[chk] L26 e154 pcie rel 2.281e-02
[chk] L27 e242 hit  rel 2.185e-02
[chk] L27 e32 hit  rel 2.168e-02
[chk] L27 e104 hit  rel 1.759e-02
[chk] L27 e82 pcie rel 2.210e-02
[chk] L27 e224 hit  rel 1.864e-02
[chk] L28 e209 hit  rel 2.149e-02
[chk] L28 e126 hit  rel 2.116e-02
[chk] L28 e243 hit  rel 2.096e-02
[chk] L28 e85 hit  rel 1.892e-02
[chk] L28 e152 pcie rel 2.090e-02
[chk] L29 e243 pcie rel 1.596e-02
[chk] L29 e105 hit  rel 2.508e-02
[chk] L29 e93 pcie rel 2.159e-02
[chk] L29 e57 hit  rel 2.241e-02
[chk] L30 e177 hit  rel 2.107e-02
[chk] L30 e118 hit  rel 2.201e-02
[chk] L30 e125 hit  rel 1.909e-02
[chk] L30 e22 hit  rel 1.971e-02
[chk] L30 e117 pcie rel 1.996e-02
[chk] L31 e27 hit  rel 2.674e-02
[chk] L31 e166 hit  rel 1.993e-02
[chk] L31 e89 hit  rel 2.079e-02
[chk] L31 e185 hit  rel 1.634e-02
[chk] L31 e190 hit  rel 1.729e-02
[chk] L32 e164 hit  rel 2.293e-02
[chk] L32 e246 hit  rel 1.936e-02
[chk] L32 e186 pcie rel 2.065e-02
[chk] L32 e101 pcie rel 1.818e-02
[chk] L33 e247 hit  rel 2.416e-02
[chk] L33 e196 hit  rel 2.143e-02
[chk] L33 e54 pcie rel 2.448e-02
[chk] L33 e147 hit  rel 1.675e-02
[chk] L33 e117 hit  rel 2.157e-02
[chk] L34 e113 hit  rel 2.247e-02
[chk] L34 e135 hit  rel 2.081e-02
[chk] L34 e136 hit  rel 1.815e-02
[chk] L34 e35 pcie rel 2.136e-02
[chk] L34 e240 hit  rel 2.026e-02
[chk] L35 e32 hit  rel 2.046e-02
[chk] L35 e80 hit  rel 2.319e-02
[chk] L35 e161 pcie rel 2.161e-02
[chk] L35 e142 hit  rel 2.412e-02
[chk] L35 e39 pcie rel 2.139e-02
[chk] L36 e20 hit  rel 2.614e-02
[chk] L36 e159 hit  rel 1.792e-02
[chk] L36 e135 pcie rel 1.962e-02
[chk] L36 e81 hit  rel 2.096e-02
[chk] L36 e69 hit  rel 2.318e-02
[chk] L37 e250 hit  rel 2.246e-02
[chk] L37 e175 hit  rel 2.130e-02
[chk] L37 e63 hit  rel 2.374e-02
[chk] L37 e117 pcie rel 2.095e-02
[chk] L38 e63 hit  rel 2.120e-02
[chk] L38 e239 hit  rel 2.286e-02
[chk] L38 e11 hit  rel 2.373e-02
[chk] L38 e227 pcie rel 2.467e-02
[chk] L38 e133 hit  rel 1.633e-02
[chk] L39 e135 hit  rel 2.171e-02
[chk] L39 e54 hit  rel 2.417e-02
[chk] L39 e224 pcie rel 2.205e-02
[chk] L39 e35 pcie rel 2.345e-02
[chk] L40 e88 hit  rel 2.218e-02
[chk] L40 e180 pcie rel 2.254e-02
[chk] L40 e107 pcie rel 2.037e-02
[chk] L40 e238 hit  rel 1.945e-02
[chk] L41 e174 hit  rel 2.415e-02
[chk] L41 e151 pcie rel 2.145e-02
[chk] L41 e66 hit  rel 2.141e-02
[chk] L41 e89 pcie rel 2.531e-02
[chk] L42 e154 hit  rel 2.371e-02
[chk] L42 e130 hit  rel 2.247e-02
[chk] L42 e111 hit  rel 2.280e-02
[chk] L42 e120 hit  rel 2.522e-02
[chk] L42 e136 pcie rel 2.358e-02
[chk] L0 e19 pcie rel 1.985e-02
[chk] L0 e27 hit  rel 2.515e-02
[chk] L0 e12 pcie rel 2.457e-02
[chk] L0 e6 pcie rel 2.795e-02
[chk] L1 e66 hit  rel 1.838e-02
[chk] L1 e79 hit  rel 2.327e-02
[chk] L1 e210 hit  rel 1.942e-02
[chk] L1 e183 hit  rel 2.032e-02
[chk] L1 e77 pcie rel 2.221e-02
[chk] L2 e79 pcie rel 3.023e-02
[chk] L2 e88 pcie rel 2.393e-02
[chk] L2 e48 hit  rel 2.267e-02
[chk] L3 e9 hit  rel 2.370e-02
[chk] L3 e217 hit  rel 2.259e-02
[chk] L3 e139 pcie rel 2.465e-02
[chk] L3 e64 hit  rel 2.332e-02
[chk] L3 e233 pcie rel 1.859e-02
[chk] L4 e191 hit  rel 2.593e-02
[chk] L4 e186 hit  rel 1.991e-02
[chk] L4 e184 hit  rel 2.705e-02
[chk] L4 e51 hit  rel 2.148e-02
[chk] L4 e183 hit  rel 1.869e-02
[chk] L5 e79 hit  rel 2.713e-02
[chk] L5 e14 hit  rel 2.216e-02
[chk] L5 e195 pcie rel 2.112e-02
[chk] L5 e42 hit  rel 2.110e-02
[chk] L5 e43 hit  rel 2.017e-02
[chk] L6 e218 hit  rel 2.661e-02
[chk] L6 e201 hit  rel 2.287e-02
[chk] L6 e233 hit  rel 2.100e-02
[chk] L6 e58 pcie rel 2.076e-02
[chk] L6 e29 hit  rel 2.056e-02
[chk] L7 e170 hit  rel 2.649e-02
[chk] L7 e114 pcie rel 2.338e-02
[chk] L7 e74 hit  rel 2.202e-02
[chk] L7 e212 pcie rel 2.892e-02
[chk] L7 e14 hit  rel 2.191e-02
[chk] L8 e82 hit  rel 2.328e-02
[chk] L8 e168 hit  rel 2.624e-02
[chk] L8 e239 hit  rel 2.060e-02
[chk] L8 e106 hit  rel 1.941e-02
[chk] L8 e169 hit  rel 1.899e-02
[chk] L9 e186 hit  rel 1.982e-02
[chk] L9 e149 hit  rel 2.244e-02
[chk] L9 e112 pcie rel 1.946e-02
[chk] L9 e211 hit  rel 2.144e-02
[chk] L9 e230 hit  rel 1.879e-02
[chk] L10 e156 hit  rel 1.837e-02
[chk] L10 e110 hit  rel 1.952e-02
[chk] L10 e15 hit  rel 1.880e-02
[chk] L10 e230 pcie rel 2.458e-02
[chk] L10 e249 pcie rel 1.900e-02
[chk] L11 e236 hit  rel 2.614e-02
[chk] L11 e7 hit  rel 2.792e-02
[chk] L11 e134 pcie rel 2.670e-02
[chk] L11 e152 pcie rel 1.708e-02
[chk] L12 e229 hit  rel 2.568e-02
[chk] L12 e127 hit  rel 2.146e-02
[chk] L12 e64 hit  rel 1.962e-02
[chk] L12 e74 hit  rel 1.948e-02
[chk] L12 e199 hit  rel 2.520e-02
[chk] L13 e93 hit  rel 2.105e-02
[chk] L13 e61 hit  rel 1.885e-02
[chk] L13 e99 hit  rel 1.642e-02
[chk] L13 e111 pcie rel 2.227e-02
[chk] L14 e21 hit  rel 2.070e-02
[chk] L14 e144 pcie rel 1.888e-02
[chk] L14 e56 hit  rel 1.984e-02
[chk] L14 e227 hit  rel 2.095e-02
[chk] L14 e118 hit  rel 2.152e-02
[chk] L15 e53 hit  rel 2.005e-02
[chk] L15 e152 pcie rel 1.910e-02
[chk] L15 e51 pcie rel 2.049e-02
[chk] L15 e39 hit  rel 1.845e-02
[chk] L16 e185 hit  rel 1.811e-02
[chk] L16 e31 hit  rel 2.268e-02
[chk] L16 e158 pcie rel 1.776e-02
[chk] L16 e102 pcie rel 1.955e-02
[chk] L17 e186 hit  rel 1.942e-02
[chk] L17 e196 pcie rel 1.913e-02
[chk] L17 e202 hit  rel 1.837e-02
[chk] L17 e25 hit  rel 2.060e-02
[chk] L18 e226 hit  rel 1.789e-02
[chk] L18 e102 pcie rel 1.908e-02
[chk] L18 e39 pcie rel 2.094e-02
[chk] L19 e14 hit  rel 2.185e-02
[chk] L19 e100 pcie rel 2.164e-02
[chk] L19 e249 hit  rel 2.321e-02
[chk] L19 e90 pcie rel 2.076e-02
[chk] L19 e7 hit  rel 2.145e-02
[chk] L20 e25 hit  rel 2.171e-02
[chk] L20 e104 hit  rel 2.234e-02
[chk] L20 e153 hit  rel 2.074e-02
[chk] L20 e207 hit  rel 2.402e-02
[chk] L20 e36 pcie rel 1.837e-02
[chk] L21 e79 pcie rel 2.040e-02
[chk] L21 e89 hit  rel 1.989e-02
[chk] L21 e245 pcie rel 1.838e-02
[chk] L22 e189 hit  rel 2.247e-02
[chk] L22 e156 hit  rel 1.835e-02
[chk] L22 e205 pcie rel 1.727e-02
[chk] L22 e59 pcie rel 1.899e-02
[chk] L23 e56 hit  rel 1.850e-02
[chk] L23 e134 hit  rel 2.078e-02
[chk] L23 e185 pcie rel 2.223e-02
[chk] L23 e161 pcie rel 1.980e-02
[chk] L24 e93 hit  rel 2.169e-02
[chk] L24 e176 hit  rel 2.342e-02
[chk] L24 e75 pcie rel 1.928e-02
[chk] L24 e84 hit  rel 2.169e-02
[chk] L24 e157 pcie rel 2.000e-02
[chk] L25 e241 hit  rel 2.087e-02
[chk] L25 e204 hit  rel 1.994e-02
[chk] L25 e77 hit  rel 1.958e-02
[chk] L25 e151 hit  rel 2.078e-02
[chk] L25 e76 pcie rel 1.972e-02
[chk] L26 e67 hit  rel 2.063e-02
[chk] L26 e169 hit  rel 2.077e-02
[chk] L26 e198 hit  rel 2.138e-02
[chk] L26 e34 hit  rel 2.207e-02
[chk] L26 e162 hit  rel 2.082e-02
[chk] L27 e32 hit  rel 2.211e-02
[chk] L27 e242 hit  rel 2.238e-02
[chk] L27 e98 pcie rel 1.777e-02
[chk] L27 e18 pcie rel 1.765e-02
[chk] L28 e243 hit  rel 2.249e-02
[chk] L28 e72 hit  rel 1.886e-02
[chk] L28 e152 pcie rel 2.165e-02
[chk] L28 e213 pcie rel 1.920e-02
[chk] L28 e209 hit  rel 1.904e-02
[chk] L29 e217 hit  rel 2.424e-02
[chk] L29 e237 hit  rel 1.959e-02
[chk] L29 e232 pcie rel 2.293e-02
[chk] L29 e86 hit  rel 2.104e-02
[chk] L30 e114 pcie rel 2.265e-02
[chk] L30 e52 pcie rel 2.183e-02
[chk] L30 e51 pcie rel 1.854e-02
[chk] L31 e27 hit  rel 2.104e-02
[chk] L31 e44 pcie rel 2.047e-02
[chk] L31 e218 pcie rel 2.052e-02
[chk] L31 e174 hit  rel 2.464e-02
[chk] L32 e101 pcie rel 2.007e-02
[chk] L32 e164 hit  rel 2.029e-02
[chk] L32 e180 pcie rel 2.000e-02
[chk] L32 e118 hit  rel 2.142e-02
[chk] L33 e113 hit  rel 2.082e-02
[chk] L33 e247 hit  rel 2.130e-02
[chk] L33 e254 pcie rel 2.144e-02
[chk] L33 e249 pcie rel 2.105e-02
[chk] L34 e70 hit  rel 2.353e-02
[chk] L34 e33 pcie rel 2.154e-02
[chk] L34 e202 pcie rel 2.225e-02
[chk] L34 e236 pcie rel 2.095e-02
[chk] L35 e32 hit  rel 2.371e-02
[chk] L35 e14 pcie rel 1.969e-02
[chk] L35 e134 pcie rel 2.278e-02
[chk] L36 e14 pcie rel 2.297e-02
[chk] L36 e69 hit  rel 1.930e-02
[chk] L36 e20 hit  rel 2.141e-02
[chk] L36 e153 pcie rel 2.364e-02
[chk] L37 e160 hit  rel 2.023e-02
[chk] L37 e172 pcie rel 2.116e-02
[chk] L37 e38 hit  rel 2.000e-02
[chk] L37 e113 pcie rel 2.043e-02
[chk] L38 e239 hit  rel 2.374e-02
[chk] L38 e177 hit  rel 2.191e-02
[chk] L38 e215 pcie rel 1.873e-02
[chk] L38 e63 hit  rel 1.987e-02
[chk] L38 e222 pcie rel 2.468e-02
[chk] L39 e1 hit  rel 2.075e-02
[chk] L39 e249 hit  rel 2.226e-02
[chk] L39 e30 hit  rel 2.075e-02
[chk] L39 e139 hit  rel 2.510e-02
[chk] L39 e113 pcie rel 2.302e-02
[chk] L40 e88 hit  rel 2.134e-02
[chk] L40 e26 hit  rel 1.844e-02
[chk] L40 e4 pcie rel 1.862e-02
[chk] L40 e15 hit  rel 2.167e-02
[chk] L41 e75 pcie rel 1.577e-02
[chk] L41 e151 pcie rel 2.198e-02
[chk] L41 e36 pcie rel 1.977e-02
[chk] L42 e218 hit  rel 1.882e-02
[chk] L42 e84 hit  rel 1.968e-02
[chk] L42 e177 pcie rel 2.518e-02
[chk] L42 e35 pcie rel 2.229e-02
[chk] L0 e170 pcie rel 2.349e-02
[chk] L0 e174 hit  rel 2.651e-02
[chk] L0 e126 pcie rel 2.365e-02
[chk] L1 e222 pcie rel 2.003e-02
[chk] L1 e42 pcie rel 1.852e-02
[chk] L1 e236 pcie rel 1.908e-02
[chk] L2 e171 pcie rel 1.710e-02
[chk] L2 e100 hit  rel 1.945e-02
[chk] L2 e106 pcie rel 1.913e-02
[chk] L2 e255 pcie rel 2.110e-02
[chk] L3 e9 hit  rel 2.079e-02
[chk] L3 e188 hit  rel 2.560e-02
[chk] L3 e39 hit  rel 2.146e-02
[chk] L3 e158 pcie rel 2.187e-02
[chk] L3 e217 hit  rel 2.453e-02
[chk] L4 e52 hit  rel 2.093e-02
[chk] L4 e193 hit  rel 2.296e-02
[chk] L4 e234 hit  rel 2.028e-02
[chk] L4 e184 hit  rel 1.985e-02
[chk] L4 e255 pcie rel 1.879e-02
[chk] L5 e14 hit  rel 2.377e-02
[chk] L5 e42 hit  rel 1.911e-02
[chk] L5 e168 pcie rel 1.861e-02
[chk] L5 e43 hit  rel 2.291e-02
[chk] L5 e79 hit  rel 1.956e-02
[chk] L6 e85 hit  rel 2.185e-02
[chk] L6 e55 hit  rel 2.279e-02
[chk] L6 e19 hit  rel 2.310e-02
[chk] L6 e218 hit  rel 2.396e-02
[chk] L6 e201 hit  rel 1.937e-02
[chk] L7 e170 hit  rel 2.522e-02
[chk] L7 e212 pcie rel 2.789e-02
[chk] L7 e160 hit  rel 1.990e-02
[chk] L7 e154 hit  rel 2.272e-02
[chk] L7 e235 pcie rel 2.073e-02
[chk] L8 e168 hit  rel 2.543e-02
[chk] L8 e106 hit  rel 2.221e-02
[chk] L8 e239 hit  rel 2.174e-02
[chk] L8 e147 hit  rel 1.805e-02
[chk] L8 e82 hit  rel 2.055e-02
[chk] L9 e186 hit  rel 2.091e-02
[chk] L9 e149 hit  rel 2.249e-02
[chk] L9 e40 pcie rel 1.968e-02
[chk] L9 e1 pcie rel 2.425e-02
[chk] L10 e156 hit  rel 2.383e-02
[chk] L10 e67 hit  rel 1.998e-02
[chk] L10 e171 pcie rel 1.859e-02
[chk] L10 e244 pcie rel 1.995e-02
[chk] L11 e238 hit  rel 1.954e-02
[chk] L11 e7 hit  rel 2.663e-02
[chk] L11 e151 pcie rel 2.638e-02
[chk] L11 e134 pcie rel 2.168e-02
[chk] L12 e229 hit  rel 2.738e-02
[chk] L12 e127 hit  rel 2.319e-02
[chk] L12 e199 hit  rel 2.538e-02
[chk] L12 e235 pcie rel 1.807e-02
[chk] L12 e131 hit  rel 2.011e-02
[chk] L12 e236 hit  rel 2.372e-02
[chk] L13 e93 hit  rel 2.157e-02
[chk] L13 e122 hit  rel 2.159e-02
[chk] L13 e61 hit  rel 2.195e-02
[chk] L13 e25 pcie rel 2.185e-02
[chk] L14 e21 hit  rel 2.360e-02
[chk] L14 e56 hit  rel 2.494e-02
[chk] L14 e227 hit  rel 2.008e-02
[chk] L14 e134 hit  rel 1.810e-02
[chk] L14 e132 hit  rel 2.255e-02
[chk] L14 e144 pcie rel 1.726e-02
[chk] L15 e53 hit  rel 1.852e-02
[chk] L15 e217 hit  rel 1.928e-02
[chk] L15 e157 pcie rel 1.877e-02
[chk] L15 e188 hit  rel 1.995e-02
[chk] L16 e185 hit  rel 1.847e-02
[chk] L16 e12 hit  rel 2.094e-02
[chk] L16 e3 pcie rel 2.101e-02
[chk] L16 e13 pcie rel 1.795e-02
[chk] L16 e239 hit  rel 1.717e-02
[chk] L17 e186 hit  rel 1.815e-02
[chk] L17 e26 hit  rel 1.919e-02
[chk] L17 e223 pcie rel 2.075e-02
[chk] L17 e196 pcie rel 1.826e-02
[chk] L18 e254 hit  rel 2.139e-02
[chk] L18 e91 pcie rel 2.305e-02
[chk] L18 e129 pcie rel 1.771e-02
[chk] L19 e90 pcie rel 2.143e-02
[chk] L19 e151 hit  rel 1.729e-02
[chk] L19 e68 hit  rel 1.933e-02
[chk] L19 e249 hit  rel 1.934e-02
[chk] L20 e97 hit  rel 1.960e-02
[chk] L20 e39 hit  rel 2.077e-02
[chk] L20 e104 hit  rel 2.075e-02
[chk] L20 e241 hit  rel 1.882e-02
[chk] L20 e207 hit  rel 2.180e-02
[chk] L21 e168 pcie rel 2.295e-02
[chk] L21 e79 pcie rel 2.127e-02
[chk] L21 e54 pcie rel 1.829e-02
[chk] L21 e59 hit  rel 2.031e-02
[chk] L22 e189 hit  rel 1.799e-02
[chk] L22 e119 pcie rel 1.961e-02
[chk] L22 e252 pcie rel 2.260e-02
[chk] L23 e56 hit  rel 2.014e-02
[chk] L23 e152 hit  rel 1.942e-02
[chk] L23 e134 hit  rel 2.128e-02
[chk] L23 e54 hit  rel 1.931e-02
[chk] L23 e240 hit  rel 1.964e-02
[chk] L23 e97 pcie rel 1.969e-02
[chk] L24 e236 hit  rel 1.937e-02
[chk] L24 e107 hit  rel 2.068e-02
[chk] L24 e176 hit  rel 2.034e-02
[chk] L24 e186 hit  rel 2.005e-02
[chk] L24 e151 hit  rel 2.009e-02
[chk] L25 e249 hit  rel 1.922e-02
[chk] L25 e241 hit  rel 2.104e-02
[chk] L25 e34 pcie rel 1.958e-02
[chk] L25 e23 pcie rel 2.039e-02
[chk] L26 e67 hit  rel 2.039e-02
[chk] L26 e29 hit  rel 2.383e-02
[chk] L26 e162 hit  rel 2.139e-02
[chk] L26 e209 hit  rel 2.017e-02
[chk] L26 e88 hit  rel 1.935e-02
[chk] L26 e188 pcie rel 1.937e-02
[chk] L27 e85 hit  rel 2.159e-02
[chk] L27 e150 pcie rel 2.064e-02
[chk] L27 e140 hit  rel 2.163e-02
[chk] L27 e2 pcie rel 2.148e-02
[chk] L28 e243 hit  rel 1.998e-02
[chk] L28 e18 hit  rel 1.952e-02
[chk] L28 e209 hit  rel 2.128e-02
[chk] L28 e25 pcie rel 1.968e-02
[chk] L29 e244 pcie rel 2.283e-02
[chk] L29 e231 hit  rel 1.969e-02
[chk] L29 e43 pcie rel 2.330e-02
[chk] L29 e236 hit  rel 2.382e-02
[chk] L29 e240 hit  rel 1.946e-02
[chk] L30 e87 pcie rel 2.168e-02
[chk] L30 e193 pcie rel 2.225e-02
[chk] L30 e14 pcie rel 2.271e-02
[chk] L31 e174 hit  rel 1.935e-02
[chk] L31 e27 hit  rel 2.095e-02
[chk] L31 e153 hit  rel 2.070e-02
[chk] L31 e185 hit  rel 2.041e-02
[chk] L31 e12 pcie rel 2.044e-02
[chk] L32 e122 hit  rel 2.014e-02
[chk] L32 e214 pcie rel 2.112e-02
[chk] L32 e227 hit  rel 2.441e-02
[chk] L32 e155 hit  rel 1.972e-02
[chk] L32 e131 hit  rel 2.342e-02
[chk] L33 e113 hit  rel 2.354e-02
[chk] L33 e212 hit  rel 2.115e-02
[chk] L33 e194 pcie rel 2.344e-02
[chk] L33 e74 pcie rel 2.192e-02
[chk] L34 e158 hit  rel 2.420e-02
[chk] L34 e77 pcie rel 2.053e-02
[chk] L34 e216 pcie rel 2.048e-02
[chk] L34 e113 hit  rel 2.191e-02
[chk] L35 e121 pcie rel 2.139e-02
[chk] L35 e80 hit  rel 2.323e-02
[chk] L35 e142 hit  rel 2.099e-02
[chk] L35 e186 pcie rel 1.965e-02
[chk] L36 e20 hit  rel 2.264e-02
[chk] L36 e130 hit  rel 2.132e-02
[chk] L36 e182 hit  rel 1.946e-02
[chk] L36 e137 pcie rel 2.098e-02
[chk] L37 e44 pcie rel 2.045e-02
[chk] L37 e63 hit  rel 2.134e-02
[chk] L37 e38 hit  rel 1.926e-02
[chk] L37 e252 pcie rel 2.081e-02
[chk] L37 e99 hit  rel 2.055e-02
[chk] L38 e11 hit  rel 2.324e-02
[chk] L38 e72 hit  rel 2.300e-02
[chk] L38 e123 hit  rel 2.436e-02
[chk] L38 e177 hit  rel 2.388e-02
[chk] L38 e199 pcie rel 2.050e-02
[chk] L39 e135 hit  rel 2.138e-02
[chk] L39 e54 hit  rel 2.301e-02
[chk] L39 e240 pcie rel 2.320e-02
[chk] L39 e150 hit  rel 1.837e-02
[chk] L40 e26 hit  rel 2.128e-02
[chk] L40 e75 pcie rel 2.519e-02
[chk] L40 e37 pcie rel 1.921e-02
[chk] L40 e133 hit  rel 2.200e-02
[chk] L41 e47 hit  rel 2.669e-02
[chk] L41 e45 pcie rel 2.330e-02
[chk] L41 e121 pcie rel 2.038e-02
[chk] L41 e206 pcie rel 2.378e-02
[chk] L42 e141 hit  rel 1.861e-02
[chk] L42 e189 hit  rel 2.629e-02
[chk] L42 e154 hit  rel 2.752e-02
[chk] L42 e39 pcie rel 2.609e-02
[chk] L0 e19 pcie rel 2.060e-02
[chk] L0 e69 pcie rel 2.051e-02
[chk] L0 e18 pcie rel 2.566e-02
[chk] L1 e184 pcie rel 1.992e-02
[chk] L1 e51 hit  rel 1.992e-02
[chk] L1 e178 hit  rel 2.532e-02
[chk] L1 e220 pcie rel 2.212e-02
[chk] L2 e225 pcie rel 2.481e-02
[chk] L2 e45 pcie rel 2.435e-02
[chk] L2 e142 pcie rel 2.667e-02
[chk] L2 e84 hit  rel 1.952e-02
[chk] L3 e9 hit  rel 2.223e-02
[chk] L3 e82 pcie rel 1.755e-02
[chk] L3 e64 hit  rel 1.998e-02
[chk] L3 e217 hit  rel 2.146e-02
[chk] L3 e160 hit  rel 2.135e-02
[chk] L4 e234 hit  rel 1.959e-02
[chk] L4 e183 hit  rel 2.370e-02
[chk] L4 e141 pcie rel 2.247e-02
[chk] L4 e51 hit  rel 2.021e-02
[chk] L4 e97 hit  rel 1.835e-02
[chk] L5 e79 hit  rel 2.147e-02
[chk] L5 e126 pcie rel 2.453e-02
[chk] L5 e50 pcie rel 1.920e-02
[chk] L6 e74 hit  rel 2.316e-02
[chk] L6 e233 hit  rel 1.801e-02
[chk] L6 e16 hit  rel 1.886e-02
[chk] L6 e203 hit  rel 2.062e-02
[chk] L6 e155 pcie rel 1.964e-02
[chk] L7 e125 pcie rel 1.941e-02
[chk] L7 e93 hit  rel 2.343e-02
[chk] L7 e122 hit  rel 1.913e-02
[chk] L7 e214 hit  rel 2.387e-02
[chk] L7 e238 pcie rel 2.187e-02
[chk] L8 e169 hit  rel 2.046e-02
[chk] L8 e192 hit  rel 2.205e-02
[chk] L8 e47 pcie rel 2.142e-02
[chk] L8 e159 pcie rel 1.926e-02
[chk] L9 e28 hit  rel 1.860e-02
[chk] L9 e73 pcie rel 2.268e-02
[chk] L9 e74 hit  rel 1.917e-02
[chk] L9 e169 pcie rel 2.169e-02
[chk] L10 e11 hit  rel 2.119e-02
[chk] L10 e15 hit  rel 2.084e-02
[chk] L10 e249 pcie rel 2.131e-02
[chk] L10 e90 pcie rel 1.752e-02
[chk] L11 e242 hit  rel 2.189e-02
[chk] L11 e15 hit  rel 2.209e-02
[chk] L11 e7 hit  rel 2.261e-02
[chk] L11 e159 pcie rel 2.097e-02
[chk] L12 e236 hit  rel 1.991e-02
[chk] L12 e229 hit  rel 2.506e-02
[chk] L12 e241 hit  rel 1.897e-02
[chk] L12 e127 hit  rel 2.492e-02
[chk] L12 e233 pcie rel 2.219e-02
[chk] L13 e93 hit  rel 2.300e-02
[chk] L13 e61 hit  rel 1.731e-02
[chk] L13 e246 pcie rel 1.738e-02
[chk] L13 e189 pcie rel 1.832e-02
[chk] L14 e21 hit  rel 2.348e-02
[chk] L14 e169 hit  rel 2.293e-02
[chk] L14 e56 hit  rel 2.255e-02
[chk] L14 e144 pcie rel 1.752e-02
[chk] L14 e20 pcie rel 2.009e-02
[chk] L15 e28 hit  rel 1.878e-02
[chk] L15 e53 hit  rel 1.832e-02
[chk] L15 e43 hit  rel 2.087e-02
[chk] L15 e188 hit  rel 1.867e-02
[chk] L16 e46 pcie rel 1.937e-02
[chk] L16 e185 hit  rel 2.108e-02
[chk] L16 e12 hit  rel 1.832e-02
[chk] L16 e84 pcie rel 1.747e-02
[chk] L17 e172 hit  rel 1.855e-02
[chk] L17 e239 hit  rel 1.966e-02
[chk] L17 e186 hit  rel 1.921e-02
[chk] L17 e42 pcie rel 2.048e-02
[chk] L18 e254 hit  rel 1.829e-02
[chk] L18 e183 pcie rel 2.040e-02
[chk] L18 e23 pcie rel 1.793e-02
[chk] L18 e169 pcie rel 2.076e-02
[chk] L19 e84 hit  rel 2.038e-02
[chk] L19 e107 pcie rel 2.123e-02
[chk] L20 e39 hit  rel 1.909e-02
[chk] L20 e83 hit  rel 1.892e-02
[chk] L20 e203 hit  rel 2.080e-02
[chk] L20 e3 hit  rel 2.135e-02
[chk] L20 e227 hit  rel 2.064e-02
[chk] L21 e161 hit  rel 2.266e-02
[chk] L21 e204 hit  rel 2.493e-02
[chk] L21 e56 pcie rel 2.171e-02
[chk] L21 e250 hit  rel 2.274e-02
[chk] L21 e26 hit  rel 2.057e-02
[chk] L21 e165 hit  rel 2.157e-02
[chk] L22 e223 hit  rel 1.964e-02
[chk] L22 e189 hit  rel 2.057e-02
[chk] L22 e150 pcie rel 2.178e-02
[chk] L22 e210 hit  rel 2.011e-02
[chk] L23 e152 hit  rel 2.036e-02
[chk] L23 e134 hit  rel 2.025e-02
[chk] L23 e151 hit  rel 1.970e-02
[chk] L23 e97 pcie rel 2.073e-02
[chk] L23 e147 pcie rel 2.064e-02
[chk] L24 e236 hit  rel 2.064e-02
[chk] L24 e186 hit  rel 1.940e-02
[chk] L24 e176 hit  rel 1.948e-02
[chk] L24 e107 hit  rel 2.042e-02
[chk] L24 e155 pcie rel 2.040e-02
[chk] L25 e249 hit  rel 2.104e-02
[chk] L25 e43 hit  rel 1.923e-02
[chk] L25 e176 hit  rel 1.928e-02
[chk] L25 e234 pcie rel 1.967e-02
[chk] L26 e29 hit  rel 2.128e-02
[chk] L26 e209 hit  rel 1.991e-02
[chk] L26 e162 hit  rel 1.974e-02
[chk] L26 e88 hit  rel 2.023e-02
[chk] L26 e115 pcie rel 1.899e-02
[chk] L27 e140 hit  rel 2.096e-02
[chk] L27 e67 hit  rel 2.160e-02
[chk] L27 e85 hit  rel 2.249e-02
[chk] L27 e122 pcie rel 2.108e-02
[chk] L27 e234 pcie rel 2.048e-02
[chk] L28 e243 hit  rel 2.104e-02
[chk] L28 e18 hit  rel 2.099e-02
[chk] L28 e209 hit  rel 1.899e-02
[chk] L28 e126 hit  rel 2.036e-02
[chk] L28 e25 pcie rel 2.009e-02
[chk] L29 e231 hit  rel 1.912e-02
[chk] L29 e251 hit  rel 2.015e-02
[chk] L29 e184 hit  rel 2.077e-02
[chk] L29 e248 pcie rel 2.029e-02
[chk] L30 e114 pcie rel 1.931e-02
[chk] L30 e164 hit  rel 1.958e-02
[chk] L30 e87 pcie rel 2.258e-02
[chk] L30 e38 pcie rel 2.137e-02
[chk] L31 e143 hit  rel 2.009e-02
[chk] L31 e174 hit  rel 2.105e-02
[chk] L31 e27 hit  rel 2.125e-02
[chk] L31 e103 hit  rel 2.203e-02
[chk] L31 e170 pcie rel 2.069e-02
[chk] L32 e80 pcie rel 2.081e-02
[chk] L32 e164 hit  rel 2.232e-02
[chk] L32 e227 hit  rel 2.036e-02
[chk] L32 e122 hit  rel 2.201e-02
[chk] L33 e212 hit  rel 2.016e-02
[chk] L33 e19 pcie rel 1.949e-02
[chk] L33 e194 pcie rel 2.319e-02
[chk] L33 e167 hit  rel 2.311e-02
[chk] L33 e247 hit  rel 2.163e-02
[chk] L34 e158 hit  rel 2.210e-02
[chk] L34 e113 hit  rel 2.034e-02
[chk] L34 e31 pcie rel 1.989e-02
[chk] L34 e172 hit  rel 1.939e-02
[chk] L35 e142 hit  rel 2.218e-02
[chk] L35 e121 pcie rel 2.244e-02
[chk] L35 e239 hit  rel 2.046e-02
[chk] L35 e125 pcie rel 2.202e-02
[chk] L36 e41 hit  rel 2.178e-02
[chk] L36 e130 hit  rel 2.466e-02
[chk] L36 e20 hit  rel 2.064e-02
[chk] L36 e234 hit  rel 2.090e-02
[chk] L36 e74 pcie rel 2.074e-02
[chk] L37 e250 hit  rel 2.402e-02
[chk] L37 e44 pcie rel 2.388e-02
[chk] L37 e99 hit  rel 2.104e-02
[chk] L37 e100 hit  rel 2.141e-02
[chk] L37 e109 pcie rel 1.964e-02
[chk] L38 e11 hit  rel 2.264e-02
[chk] L38 e123 hit  rel 2.291e-02
[chk] L38 e63 hit  rel 2.241e-02
[chk] L38 e10 hit  rel 2.228e-02
[chk] L39 e35 pcie rel 2.153e-02
[chk] L39 e54 hit  rel 2.282e-02
[chk] L39 e180 hit  rel 1.954e-02
[chk] L39 e40 pcie rel 1.949e-02
[chk] L39 e210 hit  rel 2.225e-02
[chk] L40 e133 hit  rel 2.124e-02
[chk] L40 e86 hit  rel 2.075e-02
[chk] L40 e26 hit  rel 1.939e-02
[chk] L40 e94 pcie rel 2.367e-02
[chk] L41 e51 hit  rel 2.037e-02
[chk] L41 e121 pcie rel 2.128e-02
[chk] L41 e128 pcie rel 2.146e-02
[chk] L41 e75 pcie rel 1.788e-02
[chk] L42 e94 hit  rel 2.027e-02
[chk] L42 e120 hit  rel 2.624e-02
[chk] L42 e141 hit  rel 2.150e-02
[chk] L42 e38 hit  rel 2.147e-02
[chk] L42 e9 hit  rel 1.888e-02
[chk] L0 e127 pcie rel 2.705e-02
[chk] L0 e238 pcie rel 2.860e-02
[chk] L0 e198 pcie rel 2.552e-02
[chk] L1 e104 pcie rel 1.923e-02
[chk] L1 e59 pcie rel 2.270e-02
[chk] L1 e26 pcie rel 2.124e-02
[chk] L2 e194 pcie rel 2.030e-02
[chk] L2 e53 hit  rel 1.923e-02
[chk] L2 e193 pcie rel 2.019e-02
[chk] L2 e205 pcie rel 2.047e-02
[chk] L3 e240 hit  rel 1.707e-02
[chk] L3 e64 hit  rel 2.455e-02
[chk] L3 e217 hit  rel 2.812e-02
[chk] L3 e233 pcie rel 1.959e-02
[chk] L3 e9 hit  rel 2.212e-02
[chk] L4 e97 hit  rel 2.020e-02
[chk] L4 e51 hit  rel 2.012e-02
[chk] L4 e183 hit  rel 2.342e-02
[chk] L4 e184 hit  rel 1.948e-02
[chk] L4 e63 pcie rel 2.074e-02
[chk] L5 e79 hit  rel 1.876e-02
[chk] L5 e110 hit  rel 2.507e-02
[chk] L5 e108 pcie rel 2.120e-02
[chk] L5 e126 pcie rel 2.387e-02
[chk] L6 e74 hit  rel 1.995e-02
[chk] L6 e38 hit  rel 2.097e-02
[chk] L6 e166 hit  rel 2.163e-02
[chk] L6 e233 hit  rel 2.250e-02
[chk] L6 e16 hit  rel 2.325e-02
[chk] L7 e122 hit  rel 2.249e-02
[chk] L7 e93 hit  rel 2.582e-02
[chk] L7 e214 hit  rel 2.072e-02
[chk] L7 e160 hit  rel 1.987e-02
[chk] L7 e213 pcie rel 2.187e-02
[chk] L8 e141 hit  rel 1.971e-02
[chk] L8 e215 hit  rel 2.027e-02
[chk] L8 e84 pcie rel 1.756e-02
[chk] L8 e16 pcie rel 2.286e-02
[chk] L9 e28 hit  rel 1.916e-02
[chk] L9 e11 pcie rel 2.043e-02
[chk] L9 e118 pcie rel 1.866e-02
[chk] L9 e17 pcie rel 1.973e-02
[chk] L10 e11 hit  rel 2.262e-02
[chk] L10 e161 hit  rel 2.051e-02
[chk] L10 e90 pcie rel 1.942e-02
[chk] L10 e66 hit  rel 2.354e-02
[chk] L11 e0 pcie rel 2.383e-02
[chk] L11 e226 hit  rel 2.060e-02
[chk] L11 e122 hit  rel 2.000e-02
[chk] L11 e155 pcie rel 2.124e-02
[chk] L12 e185 pcie rel 2.141e-02
[chk] L12 e127 hit  rel 2.385e-02
[chk] L12 e17 hit  rel 2.148e-02
[chk] L12 e241 hit  rel 1.968e-02
[chk] L12 e236 hit  rel 1.854e-02
[chk] L12 e19 hit  rel 2.014e-02
[chk] L13 e191 hit  rel 2.090e-02
[chk] L13 e98 hit  rel 2.251e-02
[chk] L13 e252 hit  rel 1.996e-02
[chk] L13 e61 hit  rel 1.807e-02
[chk] L13 e198 hit  rel 2.070e-02
[chk] L14 e242 hit  rel 2.020e-02
[chk] L14 e169 hit  rel 1.944e-02
[chk] L14 e197 hit  rel 2.341e-02
[chk] L14 e59 pcie rel 1.903e-02
[chk] L14 e173 pcie rel 1.989e-02
[chk] L15 e39 hit  rel 2.123e-02
[chk] L15 e53 hit  rel 2.008e-02
[chk] L15 e207 hit  rel 2.029e-02
[chk] L15 e71 hit  rel 2.057e-02
[chk] L15 e9 hit  rel 2.099e-02
[chk] L15 e188 hit  rel 1.872e-02
[chk] L16 e31 hit  rel 2.241e-02
[chk] L16 e82 hit  rel 1.875e-02
[chk] L16 e12 hit  rel 2.132e-02
[chk] L16 e179 pcie rel 1.983e-02
[chk] L17 e172 hit  rel 1.871e-02
[chk] L17 e5 hit  rel 2.037e-02
[chk] L17 e231 pcie rel 2.122e-02
[chk] L17 e25 hit  rel 1.842e-02
[chk] L17 e61 hit  rel 2.017e-02
[chk] L18 e5 hit  rel 1.935e-02
[chk] L18 e129 pcie rel 1.862e-02
[chk] L18 e150 hit  rel 1.928e-02
[chk] L18 e143 pcie rel 1.852e-02
[chk] L19 e126 pcie rel 1.952e-02
[chk] L19 e60 hit  rel 2.037e-02
[chk] L19 e84 hit  rel 1.954e-02
[chk] L19 e114 pcie rel 1.911e-02
[chk] L20 e39 hit  rel 2.050e-02
[chk] L20 e203 hit  rel 1.933e-02
[chk] L20 e83 hit  rel 1.861e-02
[chk] L20 e1 pcie rel 2.116e-02
[chk] L21 e49 hit  rel 1.955e-02
[chk] L21 e250 hit  rel 2.328e-02
[chk] L21 e36 pcie rel 1.925e-02
[chk] L21 e59 hit  rel 2.136e-02
[chk] L21 e26 hit  rel 2.365e-02
[chk] L22 e63 pcie rel 1.926e-02
[chk] L22 e223 hit  rel 2.022e-02
[chk] L22 e210 hit  rel 2.014e-02
[chk] L22 e26 hit  rel 2.020e-02
[chk] L23 e152 hit  rel 2.141e-02
[chk] L23 e151 hit  rel 2.005e-02
[chk] L23 e165 hit  rel 2.400e-02
[chk] L23 e134 hit  rel 2.274e-02
[chk] L23 e227 pcie rel 2.162e-02
[chk] L24 e236 hit  rel 2.029e-02
[chk] L24 e36 hit  rel 2.144e-02
[chk] L24 e176 hit  rel 2.085e-02
[chk] L24 e107 hit  rel 2.153e-02
[chk] L24 e186 hit  rel 2.322e-02
[chk] L25 e249 hit  rel 2.140e-02
[chk] L25 e176 hit  rel 2.148e-02
[chk] L25 e16 pcie rel 2.076e-02
[chk] L25 e43 hit  rel 2.257e-02
[chk] L25 e53 hit  rel 1.982e-02
[chk] L26 e29 hit  rel 1.997e-02
[chk] L26 e162 hit  rel 2.378e-02
[chk] L26 e88 hit  rel 2.003e-02
[chk] L26 e202 hit  rel 2.240e-02
[chk] L26 e209 hit  rel 1.875e-02
[chk] L26 e253 hit  rel 1.682e-02
[chk] L27 e170 pcie rel 2.167e-02
[chk] L27 e136 pcie rel 2.025e-02
[chk] L27 e67 hit  rel 2.406e-02
[chk] L27 e133 hit  rel 2.015e-02
[chk] L28 e243 hit  rel 1.873e-02
[chk] L28 e18 hit  rel 2.165e-02
[chk] L28 e126 hit  rel 1.961e-02
[chk] L28 e148 pcie rel 2.023e-02
[chk] L28 e188 pcie rel 2.157e-02
[chk] L29 e231 hit  rel 2.398e-02
[chk] L29 e251 hit  rel 2.575e-02
[chk] L29 e184 hit  rel 2.115e-02
[chk] L29 e82 pcie rel 2.439e-02
[chk] L30 e207 hit  rel 2.117e-02
[chk] L30 e178 pcie rel 1.900e-02
[chk] L30 e164 hit  rel 2.049e-02
[chk] L30 e114 pcie rel 2.084e-02
[chk] L31 e143 hit  rel 2.202e-02
[chk] L31 e70 pcie rel 1.935e-02
[chk] L31 e65 hit  rel 2.112e-02
[chk] L31 e238 hit  rel 1.885e-02
[chk] L31 e189 hit  rel 2.105e-02
[chk] L32 e164 hit  rel 1.948e-02
[chk] L32 e122 hit  rel 2.263e-02
[chk] L32 e214 pcie rel 2.136e-02
[chk] L32 e136 hit  rel 1.770e-02
[chk] L32 e243 pcie rel 2.146e-02
[chk] L33 e212 hit  rel 2.160e-02
[chk] L33 e247 hit  rel 2.190e-02
[chk] L33 e147 hit  rel 1.736e-02
[chk] L33 e54 pcie rel 2.176e-02
[chk] L34 e113 hit  rel 2.105e-02
[chk] L34 e158 hit  rel 2.708e-02
[chk] L34 e136 hit  rel 1.966e-02
[chk] L34 e31 pcie rel 2.267e-02
[chk] L34 e25 pcie rel 2.083e-02
[chk] L35 e142 hit  rel 2.461e-02
[chk] L35 e239 hit  rel 1.977e-02
[chk] L35 e132 hit  rel 1.885e-02
[chk] L35 e38 pcie rel 2.020e-02
[chk] L36 e41 hit  rel 2.170e-02
[chk] L36 e20 hit  rel 2.543e-02
[chk] L36 e199 hit  rel 2.363e-02
[chk] L36 e130 hit  rel 2.012e-02
[chk] L36 e111 pcie rel 2.089e-02
[chk] L37 e100 hit  rel 2.528e-02
[chk] L37 e234 pcie rel 2.326e-02
[chk] L37 e76 hit  rel 2.184e-02
[chk] L37 e56 hit  rel 1.928e-02
[chk] L37 e69 hit  rel 1.899e-02
[chk] L38 e11 hit  rel 2.261e-02
[chk] L38 e63 hit  rel 2.247e-02
[chk] L38 e16 hit  rel 2.104e-02
[chk] L38 e123 hit  rel 2.280e-02
[chk] L38 e47 hit  rel 1.436e-02
[chk] L38 e216 hit  rel 2.521e-02
[chk] L39 e54 hit  rel 2.042e-02
[chk] L39 e182 hit  rel 1.822e-02
[chk] L39 e180 hit  rel 1.900e-02
[chk] L39 e221 hit  rel 2.811e-02
[chk] L39 e248 pcie rel 2.332e-02
[chk] L40 e133 hit  rel 2.175e-02
[chk] L40 e220 pcie rel 2.380e-02
[chk] L40 e107 pcie rel 2.842e-02
[chk] L40 e145 hit  rel 1.721e-02
[chk] L41 e51 hit  rel 2.040e-02
[chk] L41 e3 hit  rel 1.940e-02
[chk] L41 e232 pcie rel 2.209e-02
[chk] L41 e49 pcie rel 2.263e-02
[chk] L42 e9 hit  rel 1.961e-02
[chk] L42 e145 hit  rel 1.629e-02
[chk] L42 e94 hit  rel 2.276e-02
[chk] L42 e96 hit  rel 2.396e-02
[chk] L42 e64 pcie rel 2.514e-02

prefill: 75 tokens in 15.44 s = 4.86 tok/s (decode-loop prefill)
decode : 1 tokens, 1 forward passes in 0.00 s = 1003.33 tok/s
experts/token: hit 0.0% (prefetched-useful 0.0/token of 0.0 issued), cpu 0.0%, pcie 0.0%, file tier 0
decode ms/token: predict+prefetch 0.00, attention+router 0.00, experts 0.00, finish 0.00, head 0.91
